{
"type": "FeatureCollection",
"name": "dott_station_information_20260408T113421Z",
"crs": { "type": "name", "properties": { "name": "urn:ogc:def:crs:OGC:1.3:CRS84" } },
"features": [
{ "type": "Feature", "properties": { "name": "220129", "dott_bicycle_capacity": 10.0, "dott_scooter_capacity": 10.0, "dott_total_capacity": 20.0 }, "geometry": { "type": "Point", "coordinates": [ -2.4324211, 51.5410453 ] } },
{ "type": "Feature", "properties": { "name": "200135", "dott_bicycle_capacity": null, "dott_scooter_capacity": 15.0, "dott_total_capacity": 15.0 }, "geometry": { "type": "Point", "coordinates": [ -2.5326643, 51.5273702 ] } },
{ "type": "Feature", "properties": { "name": "300050", "dott_bicycle_capacity": 6.0, "dott_scooter_capacity": 6.0, "dott_total_capacity": 12.0 }, "geometry": { "type": "Point", "coordinates": [ -2.617503, 51.418595 ] } },
{ "type": "Feature", "properties": { "name": "300585", "dott_bicycle_capacity": 7.0, "dott_scooter_capacity": 7.0, "dott_total_capacity": 14.0 }, "geometry": { "type": "Point", "coordinates": [ -2.5341318, 51.46826 ] } },
{ "type": "Feature", "properties": { "name": "200095", "dott_bicycle_capacity": 10.0, "dott_scooter_capacity": 10.0, "dott_total_capacity": 20.0 }, "geometry": { "type": "Point", "coordinates": [ -2.5793987, 51.5012871 ] } },
{ "type": "Feature", "properties": { "name": "310317", "dott_bicycle_capacity": 6.0, "dott_scooter_capacity": 6.0, "dott_total_capacity": 12.0 }, "geometry": { "type": "Point", "coordinates": [ -2.581946, 51.404449 ] } },
{ "type": "Feature", "properties": { "name": "310293", "dott_bicycle_capacity": null, "dott_scooter_capacity": 5.0, "dott_total_capacity": 5.0 }, "geometry": { "type": "Point", "coordinates": [ -2.512929, 51.476687 ] } },
{ "type": "Feature", "properties": { "name": "200129", "dott_bicycle_capacity": null, "dott_scooter_capacity": 5.0, "dott_total_capacity": 5.0 }, "geometry": { "type": "Point", "coordinates": [ -2.549899, 51.5243672 ] } },
{ "type": "Feature", "properties": { "name": "300486", "dott_bicycle_capacity": 6.0, "dott_scooter_capacity": 6.0, "dott_total_capacity": 12.0 }, "geometry": { "type": "Point", "coordinates": [ -2.5893821, 51.4471605 ] } },
{ "type": "Feature", "properties": { "name": "200012", "dott_bicycle_capacity": null, "dott_scooter_capacity": 10.0, "dott_total_capacity": 10.0 }, "geometry": { "type": "Point", "coordinates": [ -2.4901283, 51.4696359 ] } },
{ "type": "Feature", "properties": { "name": "300032", "dott_bicycle_capacity": 12.0, "dott_scooter_capacity": 12.0, "dott_total_capacity": 24.0 }, "geometry": { "type": "Point", "coordinates": [ -2.5882163, 51.4597037 ] } },
{ "type": "Feature", "properties": { "name": "210072", "dott_bicycle_capacity": 0.0, "dott_scooter_capacity": 0.0, "dott_total_capacity": 0.0 }, "geometry": { "type": "Point", "coordinates": [ -2.5711947, 51.5416719 ] } },
{ "type": "Feature", "properties": { "name": "220109", "dott_bicycle_capacity": null, "dott_scooter_capacity": 6.0, "dott_total_capacity": 6.0 }, "geometry": { "type": "Point", "coordinates": [ -2.4302496, 51.5283101 ] } },
{ "type": "Feature", "properties": { "name": "200048", "dott_bicycle_capacity": 20.0, "dott_scooter_capacity": 20.0, "dott_total_capacity": 40.0 }, "geometry": { "type": "Point", "coordinates": [ -2.4878196, 51.4945765 ] } },
{ "type": "Feature", "properties": { "name": "300261", "dott_bicycle_capacity": 5.0, "dott_scooter_capacity": 5.0, "dott_total_capacity": 10.0 }, "geometry": { "type": "Point", "coordinates": [ -2.578909, 51.434419 ] } },
{ "type": "Feature", "properties": { "name": "210105", "dott_bicycle_capacity": 12.0, "dott_scooter_capacity": 12.0, "dott_total_capacity": 24.0 }, "geometry": { "type": "Point", "coordinates": [ -2.4940516, 51.4720472 ] } },
{ "type": "Feature", "properties": { "name": "220022", "dott_bicycle_capacity": 8.0, "dott_scooter_capacity": 8.0, "dott_total_capacity": 16.0 }, "geometry": { "type": "Point", "coordinates": [ -2.46317, 51.45773 ] } },
{ "type": "Feature", "properties": { "name": "210020", "dott_bicycle_capacity": 12.0, "dott_scooter_capacity": 12.0, "dott_total_capacity": 24.0 }, "geometry": { "type": "Point", "coordinates": [ -2.4996508, 51.5004531 ] } },
{ "type": "Feature", "properties": { "name": "300210", "dott_bicycle_capacity": 0.0, "dott_scooter_capacity": 0.0, "dott_total_capacity": 0.0 }, "geometry": { "type": "Point", "coordinates": [ -2.5994189, 51.4984963 ] } },
{ "type": "Feature", "properties": { "name": "310513", "dott_bicycle_capacity": 23.0, "dott_scooter_capacity": 23.0, "dott_total_capacity": 46.0 }, "geometry": { "type": "Point", "coordinates": [ -2.585453, 51.464163 ] } },
{ "type": "Feature", "properties": { "name": "300770", "dott_bicycle_capacity": 8.0, "dott_scooter_capacity": 8.0, "dott_total_capacity": 16.0 }, "geometry": { "type": "Point", "coordinates": [ -2.6222766, 51.4087475 ] } },
{ "type": "Feature", "properties": { "name": "300734", "dott_bicycle_capacity": null, "dott_scooter_capacity": 5.0, "dott_total_capacity": 5.0 }, "geometry": { "type": "Point", "coordinates": [ -2.6064705, 51.4835288 ] } },
{ "type": "Feature", "properties": { "name": "300174", "dott_bicycle_capacity": 4.0, "dott_scooter_capacity": 4.0, "dott_total_capacity": 8.0 }, "geometry": { "type": "Point", "coordinates": [ -2.626986, 51.5141023 ] } },
{ "type": "Feature", "properties": { "name": "210144", "dott_bicycle_capacity": 20.0, "dott_scooter_capacity": 20.0, "dott_total_capacity": 40.0 }, "geometry": { "type": "Point", "coordinates": [ -2.5502072, 51.499469 ] } },
{ "type": "Feature", "properties": { "name": "310186", "dott_bicycle_capacity": 10.0, "dott_scooter_capacity": 10.0, "dott_total_capacity": 20.0 }, "geometry": { "type": "Point", "coordinates": [ -2.5698928, 51.448021 ] } },
{ "type": "Feature", "properties": { "name": "200272", "dott_bicycle_capacity": 20.0, "dott_scooter_capacity": 20.0, "dott_total_capacity": 40.0 }, "geometry": { "type": "Point", "coordinates": [ -2.512865, 51.447983 ] } },
{ "type": "Feature", "properties": { "name": "300267", "dott_bicycle_capacity": 8.0, "dott_scooter_capacity": 8.0, "dott_total_capacity": 16.0 }, "geometry": { "type": "Point", "coordinates": [ -2.575165, 51.4382467 ] } },
{ "type": "Feature", "properties": { "name": "200040", "dott_bicycle_capacity": 8.0, "dott_scooter_capacity": 8.0, "dott_total_capacity": 16.0 }, "geometry": { "type": "Point", "coordinates": [ -2.5081972, 51.4751017 ] } },
{ "type": "Feature", "properties": { "name": "300322", "dott_bicycle_capacity": null, "dott_scooter_capacity": 7.0, "dott_total_capacity": 7.0 }, "geometry": { "type": "Point", "coordinates": [ -2.572024, 51.4383229 ] } },
{ "type": "Feature", "properties": { "name": "310401", "dott_bicycle_capacity": null, "dott_scooter_capacity": 4.0, "dott_total_capacity": 4.0 }, "geometry": { "type": "Point", "coordinates": [ -2.625204, 51.409237 ] } },
{ "type": "Feature", "properties": { "name": "220114", "dott_bicycle_capacity": 12.0, "dott_scooter_capacity": 12.0, "dott_total_capacity": 24.0 }, "geometry": { "type": "Point", "coordinates": [ -2.415555, 51.529071 ] } },
{ "type": "Feature", "properties": { "name": "300259", "dott_bicycle_capacity": 14.0, "dott_scooter_capacity": 14.0, "dott_total_capacity": 28.0 }, "geometry": { "type": "Point", "coordinates": [ -2.600844, 51.43946 ] } },
{ "type": "Feature", "properties": { "name": "300691", "dott_bicycle_capacity": 9.0, "dott_scooter_capacity": 9.0, "dott_total_capacity": 18.0 }, "geometry": { "type": "Point", "coordinates": [ -2.572058, 51.495096 ] } },
{ "type": "Feature", "properties": { "name": "310065", "dott_bicycle_capacity": 12.0, "dott_scooter_capacity": 12.0, "dott_total_capacity": 24.0 }, "geometry": { "type": "Point", "coordinates": [ -2.588444, 51.453225 ] } },
{ "type": "Feature", "properties": { "name": "320099", "dott_bicycle_capacity": 20.0, "dott_scooter_capacity": 20.0, "dott_total_capacity": 40.0 }, "geometry": { "type": "Point", "coordinates": [ -2.583086, 51.4874 ] } },
{ "type": "Feature", "properties": { "name": "300155", "dott_bicycle_capacity": 6.0, "dott_scooter_capacity": 6.0, "dott_total_capacity": 12.0 }, "geometry": { "type": "Point", "coordinates": [ -2.637833, 51.492419 ] } },
{ "type": "Feature", "properties": { "name": "300326", "dott_bicycle_capacity": 0.0, "dott_scooter_capacity": 0.0, "dott_total_capacity": 0.0 }, "geometry": { "type": "Point", "coordinates": [ -2.593415, 51.459676 ] } },
{ "type": "Feature", "properties": { "name": "300650", "dott_bicycle_capacity": 12.0, "dott_scooter_capacity": 12.0, "dott_total_capacity": 24.0 }, "geometry": { "type": "Point", "coordinates": [ -2.5785622, 51.4416052 ] } },
{ "type": "Feature", "properties": { "name": "310189", "dott_bicycle_capacity": 12.0, "dott_scooter_capacity": 12.0, "dott_total_capacity": 24.0 }, "geometry": { "type": "Point", "coordinates": [ -2.5651278, 51.4508373 ] } },
{ "type": "Feature", "properties": { "name": "300439", "dott_bicycle_capacity": 20.0, "dott_scooter_capacity": 20.0, "dott_total_capacity": 40.0 }, "geometry": { "type": "Point", "coordinates": [ -2.587908, 51.452169 ] } },
{ "type": "Feature", "properties": { "name": "310322", "dott_bicycle_capacity": 12.0, "dott_scooter_capacity": 12.0, "dott_total_capacity": 24.0 }, "geometry": { "type": "Point", "coordinates": [ -2.567059, 51.406826 ] } },
{ "type": "Feature", "properties": { "name": "220125", "dott_bicycle_capacity": null, "dott_scooter_capacity": 6.0, "dott_total_capacity": 6.0 }, "geometry": { "type": "Point", "coordinates": [ -2.4120366, 51.5366182 ] } },
{ "type": "Feature", "properties": { "name": "210115", "dott_bicycle_capacity": 6.0, "dott_scooter_capacity": 6.0, "dott_total_capacity": 12.0 }, "geometry": { "type": "Point", "coordinates": [ -2.4912224, 51.4680257 ] } },
{ "type": "Feature", "properties": { "name": "200121", "dott_bicycle_capacity": 0.0, "dott_scooter_capacity": 0.0, "dott_total_capacity": 0.0 }, "geometry": { "type": "Point", "coordinates": [ -2.5256085, 51.501492 ] } },
{ "type": "Feature", "properties": { "name": "300492", "dott_bicycle_capacity": 12.0, "dott_scooter_capacity": 12.0, "dott_total_capacity": 24.0 }, "geometry": { "type": "Point", "coordinates": [ -2.5848373, 51.4463693 ] } },
{ "type": "Feature", "properties": { "name": "300582", "dott_bicycle_capacity": 7.0, "dott_scooter_capacity": 7.0, "dott_total_capacity": 14.0 }, "geometry": { "type": "Point", "coordinates": [ -2.5748472, 51.4279671 ] } },
{ "type": "Feature", "properties": { "name": "300455", "dott_bicycle_capacity": 0.0, "dott_scooter_capacity": 0.0, "dott_total_capacity": 0.0 }, "geometry": { "type": "Point", "coordinates": [ -2.591888, 51.455437 ] } },
{ "type": "Feature", "properties": { "name": "300295", "dott_bicycle_capacity": 7.0, "dott_scooter_capacity": 7.0, "dott_total_capacity": 14.0 }, "geometry": { "type": "Point", "coordinates": [ -2.560571, 51.471679 ] } },
{ "type": "Feature", "properties": { "name": "300083", "dott_bicycle_capacity": 10.0, "dott_scooter_capacity": 10.0, "dott_total_capacity": 20.0 }, "geometry": { "type": "Point", "coordinates": [ -2.5945616, 51.4677613 ] } },
{ "type": "Feature", "properties": { "name": "220133", "dott_bicycle_capacity": 11.0, "dott_scooter_capacity": 11.0, "dott_total_capacity": 22.0 }, "geometry": { "type": "Point", "coordinates": [ -2.4216455, 51.5340009 ] } },
{ "type": "Feature", "properties": { "name": "200050", "dott_bicycle_capacity": 12.0, "dott_scooter_capacity": 12.0, "dott_total_capacity": 24.0 }, "geometry": { "type": "Point", "coordinates": [ -2.4822649, 51.497446 ] } },
{ "type": "Feature", "properties": { "name": "220074", "dott_bicycle_capacity": null, "dott_scooter_capacity": 6.0, "dott_total_capacity": 6.0 }, "geometry": { "type": "Point", "coordinates": [ -2.4853252, 51.5350516 ] } },
{ "type": "Feature", "properties": { "name": "200248", "dott_bicycle_capacity": 16.0, "dott_scooter_capacity": 16.0, "dott_total_capacity": 32.0 }, "geometry": { "type": "Point", "coordinates": [ -2.5465464, 51.535421 ] } },
{ "type": "Feature", "properties": { "name": "300786", "dott_bicycle_capacity": null, "dott_scooter_capacity": 5.0, "dott_total_capacity": 5.0 }, "geometry": { "type": "Point", "coordinates": [ -2.5604263, 51.4124989 ] } },
{ "type": "Feature", "properties": { "name": "300533", "dott_bicycle_capacity": 12.0, "dott_scooter_capacity": 12.0, "dott_total_capacity": 24.0 }, "geometry": { "type": "Point", "coordinates": [ -2.5513522, 51.4637629 ] } },
{ "type": "Feature", "properties": { "name": "200208", "dott_bicycle_capacity": 10.0, "dott_scooter_capacity": 10.0, "dott_total_capacity": 20.0 }, "geometry": { "type": "Point", "coordinates": [ -2.5369559, 51.527068 ] } },
{ "type": "Feature", "properties": { "name": "310389", "dott_bicycle_capacity": 16.0, "dott_scooter_capacity": 16.0, "dott_total_capacity": 32.0 }, "geometry": { "type": "Point", "coordinates": [ -2.53896, 51.429137 ] } },
{ "type": "Feature", "properties": { "name": "200078", "dott_bicycle_capacity": 12.0, "dott_scooter_capacity": 12.0, "dott_total_capacity": 24.0 }, "geometry": { "type": "Point", "coordinates": [ -2.5669051, 51.5130638 ] } },
{ "type": "Feature", "properties": { "name": "220117", "dott_bicycle_capacity": 8.0, "dott_scooter_capacity": 8.0, "dott_total_capacity": 16.0 }, "geometry": { "type": "Point", "coordinates": [ -2.3892004, 51.5337655 ] } },
{ "type": "Feature", "properties": { "name": "210161", "dott_bicycle_capacity": 10.0, "dott_scooter_capacity": 10.0, "dott_total_capacity": 20.0 }, "geometry": { "type": "Point", "coordinates": [ -2.58159, 51.521974 ] } },
{ "type": "Feature", "properties": { "name": "300283", "dott_bicycle_capacity": 8.0, "dott_scooter_capacity": 8.0, "dott_total_capacity": 16.0 }, "geometry": { "type": "Point", "coordinates": [ -2.6020713, 51.4699017 ] } },
{ "type": "Feature", "properties": { "name": "300583", "dott_bicycle_capacity": null, "dott_scooter_capacity": 4.0, "dott_total_capacity": 4.0 }, "geometry": { "type": "Point", "coordinates": [ -2.5212602, 51.4513599 ] } },
{ "type": "Feature", "properties": { "name": "300024", "dott_bicycle_capacity": 12.0, "dott_scooter_capacity": 12.0, "dott_total_capacity": 24.0 }, "geometry": { "type": "Point", "coordinates": [ -2.6123722, 51.4676358 ] } },
{ "type": "Feature", "properties": { "name": "200182", "dott_bicycle_capacity": 12.0, "dott_scooter_capacity": 12.0, "dott_total_capacity": 24.0 }, "geometry": { "type": "Point", "coordinates": [ -2.4923062, 51.4813504 ] } },
{ "type": "Feature", "properties": { "name": "300662", "dott_bicycle_capacity": 0.0, "dott_scooter_capacity": 0.0, "dott_total_capacity": 0.0 }, "geometry": { "type": "Point", "coordinates": [ -2.5773076, 51.4562153 ] } },
{ "type": "Feature", "properties": { "name": "300529", "dott_bicycle_capacity": 24.0, "dott_scooter_capacity": 24.0, "dott_total_capacity": 48.0 }, "geometry": { "type": "Point", "coordinates": [ -2.59351, 51.457851 ] } },
{ "type": "Feature", "properties": { "name": "200245", "dott_bicycle_capacity": 0.0, "dott_scooter_capacity": 5.0, "dott_total_capacity": 5.0 }, "geometry": { "type": "Point", "coordinates": [ -2.5058042, 51.4530755 ] } },
{ "type": "Feature", "properties": { "name": "310250", "dott_bicycle_capacity": 8.0, "dott_scooter_capacity": 8.0, "dott_total_capacity": 16.0 }, "geometry": { "type": "Point", "coordinates": [ -2.5420933, 51.4404407 ] } },
{ "type": "Feature", "properties": { "name": "220039", "dott_bicycle_capacity": null, "dott_scooter_capacity": 6.0, "dott_total_capacity": 6.0 }, "geometry": { "type": "Point", "coordinates": [ -2.48355, 51.449717 ] } },
{ "type": "Feature", "properties": { "name": "200022", "dott_bicycle_capacity": 0.0, "dott_scooter_capacity": 6.0, "dott_total_capacity": 6.0 }, "geometry": { "type": "Point", "coordinates": [ -2.5204379, 51.4408945 ] } },
{ "type": "Feature", "properties": { "name": "310239", "dott_bicycle_capacity": 4.0, "dott_scooter_capacity": 4.0, "dott_total_capacity": 8.0 }, "geometry": { "type": "Point", "coordinates": [ -2.545237, 51.436741 ] } },
{ "type": "Feature", "properties": { "name": "300790", "dott_bicycle_capacity": 6.0, "dott_scooter_capacity": 6.0, "dott_total_capacity": 12.0 }, "geometry": { "type": "Point", "coordinates": [ -2.571926, 51.4258328 ] } },
{ "type": "Feature", "properties": { "name": "220016", "dott_bicycle_capacity": 8.0, "dott_scooter_capacity": 8.0, "dott_total_capacity": 16.0 }, "geometry": { "type": "Point", "coordinates": [ -2.48524, 51.44132 ] } },
{ "type": "Feature", "properties": { "name": "200148", "dott_bicycle_capacity": null, "dott_scooter_capacity": 4.0, "dott_total_capacity": 4.0 }, "geometry": { "type": "Point", "coordinates": [ -2.4923485, 51.4821796 ] } },
{ "type": "Feature", "properties": { "name": "310127", "dott_bicycle_capacity": 6.0, "dott_scooter_capacity": 6.0, "dott_total_capacity": 12.0 }, "geometry": { "type": "Point", "coordinates": [ -2.595171, 51.506504 ] } },
{ "type": "Feature", "properties": { "name": "310403", "dott_bicycle_capacity": 8.0, "dott_scooter_capacity": 8.0, "dott_total_capacity": 16.0 }, "geometry": { "type": "Point", "coordinates": [ -2.610028, 51.453194 ] } },
{ "type": "Feature", "properties": { "name": "210001", "dott_bicycle_capacity": null, "dott_scooter_capacity": 7.0, "dott_total_capacity": 7.0 }, "geometry": { "type": "Point", "coordinates": [ -2.5840653, 51.5051573 ] } },
{ "type": "Feature", "properties": { "name": "200025", "dott_bicycle_capacity": 10.0, "dott_scooter_capacity": 10.0, "dott_total_capacity": 20.0 }, "geometry": { "type": "Point", "coordinates": [ -2.502979, 51.488483 ] } },
{ "type": "Feature", "properties": { "name": "310055", "dott_bicycle_capacity": 9.0, "dott_scooter_capacity": 9.0, "dott_total_capacity": 18.0 }, "geometry": { "type": "Point", "coordinates": [ -2.569512, 51.433376 ] } },
{ "type": "Feature", "properties": { "name": "300337", "dott_bicycle_capacity": 11.0, "dott_scooter_capacity": 11.0, "dott_total_capacity": 22.0 }, "geometry": { "type": "Point", "coordinates": [ -2.5516355, 51.4396561 ] } },
{ "type": "Feature", "properties": { "name": "300237", "dott_bicycle_capacity": 6.0, "dott_scooter_capacity": 6.0, "dott_total_capacity": 12.0 }, "geometry": { "type": "Point", "coordinates": [ -2.6952013, 51.4993201 ] } },
{ "type": "Feature", "properties": { "name": "200261", "dott_bicycle_capacity": null, "dott_scooter_capacity": 15.0, "dott_total_capacity": 15.0 }, "geometry": { "type": "Point", "coordinates": [ -2.5443366, 51.4964241 ] } },
{ "type": "Feature", "properties": { "name": "300243", "dott_bicycle_capacity": 20.0, "dott_scooter_capacity": 20.0, "dott_total_capacity": 40.0 }, "geometry": { "type": "Point", "coordinates": [ -2.5698409, 51.4582144 ] } },
{ "type": "Feature", "properties": { "name": "210002", "dott_bicycle_capacity": null, "dott_scooter_capacity": 5.0, "dott_total_capacity": 5.0 }, "geometry": { "type": "Point", "coordinates": [ -2.5835033, 51.5045925 ] } },
{ "type": "Feature", "properties": { "name": "300725", "dott_bicycle_capacity": 14.0, "dott_scooter_capacity": 14.0, "dott_total_capacity": 28.0 }, "geometry": { "type": "Point", "coordinates": [ -2.6077306, 51.4334714 ] } },
{ "type": "Feature", "properties": { "name": "310244", "dott_bicycle_capacity": 9.0, "dott_scooter_capacity": 9.0, "dott_total_capacity": 18.0 }, "geometry": { "type": "Point", "coordinates": [ -2.532298, 51.4337543 ] } },
{ "type": "Feature", "properties": { "name": "300166", "dott_bicycle_capacity": 9.0, "dott_scooter_capacity": 9.0, "dott_total_capacity": 18.0 }, "geometry": { "type": "Point", "coordinates": [ -2.6048279, 51.4308854 ] } },
{ "type": "Feature", "properties": { "name": "310436", "dott_bicycle_capacity": 22.0, "dott_scooter_capacity": 22.0, "dott_total_capacity": 44.0 }, "geometry": { "type": "Point", "coordinates": [ -2.596059, 51.453513 ] } },
{ "type": "Feature", "properties": { "name": "220052", "dott_bicycle_capacity": 10.0, "dott_scooter_capacity": 10.0, "dott_total_capacity": 20.0 }, "geometry": { "type": "Point", "coordinates": [ -2.5072721, 51.5228115 ] } },
{ "type": "Feature", "properties": { "name": "320025", "dott_bicycle_capacity": 25.0, "dott_scooter_capacity": 25.0, "dott_total_capacity": 50.0 }, "geometry": { "type": "Point", "coordinates": [ -2.5935425, 51.4972159 ] } },
{ "type": "Feature", "properties": { "name": "300361", "dott_bicycle_capacity": 6.0, "dott_scooter_capacity": 6.0, "dott_total_capacity": 12.0 }, "geometry": { "type": "Point", "coordinates": [ -2.5277385, 51.4549464 ] } },
{ "type": "Feature", "properties": { "name": "220037", "dott_bicycle_capacity": null, "dott_scooter_capacity": 6.0, "dott_total_capacity": 6.0 }, "geometry": { "type": "Point", "coordinates": [ -2.482507, 51.444704 ] } },
{ "type": "Feature", "properties": { "name": "200005", "dott_bicycle_capacity": null, "dott_scooter_capacity": 20.0, "dott_total_capacity": 20.0 }, "geometry": { "type": "Point", "coordinates": [ -2.486354, 51.48481 ] } },
{ "type": "Feature", "properties": { "name": "300294", "dott_bicycle_capacity": 16.0, "dott_scooter_capacity": 16.0, "dott_total_capacity": 32.0 }, "geometry": { "type": "Point", "coordinates": [ -2.5797396, 51.4782018 ] } },
{ "type": "Feature", "properties": { "name": "310030", "dott_bicycle_capacity": null, "dott_scooter_capacity": 4.0, "dott_total_capacity": 4.0 }, "geometry": { "type": "Point", "coordinates": [ -2.616029, 51.41364 ] } },
{ "type": "Feature", "properties": { "name": "300813", "dott_bicycle_capacity": 9.0, "dott_scooter_capacity": 9.0, "dott_total_capacity": 18.0 }, "geometry": { "type": "Point", "coordinates": [ -2.563041, 51.4259786 ] } },
{ "type": "Feature", "properties": { "name": "200131", "dott_bicycle_capacity": 20.0, "dott_scooter_capacity": 20.0, "dott_total_capacity": 40.0 }, "geometry": { "type": "Point", "coordinates": [ -2.5912562, 51.5286342 ] } },
{ "type": "Feature", "properties": { "name": "200191", "dott_bicycle_capacity": 10.0, "dott_scooter_capacity": 10.0, "dott_total_capacity": 20.0 }, "geometry": { "type": "Point", "coordinates": [ -2.5562838, 51.5087224 ] } },
{ "type": "Feature", "properties": { "name": "300405", "dott_bicycle_capacity": 7.0, "dott_scooter_capacity": 7.0, "dott_total_capacity": 14.0 }, "geometry": { "type": "Point", "coordinates": [ -2.5950835, 51.4282009 ] } },
{ "type": "Feature", "properties": { "name": "300367", "dott_bicycle_capacity": 8.0, "dott_scooter_capacity": 8.0, "dott_total_capacity": 16.0 }, "geometry": { "type": "Point", "coordinates": [ -2.5526013, 51.4353874 ] } },
{ "type": "Feature", "properties": { "name": "310423", "dott_bicycle_capacity": 12.0, "dott_scooter_capacity": 12.0, "dott_total_capacity": 24.0 }, "geometry": { "type": "Point", "coordinates": [ -2.582842, 51.412093 ] } },
{ "type": "Feature", "properties": { "name": "300495", "dott_bicycle_capacity": null, "dott_scooter_capacity": 10.0, "dott_total_capacity": 10.0 }, "geometry": { "type": "Point", "coordinates": [ -2.5905923, 51.4459568 ] } },
{ "type": "Feature", "properties": { "name": "210058", "dott_bicycle_capacity": null, "dott_scooter_capacity": 9.0, "dott_total_capacity": 9.0 }, "geometry": { "type": "Point", "coordinates": [ -2.4916806, 51.4839917 ] } },
{ "type": "Feature", "properties": { "name": "200054", "dott_bicycle_capacity": 8.0, "dott_scooter_capacity": 8.0, "dott_total_capacity": 16.0 }, "geometry": { "type": "Point", "coordinates": [ -2.4752952, 51.4924698 ] } },
{ "type": "Feature", "properties": { "name": "300138", "dott_bicycle_capacity": null, "dott_scooter_capacity": 4.0, "dott_total_capacity": 4.0 }, "geometry": { "type": "Point", "coordinates": [ -2.6177937, 51.4637918 ] } },
{ "type": "Feature", "properties": { "name": "300253", "dott_bicycle_capacity": 8.0, "dott_scooter_capacity": 8.0, "dott_total_capacity": 16.0 }, "geometry": { "type": "Point", "coordinates": [ -2.59769, 51.435515 ] } },
{ "type": "Feature", "properties": { "name": "300262", "dott_bicycle_capacity": 10.0, "dott_scooter_capacity": 10.0, "dott_total_capacity": 20.0 }, "geometry": { "type": "Point", "coordinates": [ -2.590203, 51.442262 ] } },
{ "type": "Feature", "properties": { "name": "300656", "dott_bicycle_capacity": 14.0, "dott_scooter_capacity": 14.0, "dott_total_capacity": 28.0 }, "geometry": { "type": "Point", "coordinates": [ -2.5938274, 51.4463 ] } },
{ "type": "Feature", "properties": { "name": "300216", "dott_bicycle_capacity": 10.0, "dott_scooter_capacity": 10.0, "dott_total_capacity": 20.0 }, "geometry": { "type": "Point", "coordinates": [ -2.6214144, 51.5096268 ] } },
{ "type": "Feature", "properties": { "name": "300091", "dott_bicycle_capacity": 16.0, "dott_scooter_capacity": 16.0, "dott_total_capacity": 32.0 }, "geometry": { "type": "Point", "coordinates": [ -2.588345, 51.456435 ] } },
{ "type": "Feature", "properties": { "name": "300355", "dott_bicycle_capacity": 11.0, "dott_scooter_capacity": 11.0, "dott_total_capacity": 22.0 }, "geometry": { "type": "Point", "coordinates": [ -2.6087479, 51.4469474 ] } },
{ "type": "Feature", "properties": { "name": "310325", "dott_bicycle_capacity": 12.0, "dott_scooter_capacity": 12.0, "dott_total_capacity": 24.0 }, "geometry": { "type": "Point", "coordinates": [ -2.568172, 51.413928 ] } },
{ "type": "Feature", "properties": { "name": "300632", "dott_bicycle_capacity": null, "dott_scooter_capacity": 11.0, "dott_total_capacity": 11.0 }, "geometry": { "type": "Point", "coordinates": [ -2.6082925, 51.4560448 ] } },
{ "type": "Feature", "properties": { "name": "300595", "dott_bicycle_capacity": 12.0, "dott_scooter_capacity": 12.0, "dott_total_capacity": 24.0 }, "geometry": { "type": "Point", "coordinates": [ -2.578373, 51.4513546 ] } },
{ "type": "Feature", "properties": { "name": "310081", "dott_bicycle_capacity": 6.0, "dott_scooter_capacity": 6.0, "dott_total_capacity": 12.0 }, "geometry": { "type": "Point", "coordinates": [ -2.6220363, 51.5112547 ] } },
{ "type": "Feature", "properties": { "name": "310174", "dott_bicycle_capacity": null, "dott_scooter_capacity": 6.0, "dott_total_capacity": 6.0 }, "geometry": { "type": "Point", "coordinates": [ -2.5226217, 51.4856932 ] } },
{ "type": "Feature", "properties": { "name": "320054", "dott_bicycle_capacity": 0.0, "dott_scooter_capacity": 0.0, "dott_total_capacity": 0.0 }, "geometry": { "type": "Point", "coordinates": [ -2.61247, 51.484948 ] } },
{ "type": "Feature", "properties": { "name": "200122", "dott_bicycle_capacity": 8.0, "dott_scooter_capacity": 8.0, "dott_total_capacity": 16.0 }, "geometry": { "type": "Point", "coordinates": [ -2.5052608, 51.4993286 ] } },
{ "type": "Feature", "properties": { "name": "200229", "dott_bicycle_capacity": null, "dott_scooter_capacity": 15.0, "dott_total_capacity": 15.0 }, "geometry": { "type": "Point", "coordinates": [ -2.546599, 51.5167879 ] } },
{ "type": "Feature", "properties": { "name": "200249", "dott_bicycle_capacity": 10.0, "dott_scooter_capacity": 10.0, "dott_total_capacity": 20.0 }, "geometry": { "type": "Point", "coordinates": [ -2.573661, 51.509818 ] } },
{ "type": "Feature", "properties": { "name": "310315", "dott_bicycle_capacity": 4.0, "dott_scooter_capacity": 4.0, "dott_total_capacity": 8.0 }, "geometry": { "type": "Point", "coordinates": [ -2.621665, 51.414236 ] } },
{ "type": "Feature", "properties": { "name": "200210", "dott_bicycle_capacity": null, "dott_scooter_capacity": 15.0, "dott_total_capacity": 15.0 }, "geometry": { "type": "Point", "coordinates": [ -2.4979589, 51.4631815 ] } },
{ "type": "Feature", "properties": { "name": "300716", "dott_bicycle_capacity": null, "dott_scooter_capacity": 6.0, "dott_total_capacity": 6.0 }, "geometry": { "type": "Point", "coordinates": [ -2.6014883, 51.4774659 ] } },
{ "type": "Feature", "properties": { "name": "300565", "dott_bicycle_capacity": null, "dott_scooter_capacity": 6.0, "dott_total_capacity": 6.0 }, "geometry": { "type": "Point", "coordinates": [ -2.610149, 51.433091 ] } },
{ "type": "Feature", "properties": { "name": "200128", "dott_bicycle_capacity": 10.0, "dott_scooter_capacity": 10.0, "dott_total_capacity": 20.0 }, "geometry": { "type": "Point", "coordinates": [ -2.558112, 51.543489 ] } },
{ "type": "Feature", "properties": { "name": "220093", "dott_bicycle_capacity": 8.0, "dott_scooter_capacity": 8.0, "dott_total_capacity": 16.0 }, "geometry": { "type": "Point", "coordinates": [ -2.471119, 51.52164 ] } },
{ "type": "Feature", "properties": { "name": "220131", "dott_bicycle_capacity": null, "dott_scooter_capacity": 6.0, "dott_total_capacity": 6.0 }, "geometry": { "type": "Point", "coordinates": [ -2.4187964, 51.5329946 ] } },
{ "type": "Feature", "properties": { "name": "220118", "dott_bicycle_capacity": null, "dott_scooter_capacity": 7.0, "dott_total_capacity": 7.0 }, "geometry": { "type": "Point", "coordinates": [ -2.3797607, 51.5335549 ] } },
{ "type": "Feature", "properties": { "name": "300252", "dott_bicycle_capacity": 30.0, "dott_scooter_capacity": 30.0, "dott_total_capacity": 60.0 }, "geometry": { "type": "Point", "coordinates": [ -2.62188, 51.4497392 ] } },
{ "type": "Feature", "properties": { "name": "220091", "dott_bicycle_capacity": 8.0, "dott_scooter_capacity": 8.0, "dott_total_capacity": 16.0 }, "geometry": { "type": "Point", "coordinates": [ -2.470883, 51.520953 ] } },
{ "type": "Feature", "properties": { "name": "310517", "dott_bicycle_capacity": 8.0, "dott_scooter_capacity": 8.0, "dott_total_capacity": 16.0 }, "geometry": { "type": "Point", "coordinates": [ -2.688627, 51.49008 ] } },
{ "type": "Feature", "properties": { "name": "300362", "dott_bicycle_capacity": 9.0, "dott_scooter_capacity": 9.0, "dott_total_capacity": 18.0 }, "geometry": { "type": "Point", "coordinates": [ -2.5619601, 51.470737 ] } },
{ "type": "Feature", "properties": { "name": "220071", "dott_bicycle_capacity": 8.0, "dott_scooter_capacity": 8.0, "dott_total_capacity": 16.0 }, "geometry": { "type": "Point", "coordinates": [ -2.489396, 51.535166 ] } },
{ "type": "Feature", "properties": { "name": "300676", "dott_bicycle_capacity": 12.0, "dott_scooter_capacity": 12.0, "dott_total_capacity": 24.0 }, "geometry": { "type": "Point", "coordinates": [ -2.590824, 51.461448 ] } },
{ "type": "Feature", "properties": { "name": "210103", "dott_bicycle_capacity": 16.0, "dott_scooter_capacity": 16.0, "dott_total_capacity": 32.0 }, "geometry": { "type": "Point", "coordinates": [ -2.475682, 51.492918 ] } },
{ "type": "Feature", "properties": { "name": "200091", "dott_bicycle_capacity": 6.0, "dott_scooter_capacity": 6.0, "dott_total_capacity": 12.0 }, "geometry": { "type": "Point", "coordinates": [ -2.552178, 51.533677 ] } },
{ "type": "Feature", "properties": { "name": "300604", "dott_bicycle_capacity": 12.0, "dott_scooter_capacity": 12.0, "dott_total_capacity": 24.0 }, "geometry": { "type": "Point", "coordinates": [ -2.600213, 51.462639 ] } },
{ "type": "Feature", "properties": { "name": "220151", "dott_bicycle_capacity": 8.0, "dott_scooter_capacity": 8.0, "dott_total_capacity": 16.0 }, "geometry": { "type": "Point", "coordinates": [ -2.4222579, 51.5448443 ] } },
{ "type": "Feature", "properties": { "name": "310149", "dott_bicycle_capacity": null, "dott_scooter_capacity": 6.0, "dott_total_capacity": 6.0 }, "geometry": { "type": "Point", "coordinates": [ -2.6233959, 51.4329836 ] } },
{ "type": "Feature", "properties": { "name": "300331", "dott_bicycle_capacity": 14.0, "dott_scooter_capacity": 14.0, "dott_total_capacity": 28.0 }, "geometry": { "type": "Point", "coordinates": [ -2.5254755, 51.4618753 ] } },
{ "type": "Feature", "properties": { "name": "200137", "dott_bicycle_capacity": null, "dott_scooter_capacity": 10.0, "dott_total_capacity": 10.0 }, "geometry": { "type": "Point", "coordinates": [ -2.4992303, 51.4620125 ] } },
{ "type": "Feature", "properties": { "name": "300351", "dott_bicycle_capacity": null, "dott_scooter_capacity": 9.0, "dott_total_capacity": 9.0 }, "geometry": { "type": "Point", "coordinates": [ -2.5640962, 51.4702638 ] } },
{ "type": "Feature", "properties": { "name": "300687", "dott_bicycle_capacity": 10.0, "dott_scooter_capacity": 10.0, "dott_total_capacity": 20.0 }, "geometry": { "type": "Point", "coordinates": [ -2.5946138, 51.4858056 ] } },
{ "type": "Feature", "properties": { "name": "300197", "dott_bicycle_capacity": 7.0, "dott_scooter_capacity": 7.0, "dott_total_capacity": 14.0 }, "geometry": { "type": "Point", "coordinates": [ -2.5719182, 51.435413 ] } },
{ "type": "Feature", "properties": { "name": "300329", "dott_bicycle_capacity": 8.0, "dott_scooter_capacity": 8.0, "dott_total_capacity": 16.0 }, "geometry": { "type": "Point", "coordinates": [ -2.6048945, 51.4303658 ] } },
{ "type": "Feature", "properties": { "name": "300621", "dott_bicycle_capacity": 0.0, "dott_scooter_capacity": 0.0, "dott_total_capacity": 0.0 }, "geometry": { "type": "Point", "coordinates": [ -2.6025411, 51.4558286 ] } },
{ "type": "Feature", "properties": { "name": "210013", "dott_bicycle_capacity": 10.0, "dott_scooter_capacity": 10.0, "dott_total_capacity": 20.0 }, "geometry": { "type": "Point", "coordinates": [ -2.5076542, 51.4975246 ] } },
{ "type": "Feature", "properties": { "name": "300325", "dott_bicycle_capacity": 9.0, "dott_scooter_capacity": 9.0, "dott_total_capacity": 18.0 }, "geometry": { "type": "Point", "coordinates": [ -2.5312806, 51.4750381 ] } },
{ "type": "Feature", "properties": { "name": "200187", "dott_bicycle_capacity": 10.0, "dott_scooter_capacity": 10.0, "dott_total_capacity": 20.0 }, "geometry": { "type": "Point", "coordinates": [ -2.4876462, 51.4599953 ] } },
{ "type": "Feature", "properties": { "name": "220009", "dott_bicycle_capacity": 8.0, "dott_scooter_capacity": 8.0, "dott_total_capacity": 16.0 }, "geometry": { "type": "Point", "coordinates": [ -2.498724, 51.433631 ] } },
{ "type": "Feature", "properties": { "name": "200033", "dott_bicycle_capacity": null, "dott_scooter_capacity": 8.0, "dott_total_capacity": 8.0 }, "geometry": { "type": "Point", "coordinates": [ -2.4989219, 51.4972835 ] } },
{ "type": "Feature", "properties": { "name": "300467", "dott_bicycle_capacity": 12.0, "dott_scooter_capacity": 12.0, "dott_total_capacity": 24.0 }, "geometry": { "type": "Point", "coordinates": [ -2.5597307, 51.4750569 ] } },
{ "type": "Feature", "properties": { "name": "210109", "dott_bicycle_capacity": null, "dott_scooter_capacity": 7.0, "dott_total_capacity": 7.0 }, "geometry": { "type": "Point", "coordinates": [ -2.4992367, 51.4742671 ] } },
{ "type": "Feature", "properties": { "name": "220019", "dott_bicycle_capacity": 10.0, "dott_scooter_capacity": 10.0, "dott_total_capacity": 20.0 }, "geometry": { "type": "Point", "coordinates": [ -2.47749, 51.44774 ] } },
{ "type": "Feature", "properties": { "name": "310159", "dott_bicycle_capacity": 6.0, "dott_scooter_capacity": 6.0, "dott_total_capacity": 12.0 }, "geometry": { "type": "Point", "coordinates": [ -2.623613, 51.440036 ] } },
{ "type": "Feature", "properties": { "name": "320064", "dott_bicycle_capacity": 6.0, "dott_scooter_capacity": 6.0, "dott_total_capacity": 12.0 }, "geometry": { "type": "Point", "coordinates": [ -2.559703, 51.461393 ] } },
{ "type": "Feature", "properties": { "name": "220055", "dott_bicycle_capacity": 8.0, "dott_scooter_capacity": 8.0, "dott_total_capacity": 16.0 }, "geometry": { "type": "Point", "coordinates": [ -2.5046733, 51.5193583 ] } },
{ "type": "Feature", "properties": { "name": "210083", "dott_bicycle_capacity": 8.0, "dott_scooter_capacity": 8.0, "dott_total_capacity": 16.0 }, "geometry": { "type": "Point", "coordinates": [ -2.5658807, 51.5353189 ] } },
{ "type": "Feature", "properties": { "name": "220003", "dott_bicycle_capacity": 6.0, "dott_scooter_capacity": 6.0, "dott_total_capacity": 12.0 }, "geometry": { "type": "Point", "coordinates": [ -2.478996, 51.431042 ] } },
{ "type": "Feature", "properties": { "name": "220062", "dott_bicycle_capacity": null, "dott_scooter_capacity": 6.0, "dott_total_capacity": 6.0 }, "geometry": { "type": "Point", "coordinates": [ -2.499514, 51.523679 ] } },
{ "type": "Feature", "properties": { "name": "310021", "dott_bicycle_capacity": null, "dott_scooter_capacity": 4.0, "dott_total_capacity": 4.0 }, "geometry": { "type": "Point", "coordinates": [ -2.6227744, 51.4045815 ] } },
{ "type": "Feature", "properties": { "name": "210076", "dott_bicycle_capacity": null, "dott_scooter_capacity": 6.0, "dott_total_capacity": 6.0 }, "geometry": { "type": "Point", "coordinates": [ -2.5414413, 51.5097754 ] } },
{ "type": "Feature", "properties": { "name": "300602", "dott_bicycle_capacity": 10.0, "dott_scooter_capacity": 10.0, "dott_total_capacity": 20.0 }, "geometry": { "type": "Point", "coordinates": [ -2.5791954, 51.4523722 ] } },
{ "type": "Feature", "properties": { "name": "200019", "dott_bicycle_capacity": 8.0, "dott_scooter_capacity": 8.0, "dott_total_capacity": 16.0 }, "geometry": { "type": "Point", "coordinates": [ -2.5094572, 51.4863435 ] } },
{ "type": "Feature", "properties": { "name": "200277", "dott_bicycle_capacity": null, "dott_scooter_capacity": 15.0, "dott_total_capacity": 15.0 }, "geometry": { "type": "Point", "coordinates": [ -2.5063557, 51.4587438 ] } },
{ "type": "Feature", "properties": { "name": "200119", "dott_bicycle_capacity": 16.0, "dott_scooter_capacity": 16.0, "dott_total_capacity": 32.0 }, "geometry": { "type": "Point", "coordinates": [ -2.576827, 51.505858 ] } },
{ "type": "Feature", "properties": { "name": "200180", "dott_bicycle_capacity": 6.0, "dott_scooter_capacity": 6.0, "dott_total_capacity": 12.0 }, "geometry": { "type": "Point", "coordinates": [ -2.4996383, 51.4987982 ] } },
{ "type": "Feature", "properties": { "name": "310241", "dott_bicycle_capacity": 6.0, "dott_scooter_capacity": 6.0, "dott_total_capacity": 12.0 }, "geometry": { "type": "Point", "coordinates": [ -2.5379252, 51.4682768 ] } },
{ "type": "Feature", "properties": { "name": "300579", "dott_bicycle_capacity": 70.0, "dott_scooter_capacity": 70.0, "dott_total_capacity": 140.0 }, "geometry": { "type": "Point", "coordinates": [ -2.582, 51.447996 ] } },
{ "type": "Feature", "properties": { "name": "310520", "dott_bicycle_capacity": 0.0, "dott_scooter_capacity": 0.0, "dott_total_capacity": 0.0 }, "geometry": { "type": "Point", "coordinates": [ -2.5979, 51.461622 ] } },
{ "type": "Feature", "properties": { "name": "300591", "dott_bicycle_capacity": 6.0, "dott_scooter_capacity": 6.0, "dott_total_capacity": 12.0 }, "geometry": { "type": "Point", "coordinates": [ -2.527255, 51.470573 ] } },
{ "type": "Feature", "properties": { "name": "300413", "dott_bicycle_capacity": 8.0, "dott_scooter_capacity": 8.0, "dott_total_capacity": 16.0 }, "geometry": { "type": "Point", "coordinates": [ -2.603075, 51.461853 ] } },
{ "type": "Feature", "properties": { "name": "300273", "dott_bicycle_capacity": 30.0, "dott_scooter_capacity": 30.0, "dott_total_capacity": 60.0 }, "geometry": { "type": "Point", "coordinates": [ -2.58554, 51.456421 ] } },
{ "type": "Feature", "properties": { "name": "300254", "dott_bicycle_capacity": 13.0, "dott_scooter_capacity": 13.0, "dott_total_capacity": 26.0 }, "geometry": { "type": "Point", "coordinates": [ -2.5894483, 51.4344006 ] } },
{ "type": "Feature", "properties": { "name": "300633", "dott_bicycle_capacity": 25.0, "dott_scooter_capacity": 25.0, "dott_total_capacity": 50.0 }, "geometry": { "type": "Point", "coordinates": [ -2.584824, 51.457254 ] } },
{ "type": "Feature", "properties": { "name": "300039", "dott_bicycle_capacity": 9.0, "dott_scooter_capacity": 9.0, "dott_total_capacity": 18.0 }, "geometry": { "type": "Point", "coordinates": [ -2.6134396, 51.4274584 ] } },
{ "type": "Feature", "properties": { "name": "300228", "dott_bicycle_capacity": 11.0, "dott_scooter_capacity": 11.0, "dott_total_capacity": 22.0 }, "geometry": { "type": "Point", "coordinates": [ -2.6558358, 51.4914713 ] } },
{ "type": "Feature", "properties": { "name": "200166", "dott_bicycle_capacity": null, "dott_scooter_capacity": 15.0, "dott_total_capacity": 15.0 }, "geometry": { "type": "Point", "coordinates": [ -2.5065304, 51.4994799 ] } },
{ "type": "Feature", "properties": { "name": "300396", "dott_bicycle_capacity": 20.0, "dott_scooter_capacity": 20.0, "dott_total_capacity": 40.0 }, "geometry": { "type": "Point", "coordinates": [ -2.5822734, 51.4543955 ] } },
{ "type": "Feature", "properties": { "name": "300126", "dott_bicycle_capacity": 16.0, "dott_scooter_capacity": 16.0, "dott_total_capacity": 32.0 }, "geometry": { "type": "Point", "coordinates": [ -2.5757378, 51.4572699 ] } },
{ "type": "Feature", "properties": { "name": "200146", "dott_bicycle_capacity": null, "dott_scooter_capacity": 4.0, "dott_total_capacity": 4.0 }, "geometry": { "type": "Point", "coordinates": [ -2.5705651, 51.5047917 ] } },
{ "type": "Feature", "properties": { "name": "200043", "dott_bicycle_capacity": 20.0, "dott_scooter_capacity": 20.0, "dott_total_capacity": 40.0 }, "geometry": { "type": "Point", "coordinates": [ -2.5108397, 51.4680954 ] } },
{ "type": "Feature", "properties": { "name": "310333", "dott_bicycle_capacity": null, "dott_scooter_capacity": 6.0, "dott_total_capacity": 6.0 }, "geometry": { "type": "Point", "coordinates": [ -2.575426, 51.414812 ] } },
{ "type": "Feature", "properties": { "name": "200073", "dott_bicycle_capacity": 10.0, "dott_scooter_capacity": 10.0, "dott_total_capacity": 20.0 }, "geometry": { "type": "Point", "coordinates": [ -2.544116, 51.4972107 ] } },
{ "type": "Feature", "properties": { "name": "300484", "dott_bicycle_capacity": null, "dott_scooter_capacity": 8.0, "dott_total_capacity": 8.0 }, "geometry": { "type": "Point", "coordinates": [ -2.580067, 51.4526811 ] } },
{ "type": "Feature", "properties": { "name": "200223", "dott_bicycle_capacity": 10.0, "dott_scooter_capacity": 10.0, "dott_total_capacity": 20.0 }, "geometry": { "type": "Point", "coordinates": [ -2.5646946, 51.50822 ] } },
{ "type": "Feature", "properties": { "name": "310508", "dott_bicycle_capacity": 23.0, "dott_scooter_capacity": 23.0, "dott_total_capacity": 46.0 }, "geometry": { "type": "Point", "coordinates": [ -2.5641, 51.456025 ] } },
{ "type": "Feature", "properties": { "name": "210096", "dott_bicycle_capacity": 12.0, "dott_scooter_capacity": 12.0, "dott_total_capacity": 24.0 }, "geometry": { "type": "Point", "coordinates": [ -2.5041694, 51.4796478 ] } },
{ "type": "Feature", "properties": { "name": "300839", "dott_bicycle_capacity": 8.0, "dott_scooter_capacity": 8.0, "dott_total_capacity": 16.0 }, "geometry": { "type": "Point", "coordinates": [ -2.575079, 51.498015 ] } },
{ "type": "Feature", "properties": { "name": "320039", "dott_bicycle_capacity": 15.0, "dott_scooter_capacity": 15.0, "dott_total_capacity": 30.0 }, "geometry": { "type": "Point", "coordinates": [ -2.5968843, 51.4465711 ] } },
{ "type": "Feature", "properties": { "name": "220145", "dott_bicycle_capacity": 10.0, "dott_scooter_capacity": 10.0, "dott_total_capacity": 20.0 }, "geometry": { "type": "Point", "coordinates": [ -2.4206833, 51.5588735 ] } },
{ "type": "Feature", "properties": { "name": "300239", "dott_bicycle_capacity": 6.0, "dott_scooter_capacity": 6.0, "dott_total_capacity": 12.0 }, "geometry": { "type": "Point", "coordinates": [ -2.6983833, 51.5017209 ] } },
{ "type": "Feature", "properties": { "name": "310342", "dott_bicycle_capacity": 6.0, "dott_scooter_capacity": 6.0, "dott_total_capacity": 12.0 }, "geometry": { "type": "Point", "coordinates": [ -2.547287, 51.413618 ] } },
{ "type": "Feature", "properties": { "name": "200258", "dott_bicycle_capacity": null, "dott_scooter_capacity": 5.0, "dott_total_capacity": 5.0 }, "geometry": { "type": "Point", "coordinates": [ -2.5773829, 51.5046573 ] } },
{ "type": "Feature", "properties": { "name": "200124", "dott_bicycle_capacity": 10.0, "dott_scooter_capacity": 10.0, "dott_total_capacity": 20.0 }, "geometry": { "type": "Point", "coordinates": [ -2.5465621, 51.5188278 ] } },
{ "type": "Feature", "properties": { "name": "210158", "dott_bicycle_capacity": 10.0, "dott_scooter_capacity": 10.0, "dott_total_capacity": 20.0 }, "geometry": { "type": "Point", "coordinates": [ -2.510849, 51.494368 ] } },
{ "type": "Feature", "properties": { "name": "320061", "dott_bicycle_capacity": 14.0, "dott_scooter_capacity": 14.0, "dott_total_capacity": 28.0 }, "geometry": { "type": "Point", "coordinates": [ -2.59451, 51.444272 ] } },
{ "type": "Feature", "properties": { "name": "310160", "dott_bicycle_capacity": 6.0, "dott_scooter_capacity": 6.0, "dott_total_capacity": 12.0 }, "geometry": { "type": "Point", "coordinates": [ -2.619676, 51.441686 ] } },
{ "type": "Feature", "properties": { "name": "300255", "dott_bicycle_capacity": 12.0, "dott_scooter_capacity": 12.0, "dott_total_capacity": 24.0 }, "geometry": { "type": "Point", "coordinates": [ -2.6120153, 51.480751 ] } },
{ "type": "Feature", "properties": { "name": "310418", "dott_bicycle_capacity": 0.0, "dott_scooter_capacity": 0.0, "dott_total_capacity": 0.0 }, "geometry": { "type": "Point", "coordinates": [ -2.587432, 51.452388 ] } },
{ "type": "Feature", "properties": { "name": "210143", "dott_bicycle_capacity": 10.0, "dott_scooter_capacity": 10.0, "dott_total_capacity": 20.0 }, "geometry": { "type": "Point", "coordinates": [ -2.5476861, 51.5038888 ] } },
{ "type": "Feature", "properties": { "name": "210039", "dott_bicycle_capacity": null, "dott_scooter_capacity": 6.0, "dott_total_capacity": 6.0 }, "geometry": { "type": "Point", "coordinates": [ -2.5856452, 51.5386096 ] } },
{ "type": "Feature", "properties": { "name": "210130", "dott_bicycle_capacity": 0.0, "dott_scooter_capacity": 6.0, "dott_total_capacity": 6.0 }, "geometry": { "type": "Point", "coordinates": [ -2.5133684, 51.444493 ] } },
{ "type": "Feature", "properties": { "name": "300679", "dott_bicycle_capacity": 6.0, "dott_scooter_capacity": 6.0, "dott_total_capacity": 12.0 }, "geometry": { "type": "Point", "coordinates": [ -2.526449, 51.466895 ] } },
{ "type": "Feature", "properties": { "name": "220001", "dott_bicycle_capacity": 6.0, "dott_scooter_capacity": null, "dott_total_capacity": 6.0 }, "geometry": { "type": "Point", "coordinates": [ -2.46171, 51.425564 ] } },
{ "type": "Feature", "properties": { "name": "220108", "dott_bicycle_capacity": null, "dott_scooter_capacity": 4.0, "dott_total_capacity": 4.0 }, "geometry": { "type": "Point", "coordinates": [ -2.4334017, 51.5303033 ] } },
{ "type": "Feature", "properties": { "name": "310416", "dott_bicycle_capacity": 12.0, "dott_scooter_capacity": 12.0, "dott_total_capacity": 24.0 }, "geometry": { "type": "Point", "coordinates": [ -2.586401, 51.454748 ] } },
{ "type": "Feature", "properties": { "name": "300530", "dott_bicycle_capacity": 12.0, "dott_scooter_capacity": 12.0, "dott_total_capacity": 24.0 }, "geometry": { "type": "Point", "coordinates": [ -2.5518099, 51.471336 ] } },
{ "type": "Feature", "properties": { "name": "310348", "dott_bicycle_capacity": 5.0, "dott_scooter_capacity": 5.0, "dott_total_capacity": 10.0 }, "geometry": { "type": "Point", "coordinates": [ -2.610221, 51.419037 ] } },
{ "type": "Feature", "properties": { "name": "300556", "dott_bicycle_capacity": 9.0, "dott_scooter_capacity": 9.0, "dott_total_capacity": 18.0 }, "geometry": { "type": "Point", "coordinates": [ -2.5473417, 51.4742054 ] } },
{ "type": "Feature", "properties": { "name": "320082", "dott_bicycle_capacity": 6.0, "dott_scooter_capacity": 6.0, "dott_total_capacity": 12.0 }, "geometry": { "type": "Point", "coordinates": [ -2.550464, 51.433931 ] } },
{ "type": "Feature", "properties": { "name": "300306", "dott_bicycle_capacity": 20.0, "dott_scooter_capacity": 20.0, "dott_total_capacity": 40.0 }, "geometry": { "type": "Point", "coordinates": [ -2.578977, 51.463063 ] } },
{ "type": "Feature", "properties": { "name": "220089", "dott_bicycle_capacity": 8.0, "dott_scooter_capacity": 8.0, "dott_total_capacity": 16.0 }, "geometry": { "type": "Point", "coordinates": [ -2.4662338, 51.5312336 ] } },
{ "type": "Feature", "properties": { "name": "300175", "dott_bicycle_capacity": 7.0, "dott_scooter_capacity": 7.0, "dott_total_capacity": 14.0 }, "geometry": { "type": "Point", "coordinates": [ -2.6117978, 51.4453365 ] } },
{ "type": "Feature", "properties": { "name": "300665", "dott_bicycle_capacity": 7.0, "dott_scooter_capacity": 7.0, "dott_total_capacity": 14.0 }, "geometry": { "type": "Point", "coordinates": [ -2.5725736, 51.4619945 ] } },
{ "type": "Feature", "properties": { "name": "210035", "dott_bicycle_capacity": null, "dott_scooter_capacity": 8.0, "dott_total_capacity": 8.0 }, "geometry": { "type": "Point", "coordinates": [ -2.5824961, 51.5364167 ] } },
{ "type": "Feature", "properties": { "name": "210097", "dott_bicycle_capacity": null, "dott_scooter_capacity": 9.0, "dott_total_capacity": 9.0 }, "geometry": { "type": "Point", "coordinates": [ -2.5715491, 51.5441246 ] } },
{ "type": "Feature", "properties": { "name": "300314", "dott_bicycle_capacity": null, "dott_scooter_capacity": 4.0, "dott_total_capacity": 4.0 }, "geometry": { "type": "Point", "coordinates": [ -2.6141092, 51.4399825 ] } },
{ "type": "Feature", "properties": { "name": "310162", "dott_bicycle_capacity": 8.0, "dott_scooter_capacity": 8.0, "dott_total_capacity": 16.0 }, "geometry": { "type": "Point", "coordinates": [ -2.6020209, 51.4925156 ] } },
{ "type": "Feature", "properties": { "name": "310442", "dott_bicycle_capacity": 7.0, "dott_scooter_capacity": 7.0, "dott_total_capacity": 14.0 }, "geometry": { "type": "Point", "coordinates": [ -2.563328, 51.460675 ] } },
{ "type": "Feature", "properties": { "name": "210009", "dott_bicycle_capacity": 10.0, "dott_scooter_capacity": 10.0, "dott_total_capacity": 20.0 }, "geometry": { "type": "Point", "coordinates": [ -2.520862, 51.494195 ] } },
{ "type": "Feature", "properties": { "name": "200189", "dott_bicycle_capacity": 10.0, "dott_scooter_capacity": 10.0, "dott_total_capacity": 20.0 }, "geometry": { "type": "Point", "coordinates": [ -2.4861234, 51.4604861 ] } },
{ "type": "Feature", "properties": { "name": "320034", "dott_bicycle_capacity": 40.0, "dott_scooter_capacity": 40.0, "dott_total_capacity": 80.0 }, "geometry": { "type": "Point", "coordinates": [ -2.59764, 51.447634 ] } },
{ "type": "Feature", "properties": { "name": "220123", "dott_bicycle_capacity": 9.0, "dott_scooter_capacity": 9.0, "dott_total_capacity": 18.0 }, "geometry": { "type": "Point", "coordinates": [ -2.4183439, 51.5388744 ] } },
{ "type": "Feature", "properties": { "name": "300519", "dott_bicycle_capacity": 13.0, "dott_scooter_capacity": 13.0, "dott_total_capacity": 26.0 }, "geometry": { "type": "Point", "coordinates": [ -2.5665299, 51.485801 ] } },
{ "type": "Feature", "properties": { "name": "200081", "dott_bicycle_capacity": 20.0, "dott_scooter_capacity": 20.0, "dott_total_capacity": 40.0 }, "geometry": { "type": "Point", "coordinates": [ -2.5628433, 51.5348664 ] } },
{ "type": "Feature", "properties": { "name": "300646", "dott_bicycle_capacity": null, "dott_scooter_capacity": 7.0, "dott_total_capacity": 7.0 }, "geometry": { "type": "Point", "coordinates": [ -2.5767493, 51.4415296 ] } },
{ "type": "Feature", "properties": { "name": "210412", "dott_bicycle_capacity": 8.0, "dott_scooter_capacity": 8.0, "dott_total_capacity": 16.0 }, "geometry": { "type": "Point", "coordinates": [ -2.589101, 51.527213 ] } },
{ "type": "Feature", "properties": { "name": "200147", "dott_bicycle_capacity": 20.0, "dott_scooter_capacity": 20.0, "dott_total_capacity": 40.0 }, "geometry": { "type": "Point", "coordinates": [ -2.5335362, 51.5257477 ] } },
{ "type": "Feature", "properties": { "name": "200013", "dott_bicycle_capacity": 1.0, "dott_scooter_capacity": 12.0, "dott_total_capacity": 13.0 }, "geometry": { "type": "Point", "coordinates": [ -2.4923462, 51.4653231 ] } },
{ "type": "Feature", "properties": { "name": "200139", "dott_bicycle_capacity": 20.0, "dott_scooter_capacity": 20.0, "dott_total_capacity": 40.0 }, "geometry": { "type": "Point", "coordinates": [ -2.490187, 51.4612174 ] } },
{ "type": "Feature", "properties": { "name": "200216", "dott_bicycle_capacity": null, "dott_scooter_capacity": 6.0, "dott_total_capacity": 6.0 }, "geometry": { "type": "Point", "coordinates": [ -2.5464596, 51.5332689 ] } },
{ "type": "Feature", "properties": { "name": "200102", "dott_bicycle_capacity": 15.0, "dott_scooter_capacity": 15.0, "dott_total_capacity": 30.0 }, "geometry": { "type": "Point", "coordinates": [ -2.5771872, 51.5295531 ] } },
{ "type": "Feature", "properties": { "name": "300202", "dott_bicycle_capacity": 12.0, "dott_scooter_capacity": 12.0, "dott_total_capacity": 24.0 }, "geometry": { "type": "Point", "coordinates": [ -2.6482044, 51.4879816 ] } },
{ "type": "Feature", "properties": { "name": "220157", "dott_bicycle_capacity": 10.0, "dott_scooter_capacity": 10.0, "dott_total_capacity": 20.0 }, "geometry": { "type": "Point", "coordinates": [ -2.4098322, 51.5399332 ] } },
{ "type": "Feature", "properties": { "name": "310426", "dott_bicycle_capacity": 6.0, "dott_scooter_capacity": 6.0, "dott_total_capacity": 12.0 }, "geometry": { "type": "Point", "coordinates": [ -2.551016, 51.485297 ] } },
{ "type": "Feature", "properties": { "name": "300655", "dott_bicycle_capacity": 14.0, "dott_scooter_capacity": 14.0, "dott_total_capacity": 28.0 }, "geometry": { "type": "Point", "coordinates": [ -2.5769021, 51.4607432 ] } },
{ "type": "Feature", "properties": { "name": "220027", "dott_bicycle_capacity": null, "dott_scooter_capacity": 6.0, "dott_total_capacity": 6.0 }, "geometry": { "type": "Point", "coordinates": [ -2.47163, 51.43894 ] } },
{ "type": "Feature", "properties": { "name": "200265", "dott_bicycle_capacity": 20.0, "dott_scooter_capacity": 20.0, "dott_total_capacity": 40.0 }, "geometry": { "type": "Point", "coordinates": [ -2.4860101, 51.4630754 ] } },
{ "type": "Feature", "properties": { "name": "300493", "dott_bicycle_capacity": 12.0, "dott_scooter_capacity": 12.0, "dott_total_capacity": 24.0 }, "geometry": { "type": "Point", "coordinates": [ -2.5861175, 51.4458375 ] } },
{ "type": "Feature", "properties": { "name": "300240", "dott_bicycle_capacity": 16.0, "dott_scooter_capacity": 16.0, "dott_total_capacity": 32.0 }, "geometry": { "type": "Point", "coordinates": [ -2.6955275, 51.5104413 ] } },
{ "type": "Feature", "properties": { "name": "300517", "dott_bicycle_capacity": 50.0, "dott_scooter_capacity": 50.0, "dott_total_capacity": 100.0 }, "geometry": { "type": "Point", "coordinates": [ -2.592508, 51.45488 ] } },
{ "type": "Feature", "properties": { "name": "310008", "dott_bicycle_capacity": 12.0, "dott_scooter_capacity": 12.0, "dott_total_capacity": 24.0 }, "geometry": { "type": "Point", "coordinates": [ -2.6025773, 51.4121305 ] } },
{ "type": "Feature", "properties": { "name": "300441", "dott_bicycle_capacity": 0.0, "dott_scooter_capacity": 0.0, "dott_total_capacity": 0.0 }, "geometry": { "type": "Point", "coordinates": [ -2.56667, 51.434355 ] } },
{ "type": "Feature", "properties": { "name": "210108", "dott_bicycle_capacity": null, "dott_scooter_capacity": 8.0, "dott_total_capacity": 8.0 }, "geometry": { "type": "Point", "coordinates": [ -2.4953264, 51.4740132 ] } },
{ "type": "Feature", "properties": { "name": "300394", "dott_bicycle_capacity": null, "dott_scooter_capacity": 10.0, "dott_total_capacity": 10.0 }, "geometry": { "type": "Point", "coordinates": [ -2.55319, 51.459679 ] } },
{ "type": "Feature", "properties": { "name": "300071", "dott_bicycle_capacity": null, "dott_scooter_capacity": 6.0, "dott_total_capacity": 6.0 }, "geometry": { "type": "Point", "coordinates": [ -2.623166, 51.416922 ] } },
{ "type": "Feature", "properties": { "name": "310346", "dott_bicycle_capacity": 8.0, "dott_scooter_capacity": 8.0, "dott_total_capacity": 16.0 }, "geometry": { "type": "Point", "coordinates": [ -2.625588, 51.415655 ] } },
{ "type": "Feature", "properties": { "name": "210110", "dott_bicycle_capacity": 8.0, "dott_scooter_capacity": 8.0, "dott_total_capacity": 16.0 }, "geometry": { "type": "Point", "coordinates": [ -2.490333, 51.4626472 ] } },
{ "type": "Feature", "properties": { "name": "200021", "dott_bicycle_capacity": null, "dott_scooter_capacity": 6.0, "dott_total_capacity": 6.0 }, "geometry": { "type": "Point", "coordinates": [ -2.5822915, 51.5024465 ] } },
{ "type": "Feature", "properties": { "name": "210140", "dott_bicycle_capacity": 1.0, "dott_scooter_capacity": 12.0, "dott_total_capacity": 13.0 }, "geometry": { "type": "Point", "coordinates": [ -2.5507064, 51.5010135 ] } },
{ "type": "Feature", "properties": { "name": "200215", "dott_bicycle_capacity": null, "dott_scooter_capacity": 10.0, "dott_total_capacity": 10.0 }, "geometry": { "type": "Point", "coordinates": [ -2.5354412, 51.5243278 ] } },
{ "type": "Feature", "properties": { "name": "200271", "dott_bicycle_capacity": 10.0, "dott_scooter_capacity": 10.0, "dott_total_capacity": 20.0 }, "geometry": { "type": "Point", "coordinates": [ -2.5604808, 51.5000438 ] } },
{ "type": "Feature", "properties": { "name": "300674", "dott_bicycle_capacity": 10.0, "dott_scooter_capacity": 10.0, "dott_total_capacity": 20.0 }, "geometry": { "type": "Point", "coordinates": [ -2.581631, 51.4956813 ] } },
{ "type": "Feature", "properties": { "name": "310012", "dott_bicycle_capacity": 6.0, "dott_scooter_capacity": 6.0, "dott_total_capacity": 12.0 }, "geometry": { "type": "Point", "coordinates": [ -2.6133141, 51.4075059 ] } },
{ "type": "Feature", "properties": { "name": "220073", "dott_bicycle_capacity": null, "dott_scooter_capacity": 6.0, "dott_total_capacity": 6.0 }, "geometry": { "type": "Point", "coordinates": [ -2.4894946, 51.5366865 ] } },
{ "type": "Feature", "properties": { "name": "220072", "dott_bicycle_capacity": 8.0, "dott_scooter_capacity": 8.0, "dott_total_capacity": 16.0 }, "geometry": { "type": "Point", "coordinates": [ -2.495414, 51.534051 ] } },
{ "type": "Feature", "properties": { "name": "320049", "dott_bicycle_capacity": 22.0, "dott_scooter_capacity": 22.0, "dott_total_capacity": 44.0 }, "geometry": { "type": "Point", "coordinates": [ -2.5808076, 51.4775652 ] } },
{ "type": "Feature", "properties": { "name": "220050", "dott_bicycle_capacity": 8.0, "dott_scooter_capacity": 8.0, "dott_total_capacity": 16.0 }, "geometry": { "type": "Point", "coordinates": [ -2.50222, 51.516253 ] } },
{ "type": "Feature", "properties": { "name": "310494", "dott_bicycle_capacity": 23.0, "dott_scooter_capacity": 23.0, "dott_total_capacity": 46.0 }, "geometry": { "type": "Point", "coordinates": [ -2.58838, 51.473249 ] } },
{ "type": "Feature", "properties": { "name": "310088", "dott_bicycle_capacity": 12.0, "dott_scooter_capacity": 12.0, "dott_total_capacity": 24.0 }, "geometry": { "type": "Point", "coordinates": [ -2.58347, 51.458801 ] } },
{ "type": "Feature", "properties": { "name": "310381", "dott_bicycle_capacity": 10.0, "dott_scooter_capacity": 10.0, "dott_total_capacity": 20.0 }, "geometry": { "type": "Point", "coordinates": [ -2.5929239, 51.4616978 ] } },
{ "type": "Feature", "properties": { "name": "320001", "dott_bicycle_capacity": 10.0, "dott_scooter_capacity": 10.0, "dott_total_capacity": 20.0 }, "geometry": { "type": "Point", "coordinates": [ -2.6229712, 51.4642267 ] } },
{ "type": "Feature", "properties": { "name": "300776", "dott_bicycle_capacity": 10.0, "dott_scooter_capacity": 10.0, "dott_total_capacity": 20.0 }, "geometry": { "type": "Point", "coordinates": [ -2.5705213, 51.406878 ] } },
{ "type": "Feature", "properties": { "name": "300133", "dott_bicycle_capacity": 7.0, "dott_scooter_capacity": 7.0, "dott_total_capacity": 14.0 }, "geometry": { "type": "Point", "coordinates": [ -2.611351, 51.473124 ] } },
{ "type": "Feature", "properties": { "name": "210017", "dott_bicycle_capacity": 6.0, "dott_scooter_capacity": 6.0, "dott_total_capacity": 12.0 }, "geometry": { "type": "Point", "coordinates": [ -2.5095514, 51.4994115 ] } },
{ "type": "Feature", "properties": { "name": "200080", "dott_bicycle_capacity": 16.0, "dott_scooter_capacity": 16.0, "dott_total_capacity": 32.0 }, "geometry": { "type": "Point", "coordinates": [ -2.5180847, 51.4494919 ] } },
{ "type": "Feature", "properties": { "name": "300263", "dott_bicycle_capacity": 20.0, "dott_scooter_capacity": 20.0, "dott_total_capacity": 40.0 }, "geometry": { "type": "Point", "coordinates": [ -2.545819, 51.4538121 ] } },
{ "type": "Feature", "properties": { "name": "220004", "dott_bicycle_capacity": 10.0, "dott_scooter_capacity": 10.0, "dott_total_capacity": 20.0 }, "geometry": { "type": "Point", "coordinates": [ -2.46958, 51.44048 ] } },
{ "type": "Feature", "properties": { "name": "200255", "dott_bicycle_capacity": 15.0, "dott_scooter_capacity": 15.0, "dott_total_capacity": 30.0 }, "geometry": { "type": "Point", "coordinates": [ -2.5818069, 51.5065815 ] } },
{ "type": "Feature", "properties": { "name": "200117", "dott_bicycle_capacity": 8.0, "dott_scooter_capacity": 8.0, "dott_total_capacity": 16.0 }, "geometry": { "type": "Point", "coordinates": [ -2.5767605, 51.5316198 ] } },
{ "type": "Feature", "properties": { "name": "300151", "dott_bicycle_capacity": null, "dott_scooter_capacity": 16.0, "dott_total_capacity": 16.0 }, "geometry": { "type": "Point", "coordinates": [ -2.597493, 51.455892 ] } },
{ "type": "Feature", "properties": { "name": "200085", "dott_bicycle_capacity": 16.0, "dott_scooter_capacity": 16.0, "dott_total_capacity": 32.0 }, "geometry": { "type": "Point", "coordinates": [ -2.5073011, 51.4511556 ] } },
{ "type": "Feature", "properties": { "name": "310350", "dott_bicycle_capacity": 8.0, "dott_scooter_capacity": 8.0, "dott_total_capacity": 16.0 }, "geometry": { "type": "Point", "coordinates": [ -2.614513, 51.414561 ] } },
{ "type": "Feature", "properties": { "name": "300675", "dott_bicycle_capacity": 10.0, "dott_scooter_capacity": 10.0, "dott_total_capacity": 20.0 }, "geometry": { "type": "Point", "coordinates": [ -2.5849166, 51.4899299 ] } },
{ "type": "Feature", "properties": { "name": "210026", "dott_bicycle_capacity": null, "dott_scooter_capacity": 8.0, "dott_total_capacity": 8.0 }, "geometry": { "type": "Point", "coordinates": [ -2.493972, 51.496483 ] } },
{ "type": "Feature", "properties": { "name": "TEST DHL", "dott_bicycle_capacity": 40.0, "dott_scooter_capacity": 40.0, "dott_total_capacity": 80.0 }, "geometry": { "type": "Point", "coordinates": [ -2.6794648, 51.5272559 ] } },
{ "type": "Feature", "properties": { "name": "300245", "dott_bicycle_capacity": 10.0, "dott_scooter_capacity": 10.0, "dott_total_capacity": 20.0 }, "geometry": { "type": "Point", "coordinates": [ -2.5631689, 51.4641248 ] } },
{ "type": "Feature", "properties": { "name": "300644", "dott_bicycle_capacity": 8.0, "dott_scooter_capacity": 8.0, "dott_total_capacity": 16.0 }, "geometry": { "type": "Point", "coordinates": [ -2.6138714, 51.4687175 ] } },
{ "type": "Feature", "properties": { "name": "310369", "dott_bicycle_capacity": 8.0, "dott_scooter_capacity": 8.0, "dott_total_capacity": 16.0 }, "geometry": { "type": "Point", "coordinates": [ -2.68777, 51.497492 ] } },
{ "type": "Feature", "properties": { "name": "210106", "dott_bicycle_capacity": 10.0, "dott_scooter_capacity": 10.0, "dott_total_capacity": 20.0 }, "geometry": { "type": "Point", "coordinates": [ -2.4930388, 51.4721171 ] } },
{ "type": "Feature", "properties": { "name": "310028", "dott_bicycle_capacity": null, "dott_scooter_capacity": 4.0, "dott_total_capacity": 4.0 }, "geometry": { "type": "Point", "coordinates": [ -2.6168376, 51.413309 ] } },
{ "type": "Feature", "properties": { "name": "310001", "dott_bicycle_capacity": 7.0, "dott_scooter_capacity": 7.0, "dott_total_capacity": 14.0 }, "geometry": { "type": "Point", "coordinates": [ -2.543798, 51.4508149 ] } },
{ "type": "Feature", "properties": { "name": "300182", "dott_bicycle_capacity": 8.0, "dott_scooter_capacity": 8.0, "dott_total_capacity": 16.0 }, "geometry": { "type": "Point", "coordinates": [ -2.6351954, 51.5077175 ] } },
{ "type": "Feature", "properties": { "name": "300433", "dott_bicycle_capacity": 6.0, "dott_scooter_capacity": 6.0, "dott_total_capacity": 12.0 }, "geometry": { "type": "Point", "coordinates": [ -2.5876893, 51.4229154 ] } },
{ "type": "Feature", "properties": { "name": "320019", "dott_bicycle_capacity": 18.0, "dott_scooter_capacity": 18.0, "dott_total_capacity": 36.0 }, "geometry": { "type": "Point", "coordinates": [ -2.5890541, 51.4804064 ] } },
{ "type": "Feature", "properties": { "name": "320077", "dott_bicycle_capacity": 20.0, "dott_scooter_capacity": 20.0, "dott_total_capacity": 40.0 }, "geometry": { "type": "Point", "coordinates": [ -2.564963, 51.461635 ] } },
{ "type": "Feature", "properties": { "name": "310245", "dott_bicycle_capacity": null, "dott_scooter_capacity": 7.0, "dott_total_capacity": 7.0 }, "geometry": { "type": "Point", "coordinates": [ -2.5334949, 51.4322007 ] } },
{ "type": "Feature", "properties": { "name": "210135", "dott_bicycle_capacity": null, "dott_scooter_capacity": 20.0, "dott_total_capacity": 20.0 }, "geometry": { "type": "Point", "coordinates": [ -2.5521288, 51.5001758 ] } },
{ "type": "Feature", "properties": { "name": "300669", "dott_bicycle_capacity": 20.0, "dott_scooter_capacity": 20.0, "dott_total_capacity": 40.0 }, "geometry": { "type": "Point", "coordinates": [ -2.583493, 51.453979 ] } },
{ "type": "Feature", "properties": { "name": "300726", "dott_bicycle_capacity": 16.0, "dott_scooter_capacity": 16.0, "dott_total_capacity": 32.0 }, "geometry": { "type": "Point", "coordinates": [ -2.609553, 51.463588 ] } },
{ "type": "Feature", "properties": { "name": "300802", "dott_bicycle_capacity": 6.0, "dott_scooter_capacity": 6.0, "dott_total_capacity": 12.0 }, "geometry": { "type": "Point", "coordinates": [ -2.5687465, 51.4122908 ] } },
{ "type": "Feature", "properties": { "name": "300027", "dott_bicycle_capacity": 20.0, "dott_scooter_capacity": 20.0, "dott_total_capacity": 40.0 }, "geometry": { "type": "Point", "coordinates": [ -2.5949819, 51.4208819 ] } },
{ "type": "Feature", "properties": { "name": "220136", "dott_bicycle_capacity": null, "dott_scooter_capacity": 12.0, "dott_total_capacity": 12.0 }, "geometry": { "type": "Point", "coordinates": [ -2.4355758, 51.5510866 ] } },
{ "type": "Feature", "properties": { "name": "210136", "dott_bicycle_capacity": 30.0, "dott_scooter_capacity": 30.0, "dott_total_capacity": 60.0 }, "geometry": { "type": "Point", "coordinates": [ -2.55051, 51.499884 ] } },
{ "type": "Feature", "properties": { "name": "300759", "dott_bicycle_capacity": null, "dott_scooter_capacity": 5.0, "dott_total_capacity": 5.0 }, "geometry": { "type": "Point", "coordinates": [ -2.6156733, 51.4081436 ] } },
{ "type": "Feature", "properties": { "name": "320033", "dott_bicycle_capacity": 20.0, "dott_scooter_capacity": 20.0, "dott_total_capacity": 40.0 }, "geometry": { "type": "Point", "coordinates": [ -2.5662213, 51.445554 ] } },
{ "type": "Feature", "properties": { "name": "200136", "dott_bicycle_capacity": 15.0, "dott_scooter_capacity": 15.0, "dott_total_capacity": 30.0 }, "geometry": { "type": "Point", "coordinates": [ -2.5094615, 51.4628456 ] } },
{ "type": "Feature", "properties": { "name": "220289", "dott_bicycle_capacity": 20.0, "dott_scooter_capacity": 20.0, "dott_total_capacity": 40.0 }, "geometry": { "type": "Point", "coordinates": [ -2.574104, 51.506617 ] } },
{ "type": "Feature", "properties": { "name": "210028", "dott_bicycle_capacity": null, "dott_scooter_capacity": 8.0, "dott_total_capacity": 8.0 }, "geometry": { "type": "Point", "coordinates": [ -2.4956722, 51.4952541 ] } },
{ "type": "Feature", "properties": { "name": "320035", "dott_bicycle_capacity": 20.0, "dott_scooter_capacity": 20.0, "dott_total_capacity": 40.0 }, "geometry": { "type": "Point", "coordinates": [ -2.5594041, 51.44671 ] } },
{ "type": "Feature", "properties": { "name": "210084", "dott_bicycle_capacity": null, "dott_scooter_capacity": 6.0, "dott_total_capacity": 6.0 }, "geometry": { "type": "Point", "coordinates": [ -2.5642067, 51.5345258 ] } },
{ "type": "Feature", "properties": { "name": "200041", "dott_bicycle_capacity": 16.0, "dott_scooter_capacity": 16.0, "dott_total_capacity": 32.0 }, "geometry": { "type": "Point", "coordinates": [ -2.5078952, 51.4783347 ] } },
{ "type": "Feature", "properties": { "name": "300302", "dott_bicycle_capacity": 0.0, "dott_scooter_capacity": 0.0, "dott_total_capacity": 0.0 }, "geometry": { "type": "Point", "coordinates": [ -2.5888019, 51.4517964 ] } },
{ "type": "Feature", "properties": { "name": "300315", "dott_bicycle_capacity": 10.0, "dott_scooter_capacity": 10.0, "dott_total_capacity": 20.0 }, "geometry": { "type": "Point", "coordinates": [ -2.5762807, 51.4410236 ] } },
{ "type": "Feature", "properties": { "name": "200193", "dott_bicycle_capacity": 5.0, "dott_scooter_capacity": 5.0, "dott_total_capacity": 10.0 }, "geometry": { "type": "Point", "coordinates": [ -2.49034, 51.499946 ] } },
{ "type": "Feature", "properties": { "name": "310514", "dott_bicycle_capacity": 24.0, "dott_scooter_capacity": 24.0, "dott_total_capacity": 48.0 }, "geometry": { "type": "Point", "coordinates": [ -2.605551, 51.462263 ] } },
{ "type": "Feature", "properties": { "name": "300299", "dott_bicycle_capacity": 0.0, "dott_scooter_capacity": 0.0, "dott_total_capacity": 0.0 }, "geometry": { "type": "Point", "coordinates": [ -2.5853017, 51.4500695 ] } },
{ "type": "Feature", "properties": { "name": "210098", "dott_bicycle_capacity": 10.0, "dott_scooter_capacity": 10.0, "dott_total_capacity": 20.0 }, "geometry": { "type": "Point", "coordinates": [ -2.5833151, 51.5296684 ] } },
{ "type": "Feature", "properties": { "name": "210044", "dott_bicycle_capacity": 6.0, "dott_scooter_capacity": 6.0, "dott_total_capacity": 12.0 }, "geometry": { "type": "Point", "coordinates": [ -2.483461, 51.473955 ] } },
{ "type": "Feature", "properties": { "name": "210094", "dott_bicycle_capacity": null, "dott_scooter_capacity": 4.0, "dott_total_capacity": 4.0 }, "geometry": { "type": "Point", "coordinates": [ -2.4800228, 51.4859587 ] } },
{ "type": "Feature", "properties": { "name": "300247", "dott_bicycle_capacity": 10.0, "dott_scooter_capacity": 10.0, "dott_total_capacity": 20.0 }, "geometry": { "type": "Point", "coordinates": [ -2.5679115, 51.4581415 ] } },
{ "type": "Feature", "properties": { "name": "210101", "dott_bicycle_capacity": null, "dott_scooter_capacity": 6.0, "dott_total_capacity": 6.0 }, "geometry": { "type": "Point", "coordinates": [ -2.5504248, 51.5314844 ] } },
{ "type": "Feature", "properties": { "name": "310267", "dott_bicycle_capacity": 20.0, "dott_scooter_capacity": 20.0, "dott_total_capacity": 40.0 }, "geometry": { "type": "Point", "coordinates": [ -2.589308, 51.459467 ] } },
{ "type": "Feature", "properties": { "name": "300156", "dott_bicycle_capacity": null, "dott_scooter_capacity": 6.0, "dott_total_capacity": 6.0 }, "geometry": { "type": "Point", "coordinates": [ -2.5606888, 51.4738977 ] } },
{ "type": "Feature", "properties": { "name": "300391", "dott_bicycle_capacity": 6.0, "dott_scooter_capacity": 6.0, "dott_total_capacity": 12.0 }, "geometry": { "type": "Point", "coordinates": [ -2.572422, 51.497431 ] } },
{ "type": "Feature", "properties": { "name": "200001", "dott_bicycle_capacity": null, "dott_scooter_capacity": 20.0, "dott_total_capacity": 20.0 }, "geometry": { "type": "Point", "coordinates": [ -2.541139, 51.5165379 ] } },
{ "type": "Feature", "properties": { "name": "220042", "dott_bicycle_capacity": 6.0, "dott_scooter_capacity": 6.0, "dott_total_capacity": 12.0 }, "geometry": { "type": "Point", "coordinates": [ -2.4701426, 51.4954694 ] } },
{ "type": "Feature", "properties": { "name": "320092", "dott_bicycle_capacity": 30.0, "dott_scooter_capacity": 30.0, "dott_total_capacity": 60.0 }, "geometry": { "type": "Point", "coordinates": [ -2.631938, 51.443041 ] } },
{ "type": "Feature", "properties": { "name": "300171", "dott_bicycle_capacity": 6.0, "dott_scooter_capacity": 6.0, "dott_total_capacity": 12.0 }, "geometry": { "type": "Point", "coordinates": [ -2.6011218, 51.4991201 ] } },
{ "type": "Feature", "properties": { "name": "210047", "dott_bicycle_capacity": null, "dott_scooter_capacity": 8.0, "dott_total_capacity": 8.0 }, "geometry": { "type": "Point", "coordinates": [ -2.4848006, 51.4814228 ] } },
{ "type": "Feature", "properties": { "name": "320095", "dott_bicycle_capacity": 40.0, "dott_scooter_capacity": 40.0, "dott_total_capacity": 80.0 }, "geometry": { "type": "Point", "coordinates": [ -2.59864, 51.451234 ] } },
{ "type": "Feature", "properties": { "name": "200069", "dott_bicycle_capacity": 16.0, "dott_scooter_capacity": 16.0, "dott_total_capacity": 32.0 }, "geometry": { "type": "Point", "coordinates": [ -2.5522217, 51.5111031 ] } },
{ "type": "Feature", "properties": { "name": "300764", "dott_bicycle_capacity": null, "dott_scooter_capacity": 5.0, "dott_total_capacity": 5.0 }, "geometry": { "type": "Point", "coordinates": [ -2.6262518, 51.4055142 ] } },
{ "type": "Feature", "properties": { "name": "220051", "dott_bicycle_capacity": null, "dott_scooter_capacity": 6.0, "dott_total_capacity": 6.0 }, "geometry": { "type": "Point", "coordinates": [ -2.506701, 51.525587 ] } },
{ "type": "Feature", "properties": { "name": "310512", "dott_bicycle_capacity": 23.0, "dott_scooter_capacity": 23.0, "dott_total_capacity": 46.0 }, "geometry": { "type": "Point", "coordinates": [ -2.587337, 51.460526 ] } },
{ "type": "Feature", "properties": { "name": "200241", "dott_bicycle_capacity": null, "dott_scooter_capacity": 15.0, "dott_total_capacity": 15.0 }, "geometry": { "type": "Point", "coordinates": [ -2.4987168, 51.4568182 ] } },
{ "type": "Feature", "properties": { "name": "210038", "dott_bicycle_capacity": null, "dott_scooter_capacity": 6.0, "dott_total_capacity": 6.0 }, "geometry": { "type": "Point", "coordinates": [ -2.579262, 51.5364778 ] } },
{ "type": "Feature", "properties": { "name": "300437", "dott_bicycle_capacity": 12.0, "dott_scooter_capacity": 12.0, "dott_total_capacity": 24.0 }, "geometry": { "type": "Point", "coordinates": [ -2.591972, 51.425786 ] } },
{ "type": "Feature", "properties": { "name": "300064", "dott_bicycle_capacity": 12.0, "dott_scooter_capacity": 12.0, "dott_total_capacity": 24.0 }, "geometry": { "type": "Point", "coordinates": [ -2.6203643, 51.4130996 ] } },
{ "type": "Feature", "properties": { "name": "300187", "dott_bicycle_capacity": 7.0, "dott_scooter_capacity": 7.0, "dott_total_capacity": 14.0 }, "geometry": { "type": "Point", "coordinates": [ -2.6083818, 51.5102265 ] } },
{ "type": "Feature", "properties": { "name": "300044", "dott_bicycle_capacity": 8.0, "dott_scooter_capacity": 8.0, "dott_total_capacity": 16.0 }, "geometry": { "type": "Point", "coordinates": [ -2.5582489, 51.4664097 ] } },
{ "type": "Feature", "properties": { "name": "310408", "dott_bicycle_capacity": null, "dott_scooter_capacity": 4.0, "dott_total_capacity": 4.0 }, "geometry": { "type": "Point", "coordinates": [ -2.6002, 51.434647 ] } },
{ "type": "Feature", "properties": { "name": "300797", "dott_bicycle_capacity": null, "dott_scooter_capacity": 5.0, "dott_total_capacity": 5.0 }, "geometry": { "type": "Point", "coordinates": [ -2.543985, 51.4179348 ] } },
{ "type": "Feature", "properties": { "name": "310155", "dott_bicycle_capacity": 0.0, "dott_scooter_capacity": 0.0, "dott_total_capacity": 0.0 }, "geometry": { "type": "Point", "coordinates": [ -2.5716318, 51.4534772 ] } },
{ "type": "Feature", "properties": { "name": "200115", "dott_bicycle_capacity": null, "dott_scooter_capacity": 15.0, "dott_total_capacity": 15.0 }, "geometry": { "type": "Point", "coordinates": [ -2.5438118, 51.499372 ] } },
{ "type": "Feature", "properties": { "name": "300353", "dott_bicycle_capacity": 7.0, "dott_scooter_capacity": 7.0, "dott_total_capacity": 14.0 }, "geometry": { "type": "Point", "coordinates": [ -2.5500462, 51.4662981 ] } },
{ "type": "Feature", "properties": { "name": "200062", "dott_bicycle_capacity": 20.0, "dott_scooter_capacity": 20.0, "dott_total_capacity": 40.0 }, "geometry": { "type": "Point", "coordinates": [ -2.571414, 51.5164265 ] } },
{ "type": "Feature", "properties": { "name": "300612", "dott_bicycle_capacity": 8.0, "dott_scooter_capacity": 8.0, "dott_total_capacity": 16.0 }, "geometry": { "type": "Point", "coordinates": [ -2.6215404, 51.4535213 ] } },
{ "type": "Feature", "properties": { "name": "300642", "dott_bicycle_capacity": 8.0, "dott_scooter_capacity": 8.0, "dott_total_capacity": 16.0 }, "geometry": { "type": "Point", "coordinates": [ -2.5734777, 51.4366255 ] } },
{ "type": "Feature", "properties": { "name": "300727", "dott_bicycle_capacity": 12.0, "dott_scooter_capacity": 12.0, "dott_total_capacity": 24.0 }, "geometry": { "type": "Point", "coordinates": [ -2.6086361, 51.4612808 ] } },
{ "type": "Feature", "properties": { "name": "200273", "dott_bicycle_capacity": null, "dott_scooter_capacity": 10.0, "dott_total_capacity": 10.0 }, "geometry": { "type": "Point", "coordinates": [ -2.587332, 51.503739 ] } },
{ "type": "Feature", "properties": { "name": "200056", "dott_bicycle_capacity": 5.0, "dott_scooter_capacity": 5.0, "dott_total_capacity": 10.0 }, "geometry": { "type": "Point", "coordinates": [ -2.558489, 51.543012 ] } },
{ "type": "Feature", "properties": { "name": "300779", "dott_bicycle_capacity": 6.0, "dott_scooter_capacity": 6.0, "dott_total_capacity": 12.0 }, "geometry": { "type": "Point", "coordinates": [ -2.5460324, 51.4277942 ] } },
{ "type": "Feature", "properties": { "name": "210004", "dott_bicycle_capacity": 6.0, "dott_scooter_capacity": 6.0, "dott_total_capacity": 12.0 }, "geometry": { "type": "Point", "coordinates": [ -2.5765037, 51.5069188 ] } },
{ "type": "Feature", "properties": { "name": "300142", "dott_bicycle_capacity": 9.0, "dott_scooter_capacity": 9.0, "dott_total_capacity": 18.0 }, "geometry": { "type": "Point", "coordinates": [ -2.598804, 51.476645 ] } },
{ "type": "Feature", "properties": { "name": "310382", "dott_bicycle_capacity": 11.0, "dott_scooter_capacity": 11.0, "dott_total_capacity": 22.0 }, "geometry": { "type": "Point", "coordinates": [ -2.5824618, 51.4645805 ] } },
{ "type": "Feature", "properties": { "name": "300272", "dott_bicycle_capacity": 8.0, "dott_scooter_capacity": 8.0, "dott_total_capacity": 16.0 }, "geometry": { "type": "Point", "coordinates": [ -2.5418109, 51.4478261 ] } },
{ "type": "Feature", "properties": { "name": "320022", "dott_bicycle_capacity": 11.0, "dott_scooter_capacity": 11.0, "dott_total_capacity": 22.0 }, "geometry": { "type": "Point", "coordinates": [ -2.5821595, 51.4940719 ] } },
{ "type": "Feature", "properties": { "name": "310005", "dott_bicycle_capacity": null, "dott_scooter_capacity": 6.0, "dott_total_capacity": 6.0 }, "geometry": { "type": "Point", "coordinates": [ -2.5489686, 51.4449798 ] } },
{ "type": "Feature", "properties": { "name": "310530", "dott_bicycle_capacity": 12.0, "dott_scooter_capacity": 12.0, "dott_total_capacity": 24.0 }, "geometry": { "type": "Point", "coordinates": [ -2.617563, 51.468557 ] } },
{ "type": "Feature", "properties": { "name": "210078", "dott_bicycle_capacity": 6.0, "dott_scooter_capacity": 6.0, "dott_total_capacity": 12.0 }, "geometry": { "type": "Point", "coordinates": [ -2.5385174, 51.5274787 ] } },
{ "type": "Feature", "properties": { "name": "300099", "dott_bicycle_capacity": 14.0, "dott_scooter_capacity": 14.0, "dott_total_capacity": 28.0 }, "geometry": { "type": "Point", "coordinates": [ -2.617134, 51.453475 ] } },
{ "type": "Feature", "properties": { "name": "200237", "dott_bicycle_capacity": 20.0, "dott_scooter_capacity": 20.0, "dott_total_capacity": 40.0 }, "geometry": { "type": "Point", "coordinates": [ -2.493104, 51.456306 ] } },
{ "type": "Feature", "properties": { "name": "300019", "dott_bicycle_capacity": null, "dott_scooter_capacity": 8.0, "dott_total_capacity": 8.0 }, "geometry": { "type": "Point", "coordinates": [ -2.531548, 51.479458 ] } },
{ "type": "Feature", "properties": { "name": "310036", "dott_bicycle_capacity": 10.0, "dott_scooter_capacity": 10.0, "dott_total_capacity": 20.0 }, "geometry": { "type": "Point", "coordinates": [ -2.6128223, 51.4139346 ] } },
{ "type": "Feature", "properties": { "name": "300616", "dott_bicycle_capacity": 6.0, "dott_scooter_capacity": 6.0, "dott_total_capacity": 12.0 }, "geometry": { "type": "Point", "coordinates": [ -2.579302, 51.429476 ] } },
{ "type": "Feature", "properties": { "name": "300833", "dott_bicycle_capacity": 6.0, "dott_scooter_capacity": 6.0, "dott_total_capacity": 12.0 }, "geometry": { "type": "Point", "coordinates": [ -2.546408, 51.4708968 ] } },
{ "type": "Feature", "properties": { "name": "310385", "dott_bicycle_capacity": null, "dott_scooter_capacity": 6.0, "dott_total_capacity": 6.0 }, "geometry": { "type": "Point", "coordinates": [ -2.587212, 51.498139 ] } },
{ "type": "Feature", "properties": { "name": "300120", "dott_bicycle_capacity": null, "dott_scooter_capacity": 7.0, "dott_total_capacity": 7.0 }, "geometry": { "type": "Point", "coordinates": [ -2.5673044, 51.4679147 ] } },
{ "type": "Feature", "properties": { "name": "300192", "dott_bicycle_capacity": 8.0, "dott_scooter_capacity": 8.0, "dott_total_capacity": 16.0 }, "geometry": { "type": "Point", "coordinates": [ -2.680282, 51.4919729 ] } },
{ "type": "Feature", "properties": { "name": "300593", "dott_bicycle_capacity": 11.0, "dott_scooter_capacity": 11.0, "dott_total_capacity": 22.0 }, "geometry": { "type": "Point", "coordinates": [ -2.5733593, 51.458075 ] } },
{ "type": "Feature", "properties": { "name": "300789", "dott_bicycle_capacity": null, "dott_scooter_capacity": 6.0, "dott_total_capacity": 6.0 }, "geometry": { "type": "Point", "coordinates": [ -2.5617523, 51.4215215 ] } },
{ "type": "Feature", "properties": { "name": "300528", "dott_bicycle_capacity": 6.0, "dott_scooter_capacity": 6.0, "dott_total_capacity": 12.0 }, "geometry": { "type": "Point", "coordinates": [ -2.539601, 51.460301 ] } },
{ "type": "Feature", "properties": { "name": "300407", "dott_bicycle_capacity": 0.0, "dott_scooter_capacity": 0.0, "dott_total_capacity": 0.0 }, "geometry": { "type": "Point", "coordinates": [ -2.6144018, 51.4577976 ] } },
{ "type": "Feature", "properties": { "name": "300511", "dott_bicycle_capacity": null, "dott_scooter_capacity": 6.0, "dott_total_capacity": 6.0 }, "geometry": { "type": "Point", "coordinates": [ -2.6002991, 51.4353094 ] } },
{ "type": "Feature", "properties": { "name": "300214", "dott_bicycle_capacity": 16.0, "dott_scooter_capacity": 16.0, "dott_total_capacity": 32.0 }, "geometry": { "type": "Point", "coordinates": [ -2.602248, 51.503943 ] } },
{ "type": "Feature", "properties": { "name": "210116", "dott_bicycle_capacity": 10.0, "dott_scooter_capacity": 10.0, "dott_total_capacity": 20.0 }, "geometry": { "type": "Point", "coordinates": [ -2.4997761, 51.4635407 ] } },
{ "type": "Feature", "properties": { "name": "220079", "dott_bicycle_capacity": 6.0, "dott_scooter_capacity": 6.0, "dott_total_capacity": 12.0 }, "geometry": { "type": "Point", "coordinates": [ -2.472536, 51.533038 ] } },
{ "type": "Feature", "properties": { "name": "300567", "dott_bicycle_capacity": 14.0, "dott_scooter_capacity": 14.0, "dott_total_capacity": 28.0 }, "geometry": { "type": "Point", "coordinates": [ -2.6030835, 51.4383974 ] } },
{ "type": "Feature", "properties": { "name": "300288", "dott_bicycle_capacity": 6.0, "dott_scooter_capacity": 6.0, "dott_total_capacity": 12.0 }, "geometry": { "type": "Point", "coordinates": [ -2.5653718, 51.4325919 ] } },
{ "type": "Feature", "properties": { "name": "200278", "dott_bicycle_capacity": 20.0, "dott_scooter_capacity": 20.0, "dott_total_capacity": 40.0 }, "geometry": { "type": "Point", "coordinates": [ -2.5346607, 51.5259101 ] } },
{ "type": "Feature", "properties": { "name": "310063", "dott_bicycle_capacity": null, "dott_scooter_capacity": 0.0, "dott_total_capacity": 0.0 }, "geometry": { "type": "Point", "coordinates": [ -2.5903704, 51.4510353 ] } },
{ "type": "Feature", "properties": { "name": "310479", "dott_bicycle_capacity": 8.0, "dott_scooter_capacity": 8.0, "dott_total_capacity": 16.0 }, "geometry": { "type": "Point", "coordinates": [ -2.688855, 51.521595 ] } },
{ "type": "Feature", "properties": { "name": "300092", "dott_bicycle_capacity": 0.0, "dott_scooter_capacity": 0.0, "dott_total_capacity": 0.0 }, "geometry": { "type": "Point", "coordinates": [ -2.5962563, 51.449956 ] } },
{ "type": "Feature", "properties": { "name": "300641", "dott_bicycle_capacity": 10.0, "dott_scooter_capacity": 10.0, "dott_total_capacity": 20.0 }, "geometry": { "type": "Point", "coordinates": [ -2.6147173, 51.4674971 ] } },
{ "type": "Feature", "properties": { "name": "220143", "dott_bicycle_capacity": null, "dott_scooter_capacity": 8.0, "dott_total_capacity": 8.0 }, "geometry": { "type": "Point", "coordinates": [ -2.4097508, 51.5403285 ] } },
{ "type": "Feature", "properties": { "name": "300118", "dott_bicycle_capacity": 10.0, "dott_scooter_capacity": 10.0, "dott_total_capacity": 20.0 }, "geometry": { "type": "Point", "coordinates": [ -2.5766315, 51.4610489 ] } },
{ "type": "Feature", "properties": { "name": "300627", "dott_bicycle_capacity": 6.0, "dott_scooter_capacity": 6.0, "dott_total_capacity": 12.0 }, "geometry": { "type": "Point", "coordinates": [ -2.610564, 51.465671 ] } },
{ "type": "Feature", "properties": { "name": "220046", "dott_bicycle_capacity": 10.0, "dott_scooter_capacity": 10.0, "dott_total_capacity": 20.0 }, "geometry": { "type": "Point", "coordinates": [ -2.4764098, 51.5008731 ] } },
{ "type": "Feature", "properties": { "name": "320091", "dott_bicycle_capacity": 12.0, "dott_scooter_capacity": 12.0, "dott_total_capacity": 24.0 }, "geometry": { "type": "Point", "coordinates": [ -2.6072109, 51.4485948 ] } },
{ "type": "Feature", "properties": { "name": "200084", "dott_bicycle_capacity": 8.0, "dott_scooter_capacity": 8.0, "dott_total_capacity": 16.0 }, "geometry": { "type": "Point", "coordinates": [ -2.5857562, 51.5042011 ] } },
{ "type": "Feature", "properties": { "name": "220007", "dott_bicycle_capacity": 10.0, "dott_scooter_capacity": 10.0, "dott_total_capacity": 20.0 }, "geometry": { "type": "Point", "coordinates": [ -2.475819, 51.443903 ] } },
{ "type": "Feature", "properties": { "name": "320067", "dott_bicycle_capacity": 20.0, "dott_scooter_capacity": 20.0, "dott_total_capacity": 40.0 }, "geometry": { "type": "Point", "coordinates": [ -2.594085, 51.460399 ] } },
{ "type": "Feature", "properties": { "name": "210029", "dott_bicycle_capacity": 10.0, "dott_scooter_capacity": 10.0, "dott_total_capacity": 20.0 }, "geometry": { "type": "Point", "coordinates": [ -2.494303, 51.494544 ] } },
{ "type": "Feature", "properties": { "name": "210059", "dott_bicycle_capacity": 8.0, "dott_scooter_capacity": 8.0, "dott_total_capacity": 16.0 }, "geometry": { "type": "Point", "coordinates": [ -2.487511, 51.4836893 ] } },
{ "type": "Feature", "properties": { "name": "200071", "dott_bicycle_capacity": 20.0, "dott_scooter_capacity": 20.0, "dott_total_capacity": 40.0 }, "geometry": { "type": "Point", "coordinates": [ -2.558105, 51.507356 ] } },
{ "type": "Feature", "properties": { "name": "300557", "dott_bicycle_capacity": 18.0, "dott_scooter_capacity": 18.0, "dott_total_capacity": 36.0 }, "geometry": { "type": "Point", "coordinates": [ -2.5365785, 51.4772343 ] } },
{ "type": "Feature", "properties": { "name": "220134", "dott_bicycle_capacity": 16.0, "dott_scooter_capacity": 16.0, "dott_total_capacity": 32.0 }, "geometry": { "type": "Point", "coordinates": [ -2.4227989, 51.5391413 ] } },
{ "type": "Feature", "properties": { "name": "300336", "dott_bicycle_capacity": 12.0, "dott_scooter_capacity": 12.0, "dott_total_capacity": 24.0 }, "geometry": { "type": "Point", "coordinates": [ -2.530031, 51.4573 ] } },
{ "type": "Feature", "properties": { "name": "300416", "dott_bicycle_capacity": null, "dott_scooter_capacity": 5.0, "dott_total_capacity": 5.0 }, "geometry": { "type": "Point", "coordinates": [ -2.599511, 51.4232266 ] } },
{ "type": "Feature", "properties": { "name": "310501", "dott_bicycle_capacity": 23.0, "dott_scooter_capacity": 23.0, "dott_total_capacity": 46.0 }, "geometry": { "type": "Point", "coordinates": [ -2.586124, 51.472354 ] } },
{ "type": "Feature", "properties": { "name": "300523", "dott_bicycle_capacity": 14.0, "dott_scooter_capacity": 14.0, "dott_total_capacity": 28.0 }, "geometry": { "type": "Point", "coordinates": [ -2.5516078, 51.4720191 ] } },
{ "type": "Feature", "properties": { "name": "300082", "dott_bicycle_capacity": 0.0, "dott_scooter_capacity": 0.0, "dott_total_capacity": 0.0 }, "geometry": { "type": "Point", "coordinates": [ -2.6190759, 51.4554273 ] } },
{ "type": "Feature", "properties": { "name": "310296", "dott_bicycle_capacity": 4.0, "dott_scooter_capacity": 4.0, "dott_total_capacity": 8.0 }, "geometry": { "type": "Point", "coordinates": [ -2.565961, 51.424241 ] } },
{ "type": "Feature", "properties": { "name": "300081", "dott_bicycle_capacity": 4.0, "dott_scooter_capacity": 4.0, "dott_total_capacity": 8.0 }, "geometry": { "type": "Point", "coordinates": [ -2.5815107, 51.4652597 ] } },
{ "type": "Feature", "properties": { "name": "200256", "dott_bicycle_capacity": null, "dott_scooter_capacity": 6.0, "dott_total_capacity": 6.0 }, "geometry": { "type": "Point", "coordinates": [ -2.4715204, 51.4914388 ] } },
{ "type": "Feature", "properties": { "name": "300551", "dott_bicycle_capacity": 7.0, "dott_scooter_capacity": 7.0, "dott_total_capacity": 14.0 }, "geometry": { "type": "Point", "coordinates": [ -2.541543, 51.4659188 ] } },
{ "type": "Feature", "properties": { "name": "200202", "dott_bicycle_capacity": 10.0, "dott_scooter_capacity": 10.0, "dott_total_capacity": 20.0 }, "geometry": { "type": "Point", "coordinates": [ -2.5471557, 51.5358865 ] } },
{ "type": "Feature", "properties": { "name": "300382", "dott_bicycle_capacity": 6.0, "dott_scooter_capacity": 6.0, "dott_total_capacity": 12.0 }, "geometry": { "type": "Point", "coordinates": [ -2.5380026, 51.4602094 ] } },
{ "type": "Feature", "properties": { "name": "300344", "dott_bicycle_capacity": 6.0, "dott_scooter_capacity": 6.0, "dott_total_capacity": 12.0 }, "geometry": { "type": "Point", "coordinates": [ -2.5346167, 51.4588717 ] } },
{ "type": "Feature", "properties": { "name": "300686", "dott_bicycle_capacity": 10.0, "dott_scooter_capacity": 10.0, "dott_total_capacity": 20.0 }, "geometry": { "type": "Point", "coordinates": [ -2.567682, 51.489321 ] } },
{ "type": "Feature", "properties": { "name": "310511", "dott_bicycle_capacity": 40.0, "dott_scooter_capacity": 40.0, "dott_total_capacity": 80.0 }, "geometry": { "type": "Point", "coordinates": [ -2.589738, 51.455608 ] } },
{ "type": "Feature", "properties": { "name": "300042", "dott_bicycle_capacity": 0.0, "dott_scooter_capacity": 0.0, "dott_total_capacity": 0.0 }, "geometry": { "type": "Point", "coordinates": [ -2.5976228, 51.4621705 ] } },
{ "type": "Feature", "properties": { "name": "300601", "dott_bicycle_capacity": 20.0, "dott_scooter_capacity": 20.0, "dott_total_capacity": 40.0 }, "geometry": { "type": "Point", "coordinates": [ -2.575611, 51.466396 ] } },
{ "type": "Feature", "properties": { "name": "300756", "dott_bicycle_capacity": null, "dott_scooter_capacity": 5.0, "dott_total_capacity": 5.0 }, "geometry": { "type": "Point", "coordinates": [ -2.5898667, 51.4436577 ] } },
{ "type": "Feature", "properties": { "name": "300709", "dott_bicycle_capacity": 11.0, "dott_scooter_capacity": 11.0, "dott_total_capacity": 22.0 }, "geometry": { "type": "Point", "coordinates": [ -2.6125489, 51.4579072 ] } },
{ "type": "Feature", "properties": { "name": "300731", "dott_bicycle_capacity": 8.0, "dott_scooter_capacity": 8.0, "dott_total_capacity": 16.0 }, "geometry": { "type": "Point", "coordinates": [ -2.5831774, 51.4408398 ] } },
{ "type": "Feature", "properties": { "name": "200224", "dott_bicycle_capacity": null, "dott_scooter_capacity": 10.0, "dott_total_capacity": 10.0 }, "geometry": { "type": "Point", "coordinates": [ -2.5336322, 51.5221521 ] } },
{ "type": "Feature", "properties": { "name": "310077", "dott_bicycle_capacity": 20.0, "dott_scooter_capacity": 20.0, "dott_total_capacity": 40.0 }, "geometry": { "type": "Point", "coordinates": [ -2.5833338, 51.4559932 ] } },
{ "type": "Feature", "properties": { "name": "310045", "dott_bicycle_capacity": null, "dott_scooter_capacity": 6.0, "dott_total_capacity": 6.0 }, "geometry": { "type": "Point", "coordinates": [ -2.588146, 51.437201 ] } },
{ "type": "Feature", "properties": { "name": "310503", "dott_bicycle_capacity": 23.0, "dott_scooter_capacity": 23.0, "dott_total_capacity": 46.0 }, "geometry": { "type": "Point", "coordinates": [ -2.577521, 51.473784 ] } },
{ "type": "Feature", "properties": { "name": "300587", "dott_bicycle_capacity": 7.0, "dott_scooter_capacity": 7.0, "dott_total_capacity": 14.0 }, "geometry": { "type": "Point", "coordinates": [ -2.559658, 51.4523544 ] } },
{ "type": "Feature", "properties": { "name": "310300", "dott_bicycle_capacity": 6.0, "dott_scooter_capacity": 6.0, "dott_total_capacity": 12.0 }, "geometry": { "type": "Point", "coordinates": [ -2.530554, 51.451438 ] } },
{ "type": "Feature", "properties": { "name": "300423", "dott_bicycle_capacity": 8.0, "dott_scooter_capacity": 8.0, "dott_total_capacity": 16.0 }, "geometry": { "type": "Point", "coordinates": [ -2.5925262, 51.4695947 ] } },
{ "type": "Feature", "properties": { "name": "320030", "dott_bicycle_capacity": 20.0, "dott_scooter_capacity": 20.0, "dott_total_capacity": 40.0 }, "geometry": { "type": "Point", "coordinates": [ -2.6045848, 51.4503731 ] } },
{ "type": "Feature", "properties": { "name": "220018", "dott_bicycle_capacity": 8.0, "dott_scooter_capacity": 8.0, "dott_total_capacity": 16.0 }, "geometry": { "type": "Point", "coordinates": [ -2.48318, 51.44613 ] } },
{ "type": "Feature", "properties": { "name": "220008", "dott_bicycle_capacity": 10.0, "dott_scooter_capacity": 10.0, "dott_total_capacity": 20.0 }, "geometry": { "type": "Point", "coordinates": [ -2.47423, 51.44901 ] } },
{ "type": "Feature", "properties": { "name": "300549", "dott_bicycle_capacity": 9.0, "dott_scooter_capacity": 9.0, "dott_total_capacity": 18.0 }, "geometry": { "type": "Point", "coordinates": [ -2.605169, 51.470161 ] } },
{ "type": "Feature", "properties": { "name": "220076", "dott_bicycle_capacity": 10.0, "dott_scooter_capacity": 10.0, "dott_total_capacity": 20.0 }, "geometry": { "type": "Point", "coordinates": [ -2.481166, 51.53567 ] } },
{ "type": "Feature", "properties": { "name": "300667", "dott_bicycle_capacity": 12.0, "dott_scooter_capacity": 12.0, "dott_total_capacity": 24.0 }, "geometry": { "type": "Point", "coordinates": [ -2.5864489, 51.4567056 ] } },
{ "type": "Feature", "properties": { "name": "300501", "dott_bicycle_capacity": 6.0, "dott_scooter_capacity": 6.0, "dott_total_capacity": 12.0 }, "geometry": { "type": "Point", "coordinates": [ -2.5701927, 51.4593199 ] } },
{ "type": "Feature", "properties": { "name": "300605", "dott_bicycle_capacity": 10.0, "dott_scooter_capacity": 10.0, "dott_total_capacity": 20.0 }, "geometry": { "type": "Point", "coordinates": [ -2.5347037, 51.4612548 ] } },
{ "type": "Feature", "properties": { "name": "320083", "dott_bicycle_capacity": 12.0, "dott_scooter_capacity": 1.0, "dott_total_capacity": 13.0 }, "geometry": { "type": "Point", "coordinates": [ -2.6220459, 51.4408152 ] } },
{ "type": "Feature", "properties": { "name": "300335", "dott_bicycle_capacity": 4.0, "dott_scooter_capacity": 4.0, "dott_total_capacity": 8.0 }, "geometry": { "type": "Point", "coordinates": [ -2.555683, 51.440814 ] } },
{ "type": "Feature", "properties": { "name": "200266", "dott_bicycle_capacity": null, "dott_scooter_capacity": 8.0, "dott_total_capacity": 8.0 }, "geometry": { "type": "Point", "coordinates": [ -2.5064343, 51.4623768 ] } },
{ "type": "Feature", "properties": { "name": "320093", "dott_bicycle_capacity": 5.0, "dott_scooter_capacity": 5.0, "dott_total_capacity": 10.0 }, "geometry": { "type": "Point", "coordinates": [ -2.536213, 51.436512 ] } },
{ "type": "Feature", "properties": { "name": "200058", "dott_bicycle_capacity": 20.0, "dott_scooter_capacity": 20.0, "dott_total_capacity": 40.0 }, "geometry": { "type": "Point", "coordinates": [ -2.5602636, 51.5392817 ] } },
{ "type": "Feature", "properties": { "name": "310407", "dott_bicycle_capacity": 11.0, "dott_scooter_capacity": 11.0, "dott_total_capacity": 22.0 }, "geometry": { "type": "Point", "coordinates": [ -2.598778, 51.436978 ] } },
{ "type": "Feature", "properties": { "name": "300206", "dott_bicycle_capacity": 10.0, "dott_scooter_capacity": 10.0, "dott_total_capacity": 20.0 }, "geometry": { "type": "Point", "coordinates": [ -2.6451048, 51.4830651 ] } },
{ "type": "Feature", "properties": { "name": "210064", "dott_bicycle_capacity": 10.0, "dott_scooter_capacity": 10.0, "dott_total_capacity": 20.0 }, "geometry": { "type": "Point", "coordinates": [ -2.4751297, 51.4867765 ] } },
{ "type": "Feature", "properties": { "name": "300575", "dott_bicycle_capacity": null, "dott_scooter_capacity": 0.0, "dott_total_capacity": 0.0 }, "geometry": { "type": "Point", "coordinates": [ -2.5380737, 51.4663 ] } },
{ "type": "Feature", "properties": { "name": "300672", "dott_bicycle_capacity": 14.0, "dott_scooter_capacity": 14.0, "dott_total_capacity": 28.0 }, "geometry": { "type": "Point", "coordinates": [ -2.567937, 51.4894 ] } },
{ "type": "Feature", "properties": { "name": "220138", "dott_bicycle_capacity": 12.0, "dott_scooter_capacity": 12.0, "dott_total_capacity": 24.0 }, "geometry": { "type": "Point", "coordinates": [ -2.3897627, 51.5392126 ] } },
{ "type": "Feature", "properties": { "name": "320070", "dott_bicycle_capacity": 10.0, "dott_scooter_capacity": 10.0, "dott_total_capacity": 20.0 }, "geometry": { "type": "Point", "coordinates": [ -2.561514, 51.466802 ] } },
{ "type": "Feature", "properties": { "name": "300093", "dott_bicycle_capacity": 10.0, "dott_scooter_capacity": 10.0, "dott_total_capacity": 20.0 }, "geometry": { "type": "Point", "coordinates": [ -2.6112494, 51.446746 ] } },
{ "type": "Feature", "properties": { "name": "310393", "dott_bicycle_capacity": 8.0, "dott_scooter_capacity": 8.0, "dott_total_capacity": 16.0 }, "geometry": { "type": "Point", "coordinates": [ -2.549322, 51.457544 ] } },
{ "type": "Feature", "properties": { "name": "300148", "dott_bicycle_capacity": 10.0, "dott_scooter_capacity": 10.0, "dott_total_capacity": 20.0 }, "geometry": { "type": "Point", "coordinates": [ -2.6228055, 51.4407012 ] } },
{ "type": "Feature", "properties": { "name": "300069", "dott_bicycle_capacity": 0.0, "dott_scooter_capacity": 0.0, "dott_total_capacity": 0.0 }, "geometry": { "type": "Point", "coordinates": [ -2.593346, 51.453436 ] } },
{ "type": "Feature", "properties": { "name": "300487", "dott_bicycle_capacity": 14.0, "dott_scooter_capacity": 14.0, "dott_total_capacity": 28.0 }, "geometry": { "type": "Point", "coordinates": [ -2.590842, 51.463374 ] } },
{ "type": "Feature", "properties": { "name": "310061", "dott_bicycle_capacity": 10.0, "dott_scooter_capacity": 10.0, "dott_total_capacity": 20.0 }, "geometry": { "type": "Point", "coordinates": [ -2.6092256, 51.4556472 ] } },
{ "type": "Feature", "properties": { "name": "200007", "dott_bicycle_capacity": 10.0, "dott_scooter_capacity": 10.0, "dott_total_capacity": 20.0 }, "geometry": { "type": "Point", "coordinates": [ -2.485052, 51.482756 ] } },
{ "type": "Feature", "properties": { "name": "210062", "dott_bicycle_capacity": null, "dott_scooter_capacity": 7.0, "dott_total_capacity": 7.0 }, "geometry": { "type": "Point", "coordinates": [ -2.491892, 51.49836 ] } },
{ "type": "Feature", "properties": { "name": "200103", "dott_bicycle_capacity": 20.0, "dott_scooter_capacity": 20.0, "dott_total_capacity": 40.0 }, "geometry": { "type": "Point", "coordinates": [ -2.5822424, 51.5379007 ] } },
{ "type": "Feature", "properties": { "name": "310133", "dott_bicycle_capacity": 6.0, "dott_scooter_capacity": 6.0, "dott_total_capacity": 12.0 }, "geometry": { "type": "Point", "coordinates": [ -2.576252, 51.462613 ] } },
{ "type": "Feature", "properties": { "name": "200233", "dott_bicycle_capacity": null, "dott_scooter_capacity": 20.0, "dott_total_capacity": 20.0 }, "geometry": { "type": "Point", "coordinates": [ -2.5449539, 51.5037668 ] } },
{ "type": "Feature", "properties": { "name": "210087", "dott_bicycle_capacity": 10.0, "dott_scooter_capacity": 10.0, "dott_total_capacity": 20.0 }, "geometry": { "type": "Point", "coordinates": [ -2.5622177, 51.5334285 ] } },
{ "type": "Feature", "properties": { "name": "300168", "dott_bicycle_capacity": 11.0, "dott_scooter_capacity": 11.0, "dott_total_capacity": 22.0 }, "geometry": { "type": "Point", "coordinates": [ -2.5647282, 51.4307127 ] } },
{ "type": "Feature", "properties": { "name": "320096", "dott_bicycle_capacity": 15.0, "dott_scooter_capacity": 15.0, "dott_total_capacity": 30.0 }, "geometry": { "type": "Point", "coordinates": [ -2.600316, 51.415023 ] } },
{ "type": "Feature", "properties": { "name": "300140", "dott_bicycle_capacity": 8.0, "dott_scooter_capacity": 8.0, "dott_total_capacity": 16.0 }, "geometry": { "type": "Point", "coordinates": [ -2.621812, 51.4620994 ] } },
{ "type": "Feature", "properties": { "name": "210134", "dott_bicycle_capacity": 40.0, "dott_scooter_capacity": 40.0, "dott_total_capacity": 80.0 }, "geometry": { "type": "Point", "coordinates": [ -2.5546022, 51.500698 ] } },
{ "type": "Feature", "properties": { "name": "300268", "dott_bicycle_capacity": 15.0, "dott_scooter_capacity": 15.0, "dott_total_capacity": 30.0 }, "geometry": { "type": "Point", "coordinates": [ -2.591651, 51.425989 ] } },
{ "type": "Feature", "properties": { "name": "300387", "dott_bicycle_capacity": 11.0, "dott_scooter_capacity": 11.0, "dott_total_capacity": 22.0 }, "geometry": { "type": "Point", "coordinates": [ -2.565165, 51.466881 ] } },
{ "type": "Feature", "properties": { "name": "310124", "dott_bicycle_capacity": 10.0, "dott_scooter_capacity": 10.0, "dott_total_capacity": 20.0 }, "geometry": { "type": "Point", "coordinates": [ -2.599657, 51.454276 ] } },
{ "type": "Feature", "properties": { "name": "300404", "dott_bicycle_capacity": 6.0, "dott_scooter_capacity": 6.0, "dott_total_capacity": 12.0 }, "geometry": { "type": "Point", "coordinates": [ -2.55668, 51.4588386 ] } },
{ "type": "Feature", "properties": { "name": "310523", "dott_bicycle_capacity": 12.0, "dott_scooter_capacity": 12.0, "dott_total_capacity": 24.0 }, "geometry": { "type": "Point", "coordinates": [ -2.618514, 51.449419 ] } },
{ "type": "Feature", "properties": { "name": "320017", "dott_bicycle_capacity": 16.0, "dott_scooter_capacity": 16.0, "dott_total_capacity": 32.0 }, "geometry": { "type": "Point", "coordinates": [ -2.6127079, 51.4467102 ] } },
{ "type": "Feature", "properties": { "name": "300723", "dott_bicycle_capacity": 120.0, "dott_scooter_capacity": 120.0, "dott_total_capacity": 240.0 }, "geometry": { "type": "Point", "coordinates": [ -2.597256, 51.454133 ] } },
{ "type": "Feature", "properties": { "name": "300068", "dott_bicycle_capacity": 10.0, "dott_scooter_capacity": 10.0, "dott_total_capacity": 20.0 }, "geometry": { "type": "Point", "coordinates": [ -2.578476, 51.433887 ] } },
{ "type": "Feature", "properties": { "name": "320102", "dott_bicycle_capacity": 12.0, "dott_scooter_capacity": 12.0, "dott_total_capacity": 24.0 }, "geometry": { "type": "Point", "coordinates": [ -2.587583, 51.467635 ] } },
{ "type": "Feature", "properties": { "name": "300207", "dott_bicycle_capacity": 6.0, "dott_scooter_capacity": 6.0, "dott_total_capacity": 12.0 }, "geometry": { "type": "Point", "coordinates": [ -2.616633, 51.484215 ] } },
{ "type": "Feature", "properties": { "name": "200250", "dott_bicycle_capacity": 10.0, "dott_scooter_capacity": 10.0, "dott_total_capacity": 20.0 }, "geometry": { "type": "Point", "coordinates": [ -2.548273, 51.5179905 ] } },
{ "type": "Feature", "properties": { "name": "200268", "dott_bicycle_capacity": 16.0, "dott_scooter_capacity": 16.0, "dott_total_capacity": 32.0 }, "geometry": { "type": "Point", "coordinates": [ -2.4928133, 51.4750129 ] } },
{ "type": "Feature", "properties": { "name": "300800", "dott_bicycle_capacity": 5.0, "dott_scooter_capacity": 5.0, "dott_total_capacity": 10.0 }, "geometry": { "type": "Point", "coordinates": [ -2.5477443, 51.41038 ] } },
{ "type": "Feature", "properties": { "name": "300301", "dott_bicycle_capacity": null, "dott_scooter_capacity": 6.0, "dott_total_capacity": 6.0 }, "geometry": { "type": "Point", "coordinates": [ -2.5667832, 51.4627367 ] } },
{ "type": "Feature", "properties": { "name": "300047", "dott_bicycle_capacity": 4.0, "dott_scooter_capacity": 4.0, "dott_total_capacity": 8.0 }, "geometry": { "type": "Point", "coordinates": [ -2.529311, 51.496013 ] } },
{ "type": "Feature", "properties": { "name": "310433", "dott_bicycle_capacity": 12.0, "dott_scooter_capacity": 12.0, "dott_total_capacity": 24.0 }, "geometry": { "type": "Point", "coordinates": [ -2.579363, 51.482612 ] } },
{ "type": "Feature", "properties": { "name": "300596", "dott_bicycle_capacity": 8.0, "dott_scooter_capacity": 8.0, "dott_total_capacity": 16.0 }, "geometry": { "type": "Point", "coordinates": [ -2.5822461, 51.4301899 ] } },
{ "type": "Feature", "properties": { "name": "310109", "dott_bicycle_capacity": 15.0, "dott_scooter_capacity": 15.0, "dott_total_capacity": 30.0 }, "geometry": { "type": "Point", "coordinates": [ -2.5913632, 51.4639254 ] } },
{ "type": "Feature", "properties": { "name": "200274", "dott_bicycle_capacity": 16.0, "dott_scooter_capacity": 16.0, "dott_total_capacity": 32.0 }, "geometry": { "type": "Point", "coordinates": [ -2.4856578, 51.4888749 ] } },
{ "type": "Feature", "properties": { "name": "220092", "dott_bicycle_capacity": null, "dott_scooter_capacity": 6.0, "dott_total_capacity": 6.0 }, "geometry": { "type": "Point", "coordinates": [ -2.47224, 51.521127 ] } },
{ "type": "Feature", "properties": { "name": "220140", "dott_bicycle_capacity": 9.0, "dott_scooter_capacity": 9.0, "dott_total_capacity": 18.0 }, "geometry": { "type": "Point", "coordinates": [ -2.39627, 51.540896 ] } },
{ "type": "Feature", "properties": { "name": "310358", "dott_bicycle_capacity": 6.0, "dott_scooter_capacity": 6.0, "dott_total_capacity": 12.0 }, "geometry": { "type": "Point", "coordinates": [ -2.623354, 51.406029 ] } },
{ "type": "Feature", "properties": { "name": "300286", "dott_bicycle_capacity": 12.0, "dott_scooter_capacity": 12.0, "dott_total_capacity": 24.0 }, "geometry": { "type": "Point", "coordinates": [ -2.5969555, 51.4845103 ] } },
{ "type": "Feature", "properties": { "name": "300043", "dott_bicycle_capacity": 12.0, "dott_scooter_capacity": 12.0, "dott_total_capacity": 24.0 }, "geometry": { "type": "Point", "coordinates": [ -2.6174653, 51.4240692 ] } },
{ "type": "Feature", "properties": { "name": "210092", "dott_bicycle_capacity": 18.0, "dott_scooter_capacity": 18.0, "dott_total_capacity": 36.0 }, "geometry": { "type": "Point", "coordinates": [ -2.5096657, 51.4836353 ] } },
{ "type": "Feature", "properties": { "name": "310378", "dott_bicycle_capacity": 16.0, "dott_scooter_capacity": 16.0, "dott_total_capacity": 32.0 }, "geometry": { "type": "Point", "coordinates": [ -2.6217689, 51.4470526 ] } },
{ "type": "Feature", "properties": { "name": "210081", "dott_bicycle_capacity": 10.0, "dott_scooter_capacity": 10.0, "dott_total_capacity": 20.0 }, "geometry": { "type": "Point", "coordinates": [ -2.5650455, 51.5376913 ] } },
{ "type": "Feature", "properties": { "name": "210065", "dott_bicycle_capacity": 10.0, "dott_scooter_capacity": 10.0, "dott_total_capacity": 20.0 }, "geometry": { "type": "Point", "coordinates": [ -2.4918734, 51.479226 ] } },
{ "type": "Feature", "properties": { "name": "300475", "dott_bicycle_capacity": 0.0, "dott_scooter_capacity": 0.0, "dott_total_capacity": 0.0 }, "geometry": { "type": "Point", "coordinates": [ -2.587157, 51.459631 ] } },
{ "type": "Feature", "properties": { "name": "200152", "dott_bicycle_capacity": 10.0, "dott_scooter_capacity": 10.0, "dott_total_capacity": 20.0 }, "geometry": { "type": "Point", "coordinates": [ -2.4938389, 51.4838608 ] } },
{ "type": "Feature", "properties": { "name": "200126", "dott_bicycle_capacity": 16.0, "dott_scooter_capacity": 16.0, "dott_total_capacity": 32.0 }, "geometry": { "type": "Point", "coordinates": [ -2.5434379, 51.5189135 ] } },
{ "type": "Feature", "properties": { "name": "200195", "dott_bicycle_capacity": null, "dott_scooter_capacity": 10.0, "dott_total_capacity": 10.0 }, "geometry": { "type": "Point", "coordinates": [ -2.4886452, 51.5049296 ] } },
{ "type": "Feature", "properties": { "name": "300158", "dott_bicycle_capacity": 11.0, "dott_scooter_capacity": 11.0, "dott_total_capacity": 22.0 }, "geometry": { "type": "Point", "coordinates": [ -2.5995002, 51.4428359 ] } },
{ "type": "Feature", "properties": { "name": "210112", "dott_bicycle_capacity": null, "dott_scooter_capacity": 8.0, "dott_total_capacity": 8.0 }, "geometry": { "type": "Point", "coordinates": [ -2.4899347, 51.461915 ] } },
{ "type": "Feature", "properties": { "name": "300699", "dott_bicycle_capacity": null, "dott_scooter_capacity": 6.0, "dott_total_capacity": 6.0 }, "geometry": { "type": "Point", "coordinates": [ -2.6011, 51.441757 ] } },
{ "type": "Feature", "properties": { "name": "200269", "dott_bicycle_capacity": 20.0, "dott_scooter_capacity": 20.0, "dott_total_capacity": 40.0 }, "geometry": { "type": "Point", "coordinates": [ -2.5158714, 51.4486405 ] } },
{ "type": "Feature", "properties": { "name": "300057", "dott_bicycle_capacity": 8.0, "dott_scooter_capacity": 8.0, "dott_total_capacity": 16.0 }, "geometry": { "type": "Point", "coordinates": [ -2.5635848, 51.4534986 ] } },
{ "type": "Feature", "properties": { "name": "200023", "dott_bicycle_capacity": 8.0, "dott_scooter_capacity": 8.0, "dott_total_capacity": 16.0 }, "geometry": { "type": "Point", "coordinates": [ -2.5218437, 51.4427949 ] } },
{ "type": "Feature", "properties": { "name": "300825", "dott_bicycle_capacity": 6.0, "dott_scooter_capacity": 6.0, "dott_total_capacity": 12.0 }, "geometry": { "type": "Point", "coordinates": [ -2.5435358, 51.4262424 ] } },
{ "type": "Feature", "properties": { "name": "200008", "dott_bicycle_capacity": null, "dott_scooter_capacity": 15.0, "dott_total_capacity": 15.0 }, "geometry": { "type": "Point", "coordinates": [ -2.5723173, 51.5105984 ] } },
{ "type": "Feature", "properties": { "name": "220128", "dott_bicycle_capacity": null, "dott_scooter_capacity": 6.0, "dott_total_capacity": 6.0 }, "geometry": { "type": "Point", "coordinates": [ -2.4327993, 51.541097 ] } },
{ "type": "Feature", "properties": { "name": "300830", "dott_bicycle_capacity": 4.0, "dott_scooter_capacity": 4.0, "dott_total_capacity": 8.0 }, "geometry": { "type": "Point", "coordinates": [ -2.570192, 51.461224 ] } },
{ "type": "Feature", "properties": { "name": "220147", "dott_bicycle_capacity": 12.0, "dott_scooter_capacity": 12.0, "dott_total_capacity": 24.0 }, "geometry": { "type": "Point", "coordinates": [ -2.4244975, 51.5453062 ] } },
{ "type": "Feature", "properties": { "name": "300537", "dott_bicycle_capacity": 6.0, "dott_scooter_capacity": 6.0, "dott_total_capacity": 12.0 }, "geometry": { "type": "Point", "coordinates": [ -2.5640837, 51.465801 ] } },
{ "type": "Feature", "properties": { "name": "310136", "dott_bicycle_capacity": null, "dott_scooter_capacity": 4.0, "dott_total_capacity": 4.0 }, "geometry": { "type": "Point", "coordinates": [ -2.5183527, 51.491474 ] } },
{ "type": "Feature", "properties": { "name": "220057", "dott_bicycle_capacity": 8.0, "dott_scooter_capacity": 8.0, "dott_total_capacity": 16.0 }, "geometry": { "type": "Point", "coordinates": [ -2.5019398, 51.5192638 ] } },
{ "type": "Feature", "properties": { "name": "300316", "dott_bicycle_capacity": 8.0, "dott_scooter_capacity": 8.0, "dott_total_capacity": 16.0 }, "geometry": { "type": "Point", "coordinates": [ -2.6082589, 51.4460974 ] } },
{ "type": "Feature", "properties": { "name": "200165", "dott_bicycle_capacity": null, "dott_scooter_capacity": 6.0, "dott_total_capacity": 6.0 }, "geometry": { "type": "Point", "coordinates": [ -2.5197461, 51.5041071 ] } },
{ "type": "Feature", "properties": { "name": "310515", "dott_bicycle_capacity": 23.0, "dott_scooter_capacity": 23.0, "dott_total_capacity": 46.0 }, "geometry": { "type": "Point", "coordinates": [ -2.592545, 51.4601 ] } },
{ "type": "Feature", "properties": { "name": "210131", "dott_bicycle_capacity": 10.0, "dott_scooter_capacity": 10.0, "dott_total_capacity": 20.0 }, "geometry": { "type": "Point", "coordinates": [ -2.4993896, 51.474587 ] } },
{ "type": "Feature", "properties": { "name": "300434", "dott_bicycle_capacity": 0.0, "dott_scooter_capacity": 0.0, "dott_total_capacity": 0.0 }, "geometry": { "type": "Point", "coordinates": [ -2.605018, 51.461142 ] } },
{ "type": "Feature", "properties": { "name": "300710", "dott_bicycle_capacity": 12.0, "dott_scooter_capacity": 12.0, "dott_total_capacity": 24.0 }, "geometry": { "type": "Point", "coordinates": [ -2.5852688, 51.4522548 ] } },
{ "type": "Feature", "properties": { "name": "300231", "dott_bicycle_capacity": 7.0, "dott_scooter_capacity": 7.0, "dott_total_capacity": 14.0 }, "geometry": { "type": "Point", "coordinates": [ -2.6277798, 51.4834128 ] } },
{ "type": "Feature", "properties": { "name": "310185", "dott_bicycle_capacity": 6.0, "dott_scooter_capacity": 6.0, "dott_total_capacity": 12.0 }, "geometry": { "type": "Point", "coordinates": [ -2.5610975, 51.4522469 ] } },
{ "type": "Feature", "properties": { "name": "310532", "dott_bicycle_capacity": 20.0, "dott_scooter_capacity": 20.0, "dott_total_capacity": 40.0 }, "geometry": { "type": "Point", "coordinates": [ -2.623396, 51.462737 ] } },
{ "type": "Feature", "properties": { "name": "300470", "dott_bicycle_capacity": 16.0, "dott_scooter_capacity": 16.0, "dott_total_capacity": 32.0 }, "geometry": { "type": "Point", "coordinates": [ -2.5313086, 51.466989 ] } },
{ "type": "Feature", "properties": { "name": "200169", "dott_bicycle_capacity": 10.0, "dott_scooter_capacity": 10.0, "dott_total_capacity": 20.0 }, "geometry": { "type": "Point", "coordinates": [ -2.5635609, 51.5226924 ] } },
{ "type": "Feature", "properties": { "name": "300708", "dott_bicycle_capacity": 8.0, "dott_scooter_capacity": 8.0, "dott_total_capacity": 16.0 }, "geometry": { "type": "Point", "coordinates": [ -2.579042, 51.426919 ] } },
{ "type": "Feature", "properties": { "name": "310058", "dott_bicycle_capacity": 16.0, "dott_scooter_capacity": 16.0, "dott_total_capacity": 32.0 }, "geometry": { "type": "Point", "coordinates": [ -2.586722, 51.449138 ] } },
{ "type": "Feature", "properties": { "name": "300670", "dott_bicycle_capacity": 14.0, "dott_scooter_capacity": 14.0, "dott_total_capacity": 28.0 }, "geometry": { "type": "Point", "coordinates": [ -2.591461, 51.449307 ] } },
{ "type": "Feature", "properties": { "name": "300127", "dott_bicycle_capacity": 22.0, "dott_scooter_capacity": 22.0, "dott_total_capacity": 44.0 }, "geometry": { "type": "Point", "coordinates": [ -2.588474, 51.466551 ] } },
{ "type": "Feature", "properties": { "name": "300757", "dott_bicycle_capacity": 20.0, "dott_scooter_capacity": 20.0, "dott_total_capacity": 40.0 }, "geometry": { "type": "Point", "coordinates": [ -2.5822521, 51.4606658 ] } },
{ "type": "Feature", "properties": { "name": "210049", "dott_bicycle_capacity": null, "dott_scooter_capacity": 8.0, "dott_total_capacity": 8.0 }, "geometry": { "type": "Point", "coordinates": [ -2.5096504, 51.4535206 ] } },
{ "type": "Feature", "properties": { "name": "320026", "dott_bicycle_capacity": 12.0, "dott_scooter_capacity": 12.0, "dott_total_capacity": 24.0 }, "geometry": { "type": "Point", "coordinates": [ -2.5896706, 51.4948691 ] } },
{ "type": "Feature", "properties": { "name": "310254", "dott_bicycle_capacity": 11.0, "dott_scooter_capacity": 11.0, "dott_total_capacity": 22.0 }, "geometry": { "type": "Point", "coordinates": [ -2.5742134, 51.4222756 ] } },
{ "type": "Feature", "properties": { "name": "320097", "dott_bicycle_capacity": 15.0, "dott_scooter_capacity": 15.0, "dott_total_capacity": 30.0 }, "geometry": { "type": "Point", "coordinates": [ -2.599079, 51.415022 ] } },
{ "type": "Feature", "properties": { "name": "300079", "dott_bicycle_capacity": 9.0, "dott_scooter_capacity": 9.0, "dott_total_capacity": 18.0 }, "geometry": { "type": "Point", "coordinates": [ -2.6123993, 51.4447944 ] } },
{ "type": "Feature", "properties": { "name": "200205", "dott_bicycle_capacity": 8.0, "dott_scooter_capacity": 8.0, "dott_total_capacity": 16.0 }, "geometry": { "type": "Point", "coordinates": [ -2.5782625, 51.503501 ] } },
{ "type": "Feature", "properties": { "name": "220010", "dott_bicycle_capacity": 8.0, "dott_scooter_capacity": 8.0, "dott_total_capacity": 16.0 }, "geometry": { "type": "Point", "coordinates": [ -2.494481, 51.433721 ] } },
{ "type": "Feature", "properties": { "name": "300123", "dott_bicycle_capacity": 11.0, "dott_scooter_capacity": 11.0, "dott_total_capacity": 22.0 }, "geometry": { "type": "Point", "coordinates": [ -2.566991, 51.461644 ] } },
{ "type": "Feature", "properties": { "name": "200104", "dott_bicycle_capacity": null, "dott_scooter_capacity": 5.0, "dott_total_capacity": 5.0 }, "geometry": { "type": "Point", "coordinates": [ -2.571033, 51.533116 ] } },
{ "type": "Feature", "properties": { "name": "300144", "dott_bicycle_capacity": 14.0, "dott_scooter_capacity": 14.0, "dott_total_capacity": 28.0 }, "geometry": { "type": "Point", "coordinates": [ -2.6131644, 51.4683521 ] } },
{ "type": "Feature", "properties": { "name": "210074", "dott_bicycle_capacity": 10.0, "dott_scooter_capacity": 10.0, "dott_total_capacity": 20.0 }, "geometry": { "type": "Point", "coordinates": [ -2.5820114, 51.5360503 ] } },
{ "type": "Feature", "properties": { "name": "200100", "dott_bicycle_capacity": 15.0, "dott_scooter_capacity": 15.0, "dott_total_capacity": 30.0 }, "geometry": { "type": "Point", "coordinates": [ -2.5978287, 51.5284679 ] } },
{ "type": "Feature", "properties": { "name": "210023", "dott_bicycle_capacity": null, "dott_scooter_capacity": 10.0, "dott_total_capacity": 10.0 }, "geometry": { "type": "Point", "coordinates": [ -2.5135869, 51.4813206 ] } },
{ "type": "Feature", "properties": { "name": "220158", "dott_bicycle_capacity": 12.0, "dott_scooter_capacity": 12.0, "dott_total_capacity": 24.0 }, "geometry": { "type": "Point", "coordinates": [ -2.4219353, 51.5500329 ] } },
{ "type": "Feature", "properties": { "name": "310528", "dott_bicycle_capacity": 12.0, "dott_scooter_capacity": 12.0, "dott_total_capacity": 24.0 }, "geometry": { "type": "Point", "coordinates": [ -2.61819, 51.452159 ] } },
{ "type": "Feature", "properties": { "name": "220061", "dott_bicycle_capacity": null, "dott_scooter_capacity": 6.0, "dott_total_capacity": 6.0 }, "geometry": { "type": "Point", "coordinates": [ -2.5020205, 51.5223912 ] } },
{ "type": "Feature", "properties": { "name": "200228", "dott_bicycle_capacity": 30.0, "dott_scooter_capacity": 30.0, "dott_total_capacity": 60.0 }, "geometry": { "type": "Point", "coordinates": [ -2.5465656, 51.5141025 ] } },
{ "type": "Feature", "properties": { "name": "210128", "dott_bicycle_capacity": 12.0, "dott_scooter_capacity": 12.0, "dott_total_capacity": 24.0 }, "geometry": { "type": "Point", "coordinates": [ -2.5212468, 51.4376426 ] } },
{ "type": "Feature", "properties": { "name": "220020", "dott_bicycle_capacity": 10.0, "dott_scooter_capacity": 10.0, "dott_total_capacity": 20.0 }, "geometry": { "type": "Point", "coordinates": [ -2.47858, 51.44878 ] } },
{ "type": "Feature", "properties": { "name": "200116", "dott_bicycle_capacity": 20.0, "dott_scooter_capacity": 20.0, "dott_total_capacity": 40.0 }, "geometry": { "type": "Point", "coordinates": [ -2.5429095, 51.4963816 ] } },
{ "type": "Feature", "properties": { "name": "200231", "dott_bicycle_capacity": 10.0, "dott_scooter_capacity": 10.0, "dott_total_capacity": 20.0 }, "geometry": { "type": "Point", "coordinates": [ -2.5570731, 51.5067808 ] } },
{ "type": "Feature", "properties": { "name": "220049", "dott_bicycle_capacity": null, "dott_scooter_capacity": 6.0, "dott_total_capacity": 6.0 }, "geometry": { "type": "Point", "coordinates": [ -2.481835, 51.5046935 ] } },
{ "type": "Feature", "properties": { "name": "300201", "dott_bicycle_capacity": 13.0, "dott_scooter_capacity": 13.0, "dott_total_capacity": 26.0 }, "geometry": { "type": "Point", "coordinates": [ -2.6410734, 51.4862851 ] } },
{ "type": "Feature", "properties": { "name": "320057", "dott_bicycle_capacity": null, "dott_scooter_capacity": 5.0, "dott_total_capacity": 5.0 }, "geometry": { "type": "Point", "coordinates": [ -2.570645, 51.453699 ] } },
{ "type": "Feature", "properties": { "name": "300372", "dott_bicycle_capacity": null, "dott_scooter_capacity": 0.0, "dott_total_capacity": 0.0 }, "geometry": { "type": "Point", "coordinates": [ -2.5961226, 51.4476514 ] } },
{ "type": "Feature", "properties": { "name": "220141", "dott_bicycle_capacity": 10.0, "dott_scooter_capacity": 10.0, "dott_total_capacity": 20.0 }, "geometry": { "type": "Point", "coordinates": [ -2.3986482, 51.5370446 ] } },
{ "type": "Feature", "properties": { "name": "200198", "dott_bicycle_capacity": null, "dott_scooter_capacity": 20.0, "dott_total_capacity": 20.0 }, "geometry": { "type": "Point", "coordinates": [ -2.5325782, 51.524754 ] } },
{ "type": "Feature", "properties": { "name": "300403", "dott_bicycle_capacity": null, "dott_scooter_capacity": 0.0, "dott_total_capacity": 0.0 }, "geometry": { "type": "Point", "coordinates": [ -2.573971, 51.495306 ] } },
{ "type": "Feature", "properties": { "name": "300826", "dott_bicycle_capacity": null, "dott_scooter_capacity": 6.0, "dott_total_capacity": 6.0 }, "geometry": { "type": "Point", "coordinates": [ -2.5542043, 51.4361107 ] } },
{ "type": "Feature", "properties": { "name": "300406", "dott_bicycle_capacity": 9.0, "dott_scooter_capacity": 9.0, "dott_total_capacity": 18.0 }, "geometry": { "type": "Point", "coordinates": [ -2.5574288, 51.458664 ] } },
{ "type": "Feature", "properties": { "name": "220044", "dott_bicycle_capacity": 10.0, "dott_scooter_capacity": 10.0, "dott_total_capacity": 20.0 }, "geometry": { "type": "Point", "coordinates": [ -2.47618, 51.49937 ] } },
{ "type": "Feature", "properties": { "name": "200113", "dott_bicycle_capacity": null, "dott_scooter_capacity": 10.0, "dott_total_capacity": 10.0 }, "geometry": { "type": "Point", "coordinates": [ -2.5601118, 51.500365 ] } },
{ "type": "Feature", "properties": { "name": "300483", "dott_bicycle_capacity": 28.0, "dott_scooter_capacity": 28.0, "dott_total_capacity": 56.0 }, "geometry": { "type": "Point", "coordinates": [ -2.594375, 51.459658 ] } },
{ "type": "Feature", "properties": { "name": "200254", "dott_bicycle_capacity": null, "dott_scooter_capacity": 15.0, "dott_total_capacity": 15.0 }, "geometry": { "type": "Point", "coordinates": [ -2.5121986, 51.460746 ] } },
{ "type": "Feature", "properties": { "name": "200002", "dott_bicycle_capacity": 8.0, "dott_scooter_capacity": 8.0, "dott_total_capacity": 16.0 }, "geometry": { "type": "Point", "coordinates": [ -2.511884, 51.455675 ] } },
{ "type": "Feature", "properties": { "name": "200031", "dott_bicycle_capacity": 8.0, "dott_scooter_capacity": 8.0, "dott_total_capacity": 16.0 }, "geometry": { "type": "Point", "coordinates": [ -2.5053266, 51.4855486 ] } },
{ "type": "Feature", "properties": { "name": "310299", "dott_bicycle_capacity": 5.0, "dott_scooter_capacity": 5.0, "dott_total_capacity": 10.0 }, "geometry": { "type": "Point", "coordinates": [ -2.528321, 51.452662 ] } },
{ "type": "Feature", "properties": { "name": "310218", "dott_bicycle_capacity": 6.0, "dott_scooter_capacity": 6.0, "dott_total_capacity": 12.0 }, "geometry": { "type": "Point", "coordinates": [ -2.5784139, 51.4664842 ] } },
{ "type": "Feature", "properties": { "name": "300359", "dott_bicycle_capacity": 9.0, "dott_scooter_capacity": 9.0, "dott_total_capacity": 18.0 }, "geometry": { "type": "Point", "coordinates": [ -2.5453754, 51.4479487 ] } },
{ "type": "Feature", "properties": { "name": "300737", "dott_bicycle_capacity": 10.0, "dott_scooter_capacity": 10.0, "dott_total_capacity": 20.0 }, "geometry": { "type": "Point", "coordinates": [ -2.5920295, 51.5013067 ] } },
{ "type": "Feature", "properties": { "name": "300507", "dott_bicycle_capacity": 6.0, "dott_scooter_capacity": 6.0, "dott_total_capacity": 12.0 }, "geometry": { "type": "Point", "coordinates": [ -2.5943918, 51.4910699 ] } },
{ "type": "Feature", "properties": { "name": "300514", "dott_bicycle_capacity": 14.0, "dott_scooter_capacity": 14.0, "dott_total_capacity": 28.0 }, "geometry": { "type": "Point", "coordinates": [ -2.560409, 51.454785 ] } },
{ "type": "Feature", "properties": { "name": "300373", "dott_bicycle_capacity": 4.0, "dott_scooter_capacity": 4.0, "dott_total_capacity": 8.0 }, "geometry": { "type": "Point", "coordinates": [ -2.5340407, 51.4589593 ] } },
{ "type": "Feature", "properties": { "name": "310370", "dott_bicycle_capacity": 4.0, "dott_scooter_capacity": 4.0, "dott_total_capacity": 8.0 }, "geometry": { "type": "Point", "coordinates": [ -2.689388, 51.497771 ] } },
{ "type": "Feature", "properties": { "name": "300350", "dott_bicycle_capacity": 15.0, "dott_scooter_capacity": 15.0, "dott_total_capacity": 30.0 }, "geometry": { "type": "Point", "coordinates": [ -2.5926391, 51.4462899 ] } },
{ "type": "Feature", "properties": { "name": "300555", "dott_bicycle_capacity": 12.0, "dott_scooter_capacity": 12.0, "dott_total_capacity": 24.0 }, "geometry": { "type": "Point", "coordinates": [ -2.5515374, 51.4729025 ] } },
{ "type": "Feature", "properties": { "name": "300597", "dott_bicycle_capacity": null, "dott_scooter_capacity": 6.0, "dott_total_capacity": 6.0 }, "geometry": { "type": "Point", "coordinates": [ -2.5853699, 51.446838 ] } },
{ "type": "Feature", "properties": { "name": "300236", "dott_bicycle_capacity": 9.0, "dott_scooter_capacity": 9.0, "dott_total_capacity": 18.0 }, "geometry": { "type": "Point", "coordinates": [ -2.6987477, 51.5007635 ] } },
{ "type": "Feature", "properties": { "name": "210141", "dott_bicycle_capacity": 16.0, "dott_scooter_capacity": 16.0, "dott_total_capacity": 32.0 }, "geometry": { "type": "Point", "coordinates": [ -2.5490355, 51.500962 ] } },
{ "type": "Feature", "properties": { "name": "200178", "dott_bicycle_capacity": 6.0, "dott_scooter_capacity": 6.0, "dott_total_capacity": 12.0 }, "geometry": { "type": "Point", "coordinates": [ -2.5342066, 51.5250999 ] } },
{ "type": "Feature", "properties": { "name": "300821", "dott_bicycle_capacity": 10.0, "dott_scooter_capacity": 10.0, "dott_total_capacity": 20.0 }, "geometry": { "type": "Point", "coordinates": [ -2.6220924, 51.4930992 ] } },
{ "type": "Feature", "properties": { "name": "310292", "dott_bicycle_capacity": null, "dott_scooter_capacity": 5.0, "dott_total_capacity": 5.0 }, "geometry": { "type": "Point", "coordinates": [ -2.513137, 51.476128 ] } },
{ "type": "Feature", "properties": { "name": "300290", "dott_bicycle_capacity": 11.0, "dott_scooter_capacity": 11.0, "dott_total_capacity": 22.0 }, "geometry": { "type": "Point", "coordinates": [ -2.5892386, 51.4801314 ] } },
{ "type": "Feature", "properties": { "name": "210046", "dott_bicycle_capacity": null, "dott_scooter_capacity": 7.0, "dott_total_capacity": 7.0 }, "geometry": { "type": "Point", "coordinates": [ -2.4852735, 51.4804096 ] } },
{ "type": "Feature", "properties": { "name": "300838", "dott_bicycle_capacity": 8.0, "dott_scooter_capacity": 8.0, "dott_total_capacity": 16.0 }, "geometry": { "type": "Point", "coordinates": [ -2.584948, 51.493112 ] } },
{ "type": "Feature", "properties": { "name": "200097", "dott_bicycle_capacity": 10.0, "dott_scooter_capacity": 10.0, "dott_total_capacity": 20.0 }, "geometry": { "type": "Point", "coordinates": [ -2.579391, 51.502015 ] } },
{ "type": "Feature", "properties": { "name": "300412", "dott_bicycle_capacity": 16.0, "dott_scooter_capacity": 16.0, "dott_total_capacity": 32.0 }, "geometry": { "type": "Point", "coordinates": [ -2.5593489, 51.4584366 ] } },
{ "type": "Feature", "properties": { "name": "220137", "dott_bicycle_capacity": null, "dott_scooter_capacity": 10.0, "dott_total_capacity": 10.0 }, "geometry": { "type": "Point", "coordinates": [ -2.3911259, 51.5353404 ] } },
{ "type": "Feature", "properties": { "name": "310148", "dott_bicycle_capacity": 12.0, "dott_scooter_capacity": 12.0, "dott_total_capacity": 24.0 }, "geometry": { "type": "Point", "coordinates": [ -2.6101, 51.463452 ] } },
{ "type": "Feature", "properties": { "name": "300217", "dott_bicycle_capacity": 8.0, "dott_scooter_capacity": 8.0, "dott_total_capacity": 16.0 }, "geometry": { "type": "Point", "coordinates": [ -2.6193323, 51.5095522 ] } },
{ "type": "Feature", "properties": { "name": "300321", "dott_bicycle_capacity": 13.0, "dott_scooter_capacity": 13.0, "dott_total_capacity": 26.0 }, "geometry": { "type": "Point", "coordinates": [ -2.6218303, 51.4650805 ] } },
{ "type": "Feature", "properties": { "name": "310173", "dott_bicycle_capacity": null, "dott_scooter_capacity": 9.0, "dott_total_capacity": 9.0 }, "geometry": { "type": "Point", "coordinates": [ -2.5464382, 51.483809 ] } },
{ "type": "Feature", "properties": { "name": "200030", "dott_bicycle_capacity": 0.0, "dott_scooter_capacity": 0.0, "dott_total_capacity": 0.0 }, "geometry": { "type": "Point", "coordinates": [ -2.5040461, 51.4872749 ] } },
{ "type": "Feature", "properties": { "name": "300577", "dott_bicycle_capacity": 8.0, "dott_scooter_capacity": 8.0, "dott_total_capacity": 16.0 }, "geometry": { "type": "Point", "coordinates": [ -2.6077952, 51.4839993 ] } },
{ "type": "Feature", "properties": { "name": "300375", "dott_bicycle_capacity": 14.0, "dott_scooter_capacity": 14.0, "dott_total_capacity": 28.0 }, "geometry": { "type": "Point", "coordinates": [ -2.5599958, 51.4416182 ] } },
{ "type": "Feature", "properties": { "name": "200038", "dott_bicycle_capacity": 20.0, "dott_scooter_capacity": 20.0, "dott_total_capacity": 40.0 }, "geometry": { "type": "Point", "coordinates": [ -2.5071924, 51.4798278 ] } },
{ "type": "Feature", "properties": { "name": "210068", "dott_bicycle_capacity": 12.0, "dott_scooter_capacity": 12.0, "dott_total_capacity": 24.0 }, "geometry": { "type": "Point", "coordinates": [ -2.505208, 51.479411 ] } },
{ "type": "Feature", "properties": { "name": "200092", "dott_bicycle_capacity": 6.0, "dott_scooter_capacity": 6.0, "dott_total_capacity": 12.0 }, "geometry": { "type": "Point", "coordinates": [ -2.5106664, 51.4936044 ] } },
{ "type": "Feature", "properties": { "name": "310099", "dott_bicycle_capacity": 8.0, "dott_scooter_capacity": 8.0, "dott_total_capacity": 16.0 }, "geometry": { "type": "Point", "coordinates": [ -2.618133, 51.471724 ] } },
{ "type": "Feature", "properties": { "name": "300095", "dott_bicycle_capacity": 13.0, "dott_scooter_capacity": 13.0, "dott_total_capacity": 26.0 }, "geometry": { "type": "Point", "coordinates": [ -2.6098799, 51.455102 ] } },
{ "type": "Feature", "properties": { "name": "200211", "dott_bicycle_capacity": null, "dott_scooter_capacity": 7.0, "dott_total_capacity": 7.0 }, "geometry": { "type": "Point", "coordinates": [ -2.5337045, 51.5280355 ] } },
{ "type": "Feature", "properties": { "name": "300334", "dott_bicycle_capacity": null, "dott_scooter_capacity": 7.0, "dott_total_capacity": 7.0 }, "geometry": { "type": "Point", "coordinates": [ -2.6090302, 51.4707275 ] } },
{ "type": "Feature", "properties": { "name": "200120", "dott_bicycle_capacity": 8.0, "dott_scooter_capacity": 8.0, "dott_total_capacity": 16.0 }, "geometry": { "type": "Point", "coordinates": [ -2.5481437, 51.528444 ] } },
{ "type": "Feature", "properties": { "name": "300141", "dott_bicycle_capacity": 23.0, "dott_scooter_capacity": 23.0, "dott_total_capacity": 46.0 }, "geometry": { "type": "Point", "coordinates": [ -2.5997983, 51.4682761 ] } },
{ "type": "Feature", "properties": { "name": "300279", "dott_bicycle_capacity": 22.0, "dott_scooter_capacity": 22.0, "dott_total_capacity": 44.0 }, "geometry": { "type": "Point", "coordinates": [ -2.6212705, 51.4377405 ] } },
{ "type": "Feature", "properties": { "name": "320056", "dott_bicycle_capacity": 12.0, "dott_scooter_capacity": 12.0, "dott_total_capacity": 24.0 }, "geometry": { "type": "Point", "coordinates": [ -2.569253, 51.455059 ] } },
{ "type": "Feature", "properties": { "name": "200026", "dott_bicycle_capacity": 10.0, "dott_scooter_capacity": 10.0, "dott_total_capacity": 20.0 }, "geometry": { "type": "Point", "coordinates": [ -2.5031819, 51.4893436 ] } },
{ "type": "Feature", "properties": { "name": "220084", "dott_bicycle_capacity": 6.0, "dott_scooter_capacity": 6.0, "dott_total_capacity": 12.0 }, "geometry": { "type": "Point", "coordinates": [ -2.481324, 51.526837 ] } },
{ "type": "Feature", "properties": { "name": "310217", "dott_bicycle_capacity": 6.0, "dott_scooter_capacity": 6.0, "dott_total_capacity": 12.0 }, "geometry": { "type": "Point", "coordinates": [ -2.577832, 51.466434 ] } },
{ "type": "Feature", "properties": { "name": "200067", "dott_bicycle_capacity": 20.0, "dott_scooter_capacity": 20.0, "dott_total_capacity": 40.0 }, "geometry": { "type": "Point", "coordinates": [ -2.5446183, 51.513549 ] } },
{ "type": "Feature", "properties": { "name": "200140", "dott_bicycle_capacity": 11.0, "dott_scooter_capacity": 11.0, "dott_total_capacity": 22.0 }, "geometry": { "type": "Point", "coordinates": [ -2.4882938, 51.4605367 ] } },
{ "type": "Feature", "properties": { "name": "310444", "dott_bicycle_capacity": 10.0, "dott_scooter_capacity": 10.0, "dott_total_capacity": 20.0 }, "geometry": { "type": "Point", "coordinates": [ -2.589355, 51.444278 ] } },
{ "type": "Feature", "properties": { "name": "200076", "dott_bicycle_capacity": 20.0, "dott_scooter_capacity": 20.0, "dott_total_capacity": 40.0 }, "geometry": { "type": "Point", "coordinates": [ -2.5647705, 51.5368394 ] } },
{ "type": "Feature", "properties": { "name": "300386", "dott_bicycle_capacity": 8.0, "dott_scooter_capacity": 8.0, "dott_total_capacity": 16.0 }, "geometry": { "type": "Point", "coordinates": [ -2.600095, 51.445631 ] } },
{ "type": "Feature", "properties": { "name": "300080", "dott_bicycle_capacity": 7.0, "dott_scooter_capacity": 7.0, "dott_total_capacity": 14.0 }, "geometry": { "type": "Point", "coordinates": [ -2.5849828, 51.4628075 ] } },
{ "type": "Feature", "properties": { "name": "200125", "dott_bicycle_capacity": null, "dott_scooter_capacity": 6.0, "dott_total_capacity": 6.0 }, "geometry": { "type": "Point", "coordinates": [ -2.5065231, 51.5001704 ] } },
{ "type": "Feature", "properties": { "name": "310312", "dott_bicycle_capacity": 6.0, "dott_scooter_capacity": 6.0, "dott_total_capacity": 12.0 }, "geometry": { "type": "Point", "coordinates": [ -2.526858, 51.454771 ] } },
{ "type": "Feature", "properties": { "name": "300070", "dott_bicycle_capacity": 6.0, "dott_scooter_capacity": 6.0, "dott_total_capacity": 12.0 }, "geometry": { "type": "Point", "coordinates": [ -2.616603, 51.444276 ] } },
{ "type": "Feature", "properties": { "name": "310394", "dott_bicycle_capacity": 8.0, "dott_scooter_capacity": 8.0, "dott_total_capacity": 16.0 }, "geometry": { "type": "Point", "coordinates": [ -2.597379, 51.497325 ] } },
{ "type": "Feature", "properties": { "name": "300173", "dott_bicycle_capacity": 10.0, "dott_scooter_capacity": 10.0, "dott_total_capacity": 20.0 }, "geometry": { "type": "Point", "coordinates": [ -2.5533502, 51.451622 ] } },
{ "type": "Feature", "properties": { "name": "300037", "dott_bicycle_capacity": 4.0, "dott_scooter_capacity": 4.0, "dott_total_capacity": 8.0 }, "geometry": { "type": "Point", "coordinates": [ -2.5274222, 51.4504525 ] } },
{ "type": "Feature", "properties": { "name": "310343", "dott_bicycle_capacity": 4.0, "dott_scooter_capacity": 4.0, "dott_total_capacity": 8.0 }, "geometry": { "type": "Point", "coordinates": [ -2.541171, 51.413183 ] } },
{ "type": "Feature", "properties": { "name": "300546", "dott_bicycle_capacity": 10.0, "dott_scooter_capacity": 10.0, "dott_total_capacity": 20.0 }, "geometry": { "type": "Point", "coordinates": [ -2.5482589, 51.4642715 ] } },
{ "type": "Feature", "properties": { "name": "300828", "dott_bicycle_capacity": 6.0, "dott_scooter_capacity": 6.0, "dott_total_capacity": 12.0 }, "geometry": { "type": "Point", "coordinates": [ -2.5526531, 51.4543726 ] } },
{ "type": "Feature", "properties": { "name": "300418", "dott_bicycle_capacity": 12.0, "dott_scooter_capacity": 12.0, "dott_total_capacity": 24.0 }, "geometry": { "type": "Point", "coordinates": [ -2.5638706, 51.4909663 ] } },
{ "type": "Feature", "properties": { "name": "310354", "dott_bicycle_capacity": 8.0, "dott_scooter_capacity": 8.0, "dott_total_capacity": 16.0 }, "geometry": { "type": "Point", "coordinates": [ -2.616481, 51.415943 ] } },
{ "type": "Feature", "properties": { "name": "300618", "dott_bicycle_capacity": 50.0, "dott_scooter_capacity": 50.0, "dott_total_capacity": 100.0 }, "geometry": { "type": "Point", "coordinates": [ -2.6152262, 51.4717005 ] } },
{ "type": "Feature", "properties": { "name": "300586", "dott_bicycle_capacity": 7.0, "dott_scooter_capacity": 7.0, "dott_total_capacity": 14.0 }, "geometry": { "type": "Point", "coordinates": [ -2.5744088, 51.4324278 ] } },
{ "type": "Feature", "properties": { "name": "300518", "dott_bicycle_capacity": 6.0, "dott_scooter_capacity": 6.0, "dott_total_capacity": 12.0 }, "geometry": { "type": "Point", "coordinates": [ -2.5328266, 51.477874 ] } },
{ "type": "Feature", "properties": { "name": "310341", "dott_bicycle_capacity": 8.0, "dott_scooter_capacity": 8.0, "dott_total_capacity": 16.0 }, "geometry": { "type": "Point", "coordinates": [ -2.542649, 51.416097 ] } },
{ "type": "Feature", "properties": { "name": "300310", "dott_bicycle_capacity": 6.0, "dott_scooter_capacity": 6.0, "dott_total_capacity": 12.0 }, "geometry": { "type": "Point", "coordinates": [ -2.569655, 51.460076 ] } },
{ "type": "Feature", "properties": { "name": "300436", "dott_bicycle_capacity": 6.0, "dott_scooter_capacity": 6.0, "dott_total_capacity": 12.0 }, "geometry": { "type": "Point", "coordinates": [ -2.6220565, 51.4129987 ] } },
{ "type": "Feature", "properties": { "name": "300589", "dott_bicycle_capacity": 12.0, "dott_scooter_capacity": 12.0, "dott_total_capacity": 24.0 }, "geometry": { "type": "Point", "coordinates": [ -2.5781101, 51.4483515 ] } },
{ "type": "Feature", "properties": { "name": "300369", "dott_bicycle_capacity": 10.0, "dott_scooter_capacity": 10.0, "dott_total_capacity": 20.0 }, "geometry": { "type": "Point", "coordinates": [ -2.5690301, 51.4669208 ] } },
{ "type": "Feature", "properties": { "name": "200260", "dott_bicycle_capacity": 16.0, "dott_scooter_capacity": 16.0, "dott_total_capacity": 32.0 }, "geometry": { "type": "Point", "coordinates": [ -2.5215622, 51.443827 ] } },
{ "type": "Feature", "properties": { "name": "300460", "dott_bicycle_capacity": 0.0, "dott_scooter_capacity": 0.0, "dott_total_capacity": 0.0 }, "geometry": { "type": "Point", "coordinates": [ -2.6117043, 51.4668996 ] } },
{ "type": "Feature", "properties": { "name": "320094", "dott_bicycle_capacity": 12.0, "dott_scooter_capacity": 12.0, "dott_total_capacity": 24.0 }, "geometry": { "type": "Point", "coordinates": [ -2.6896757, 51.505141 ] } },
{ "type": "Feature", "properties": { "name": "220150", "dott_bicycle_capacity": 12.0, "dott_scooter_capacity": 12.0, "dott_total_capacity": 24.0 }, "geometry": { "type": "Point", "coordinates": [ -2.4248064, 51.540835 ] } },
{ "type": "Feature", "properties": { "name": "200206", "dott_bicycle_capacity": 10.0, "dott_scooter_capacity": 10.0, "dott_total_capacity": 20.0 }, "geometry": { "type": "Point", "coordinates": [ -2.546079, 51.5350326 ] } },
{ "type": "Feature", "properties": { "name": "310302", "dott_bicycle_capacity": 6.0, "dott_scooter_capacity": 6.0, "dott_total_capacity": 12.0 }, "geometry": { "type": "Point", "coordinates": [ -2.522263, 51.456459 ] } },
{ "type": "Feature", "properties": { "name": "300054", "dott_bicycle_capacity": 6.0, "dott_scooter_capacity": 6.0, "dott_total_capacity": 12.0 }, "geometry": { "type": "Point", "coordinates": [ -2.616282, 51.456055 ] } },
{ "type": "Feature", "properties": { "name": "300278", "dott_bicycle_capacity": 9.0, "dott_scooter_capacity": 9.0, "dott_total_capacity": 18.0 }, "geometry": { "type": "Point", "coordinates": [ -2.563008, 51.45797 ] } },
{ "type": "Feature", "properties": { "name": "300774", "dott_bicycle_capacity": null, "dott_scooter_capacity": 5.0, "dott_total_capacity": 5.0 }, "geometry": { "type": "Point", "coordinates": [ -2.5782672, 51.4053705 ] } },
{ "type": "Feature", "properties": { "name": "210048", "dott_bicycle_capacity": 12.0, "dott_scooter_capacity": 12.0, "dott_total_capacity": 24.0 }, "geometry": { "type": "Point", "coordinates": [ -2.5023301, 51.4693412 ] } },
{ "type": "Feature", "properties": { "name": "300119", "dott_bicycle_capacity": 16.0, "dott_scooter_capacity": 16.0, "dott_total_capacity": 32.0 }, "geometry": { "type": "Point", "coordinates": [ -2.5730708, 51.4634658 ] } },
{ "type": "Feature", "properties": { "name": "200024", "dott_bicycle_capacity": null, "dott_scooter_capacity": 8.0, "dott_total_capacity": 8.0 }, "geometry": { "type": "Point", "coordinates": [ -2.5058783, 51.4871501 ] } },
{ "type": "Feature", "properties": { "name": "200204", "dott_bicycle_capacity": 10.0, "dott_scooter_capacity": 10.0, "dott_total_capacity": 20.0 }, "geometry": { "type": "Point", "coordinates": [ -2.519916, 51.440062 ] } },
{ "type": "Feature", "properties": { "name": "220034", "dott_bicycle_capacity": null, "dott_scooter_capacity": 8.0, "dott_total_capacity": 8.0 }, "geometry": { "type": "Point", "coordinates": [ -2.48984, 51.44411 ] } },
{ "type": "Feature", "properties": { "name": "310304", "dott_bicycle_capacity": 10.0, "dott_scooter_capacity": 10.0, "dott_total_capacity": 20.0 }, "geometry": { "type": "Point", "coordinates": [ -2.585342, 51.423314 ] } },
{ "type": "Feature", "properties": { "name": "300199", "dott_bicycle_capacity": 6.0, "dott_scooter_capacity": 6.0, "dott_total_capacity": 12.0 }, "geometry": { "type": "Point", "coordinates": [ -2.6713731, 51.5331298 ] } },
{ "type": "Feature", "properties": { "name": "320003", "dott_bicycle_capacity": null, "dott_scooter_capacity": 10.0, "dott_total_capacity": 10.0 }, "geometry": { "type": "Point", "coordinates": [ -2.6321996, 51.4442545 ] } },
{ "type": "Feature", "properties": { "name": "210014", "dott_bicycle_capacity": null, "dott_scooter_capacity": 5.0, "dott_total_capacity": 5.0 }, "geometry": { "type": "Point", "coordinates": [ -2.5051053, 51.4974221 ] } },
{ "type": "Feature", "properties": { "name": "200004", "dott_bicycle_capacity": 8.0, "dott_scooter_capacity": 8.0, "dott_total_capacity": 16.0 }, "geometry": { "type": "Point", "coordinates": [ -2.573234, 51.509894 ] } },
{ "type": "Feature", "properties": { "name": "300447", "dott_bicycle_capacity": 6.0, "dott_scooter_capacity": 6.0, "dott_total_capacity": 12.0 }, "geometry": { "type": "Point", "coordinates": [ -2.5775285, 51.4322953 ] } },
{ "type": "Feature", "properties": { "name": "310409", "dott_bicycle_capacity": 7.0, "dott_scooter_capacity": 7.0, "dott_total_capacity": 14.0 }, "geometry": { "type": "Point", "coordinates": [ -2.539374, 51.441241 ] } },
{ "type": "Feature", "properties": { "name": "220122", "dott_bicycle_capacity": 6.0, "dott_scooter_capacity": 6.0, "dott_total_capacity": 12.0 }, "geometry": { "type": "Point", "coordinates": [ -2.4136498, 51.5383205 ] } },
{ "type": "Feature", "properties": { "name": "300778", "dott_bicycle_capacity": 7.0, "dott_scooter_capacity": 7.0, "dott_total_capacity": 14.0 }, "geometry": { "type": "Point", "coordinates": [ -2.5388221, 51.427301 ] } },
{ "type": "Feature", "properties": { "name": "220119", "dott_bicycle_capacity": 10.0, "dott_scooter_capacity": 10.0, "dott_total_capacity": 20.0 }, "geometry": { "type": "Point", "coordinates": [ -2.4309178, 51.5407295 ] } },
{ "type": "Feature", "properties": { "name": "220154", "dott_bicycle_capacity": 12.0, "dott_scooter_capacity": 12.0, "dott_total_capacity": 24.0 }, "geometry": { "type": "Point", "coordinates": [ -2.4134987, 51.5419001 ] } },
{ "type": "Feature", "properties": { "name": "310052", "dott_bicycle_capacity": null, "dott_scooter_capacity": 6.0, "dott_total_capacity": 6.0 }, "geometry": { "type": "Point", "coordinates": [ -2.5721065, 51.4300166 ] } },
{ "type": "Feature", "properties": { "name": "310115", "dott_bicycle_capacity": 7.0, "dott_scooter_capacity": 7.0, "dott_total_capacity": 14.0 }, "geometry": { "type": "Point", "coordinates": [ -2.598264, 51.512638 ] } },
{ "type": "Feature", "properties": { "name": "200220", "dott_bicycle_capacity": 20.0, "dott_scooter_capacity": 20.0, "dott_total_capacity": 40.0 }, "geometry": { "type": "Point", "coordinates": [ -2.5577541, 51.5437851 ] } },
{ "type": "Feature", "properties": { "name": "310294", "dott_bicycle_capacity": 5.0, "dott_scooter_capacity": 5.0, "dott_total_capacity": 10.0 }, "geometry": { "type": "Point", "coordinates": [ -2.517265, 51.477831 ] } },
{ "type": "Feature", "properties": { "name": "200107", "dott_bicycle_capacity": null, "dott_scooter_capacity": 6.0, "dott_total_capacity": 6.0 }, "geometry": { "type": "Point", "coordinates": [ -2.559596, 51.497143 ] } },
{ "type": "Feature", "properties": { "name": "300721", "dott_bicycle_capacity": 9.0, "dott_scooter_capacity": 9.0, "dott_total_capacity": 18.0 }, "geometry": { "type": "Point", "coordinates": [ -2.5963158, 51.4643705 ] } },
{ "type": "Feature", "properties": { "name": "200036", "dott_bicycle_capacity": 6.0, "dott_scooter_capacity": 6.0, "dott_total_capacity": 12.0 }, "geometry": { "type": "Point", "coordinates": [ -2.5055063, 51.4852285 ] } },
{ "type": "Feature", "properties": { "name": "300657", "dott_bicycle_capacity": 15.0, "dott_scooter_capacity": 15.0, "dott_total_capacity": 30.0 }, "geometry": { "type": "Point", "coordinates": [ -2.592661, 51.457811 ] } },
{ "type": "Feature", "properties": { "name": "300509", "dott_bicycle_capacity": 20.0, "dott_scooter_capacity": 20.0, "dott_total_capacity": 40.0 }, "geometry": { "type": "Point", "coordinates": [ -2.5891086, 51.4362626 ] } },
{ "type": "Feature", "properties": { "name": "300784", "dott_bicycle_capacity": 7.0, "dott_scooter_capacity": 7.0, "dott_total_capacity": 14.0 }, "geometry": { "type": "Point", "coordinates": [ -2.559739, 51.414792 ] } },
{ "type": "Feature", "properties": { "name": "300474", "dott_bicycle_capacity": 14.0, "dott_scooter_capacity": 14.0, "dott_total_capacity": 28.0 }, "geometry": { "type": "Point", "coordinates": [ -2.5981767, 51.4521039 ] } },
{ "type": "Feature", "properties": { "name": "300122", "dott_bicycle_capacity": null, "dott_scooter_capacity": 6.0, "dott_total_capacity": 6.0 }, "geometry": { "type": "Point", "coordinates": [ -2.5690859, 51.4660769 ] } },
{ "type": "Feature", "properties": { "name": "220047", "dott_bicycle_capacity": null, "dott_scooter_capacity": 0.0, "dott_total_capacity": 0.0 }, "geometry": { "type": "Point", "coordinates": [ -2.469056, 51.50191 ] } },
{ "type": "Feature", "properties": { "name": "200032", "dott_bicycle_capacity": 20.0, "dott_scooter_capacity": 20.0, "dott_total_capacity": 40.0 }, "geometry": { "type": "Point", "coordinates": [ -2.502689, 51.489326 ] } },
{ "type": "Feature", "properties": { "name": "300004", "dott_bicycle_capacity": null, "dott_scooter_capacity": 4.0, "dott_total_capacity": 4.0 }, "geometry": { "type": "Point", "coordinates": [ -2.6006597, 51.4146504 ] } },
{ "type": "Feature", "properties": { "name": "310278", "dott_bicycle_capacity": 0.0, "dott_scooter_capacity": 0.0, "dott_total_capacity": 0.0 }, "geometry": { "type": "Point", "coordinates": [ -2.602742, 51.452781 ] } },
{ "type": "Feature", "properties": { "name": "300189", "dott_bicycle_capacity": 10.0, "dott_scooter_capacity": 10.0, "dott_total_capacity": 20.0 }, "geometry": { "type": "Point", "coordinates": [ -2.6135157, 51.5096367 ] } },
{ "type": "Feature", "properties": { "name": "300117", "dott_bicycle_capacity": 23.0, "dott_scooter_capacity": 23.0, "dott_total_capacity": 46.0 }, "geometry": { "type": "Point", "coordinates": [ -2.584607, 51.470338 ] } },
{ "type": "Feature", "properties": { "name": "310340", "dott_bicycle_capacity": 6.0, "dott_scooter_capacity": 6.0, "dott_total_capacity": 12.0 }, "geometry": { "type": "Point", "coordinates": [ -2.547345, 51.412955 ] } },
{ "type": "Feature", "properties": { "name": "300544", "dott_bicycle_capacity": 0.0, "dott_scooter_capacity": 0.0, "dott_total_capacity": 0.0 }, "geometry": { "type": "Point", "coordinates": [ -2.604236, 51.457807 ] } },
{ "type": "Feature", "properties": { "name": "310489", "dott_bicycle_capacity": 8.0, "dott_scooter_capacity": 8.0, "dott_total_capacity": 16.0 }, "geometry": { "type": "Point", "coordinates": [ -2.532049, 51.435779 ] } },
{ "type": "Feature", "properties": { "name": "200280", "dott_bicycle_capacity": null, "dott_scooter_capacity": 6.0, "dott_total_capacity": 6.0 }, "geometry": { "type": "Point", "coordinates": [ -2.494319, 51.459729 ] } },
{ "type": "Feature", "properties": { "name": "300251", "dott_bicycle_capacity": 10.0, "dott_scooter_capacity": 10.0, "dott_total_capacity": 20.0 }, "geometry": { "type": "Point", "coordinates": [ -2.5683086, 51.4671352 ] } },
{ "type": "Feature", "properties": { "name": "310438", "dott_bicycle_capacity": 10.0, "dott_scooter_capacity": 10.0, "dott_total_capacity": 20.0 }, "geometry": { "type": "Point", "coordinates": [ -2.574013, 51.494886 ] } },
{ "type": "Feature", "properties": { "name": "210024", "dott_bicycle_capacity": 7.0, "dott_scooter_capacity": 7.0, "dott_total_capacity": 14.0 }, "geometry": { "type": "Point", "coordinates": [ -2.490871, 51.49813 ] } },
{ "type": "Feature", "properties": { "name": "300169", "dott_bicycle_capacity": null, "dott_scooter_capacity": 4.0, "dott_total_capacity": 4.0 }, "geometry": { "type": "Point", "coordinates": [ -2.592921, 51.438329 ] } },
{ "type": "Feature", "properties": { "name": "310142", "dott_bicycle_capacity": 12.0, "dott_scooter_capacity": 12.0, "dott_total_capacity": 24.0 }, "geometry": { "type": "Point", "coordinates": [ -2.5803999, 51.4618957 ] } },
{ "type": "Feature", "properties": { "name": "210012", "dott_bicycle_capacity": null, "dott_scooter_capacity": 6.0, "dott_total_capacity": 6.0 }, "geometry": { "type": "Point", "coordinates": [ -2.506806, 51.4967945 ] } },
{ "type": "Feature", "properties": { "name": "310386", "dott_bicycle_capacity": 9.0, "dott_scooter_capacity": 9.0, "dott_total_capacity": 18.0 }, "geometry": { "type": "Point", "coordinates": [ -2.585876, 51.462359 ] } },
{ "type": "Feature", "properties": { "name": "300693", "dott_bicycle_capacity": 6.0, "dott_scooter_capacity": 6.0, "dott_total_capacity": 12.0 }, "geometry": { "type": "Point", "coordinates": [ -2.5388, 51.461324 ] } },
{ "type": "Feature", "properties": { "name": "210041", "dott_bicycle_capacity": 15.0, "dott_scooter_capacity": 15.0, "dott_total_capacity": 30.0 }, "geometry": { "type": "Point", "coordinates": [ -2.5843053, 51.5258545 ] } },
{ "type": "Feature", "properties": { "name": "310527", "dott_bicycle_capacity": 0.0, "dott_scooter_capacity": 0.0, "dott_total_capacity": 0.0 }, "geometry": { "type": "Point", "coordinates": [ -2.601551, 51.459321 ] } },
{ "type": "Feature", "properties": { "name": "200244", "dott_bicycle_capacity": 16.0, "dott_scooter_capacity": 16.0, "dott_total_capacity": 32.0 }, "geometry": { "type": "Point", "coordinates": [ -2.5062218, 51.4554567 ] } },
{ "type": "Feature", "properties": { "name": "300613", "dott_bicycle_capacity": 15.0, "dott_scooter_capacity": 15.0, "dott_total_capacity": 30.0 }, "geometry": { "type": "Point", "coordinates": [ -2.6162109, 51.4704652 ] } },
{ "type": "Feature", "properties": { "name": "300822", "dott_bicycle_capacity": 10.0, "dott_scooter_capacity": 10.0, "dott_total_capacity": 20.0 }, "geometry": { "type": "Point", "coordinates": [ -2.6198457, 51.496711 ] } },
{ "type": "Feature", "properties": { "name": "300503", "dott_bicycle_capacity": 7.0, "dott_scooter_capacity": 7.0, "dott_total_capacity": 14.0 }, "geometry": { "type": "Point", "coordinates": [ -2.5519457, 51.4680632 ] } },
{ "type": "Feature", "properties": { "name": "300573", "dott_bicycle_capacity": 7.0, "dott_scooter_capacity": 7.0, "dott_total_capacity": 14.0 }, "geometry": { "type": "Point", "coordinates": [ -2.5965698, 51.491688 ] } },
{ "type": "Feature", "properties": { "name": "310529", "dott_bicycle_capacity": 12.0, "dott_scooter_capacity": 12.0, "dott_total_capacity": 24.0 }, "geometry": { "type": "Point", "coordinates": [ -2.619235, 51.459559 ] } },
{ "type": "Feature", "properties": { "name": "300013", "dott_bicycle_capacity": 0.0, "dott_scooter_capacity": 0.0, "dott_total_capacity": 0.0 }, "geometry": { "type": "Point", "coordinates": [ -2.592608, 51.449684 ] } },
{ "type": "Feature", "properties": { "name": "300424", "dott_bicycle_capacity": null, "dott_scooter_capacity": 11.0, "dott_total_capacity": 11.0 }, "geometry": { "type": "Point", "coordinates": [ -2.612215, 51.457762 ] } },
{ "type": "Feature", "properties": { "name": "300077", "dott_bicycle_capacity": 20.0, "dott_scooter_capacity": 20.0, "dott_total_capacity": 40.0 }, "geometry": { "type": "Point", "coordinates": [ -2.606068, 51.440352 ] } },
{ "type": "Feature", "properties": { "name": "310169", "dott_bicycle_capacity": 6.0, "dott_scooter_capacity": 6.0, "dott_total_capacity": 12.0 }, "geometry": { "type": "Point", "coordinates": [ -2.6117611, 51.4317896 ] } },
{ "type": "Feature", "properties": { "name": "220156", "dott_bicycle_capacity": 7.0, "dott_scooter_capacity": 7.0, "dott_total_capacity": 14.0 }, "geometry": { "type": "Point", "coordinates": [ -2.4189759, 51.5410176 ] } },
{ "type": "Feature", "properties": { "name": "220038", "dott_bicycle_capacity": null, "dott_scooter_capacity": 6.0, "dott_total_capacity": 6.0 }, "geometry": { "type": "Point", "coordinates": [ -2.4876, 51.44723 ] } },
{ "type": "Feature", "properties": { "name": "300719", "dott_bicycle_capacity": 6.0, "dott_scooter_capacity": 6.0, "dott_total_capacity": 12.0 }, "geometry": { "type": "Point", "coordinates": [ -2.591334, 51.47522 ] } },
{ "type": "Feature", "properties": { "name": "220146", "dott_bicycle_capacity": 10.0, "dott_scooter_capacity": 10.0, "dott_total_capacity": 20.0 }, "geometry": { "type": "Point", "coordinates": [ -2.4170958, 51.558511 ] } },
{ "type": "Feature", "properties": { "name": "310228", "dott_bicycle_capacity": 8.0, "dott_scooter_capacity": 8.0, "dott_total_capacity": 16.0 }, "geometry": { "type": "Point", "coordinates": [ -2.5343994, 51.479853 ] } },
{ "type": "Feature", "properties": { "name": "310518", "dott_bicycle_capacity": 23.0, "dott_scooter_capacity": 23.0, "dott_total_capacity": 46.0 }, "geometry": { "type": "Point", "coordinates": [ -2.590423, 51.462561 ] } },
{ "type": "Feature", "properties": { "name": "300327", "dott_bicycle_capacity": null, "dott_scooter_capacity": 5.0, "dott_total_capacity": 5.0 }, "geometry": { "type": "Point", "coordinates": [ -2.604561, 51.4292132 ] } },
{ "type": "Feature", "properties": { "name": "300073", "dott_bicycle_capacity": 8.0, "dott_scooter_capacity": 8.0, "dott_total_capacity": 16.0 }, "geometry": { "type": "Point", "coordinates": [ -2.600506, 51.45404 ] } },
{ "type": "Feature", "properties": { "name": "300087", "dott_bicycle_capacity": 12.0, "dott_scooter_capacity": 12.0, "dott_total_capacity": 24.0 }, "geometry": { "type": "Point", "coordinates": [ -2.6086885, 51.4607342 ] } },
{ "type": "Feature", "properties": { "name": "310138", "dott_bicycle_capacity": null, "dott_scooter_capacity": 7.0, "dott_total_capacity": 7.0 }, "geometry": { "type": "Point", "coordinates": [ -2.5198309, 51.4876986 ] } },
{ "type": "Feature", "properties": { "name": "300820", "dott_bicycle_capacity": 6.0, "dott_scooter_capacity": 6.0, "dott_total_capacity": 12.0 }, "geometry": { "type": "Point", "coordinates": [ -2.6376055, 51.5102911 ] } },
{ "type": "Feature", "properties": { "name": "320101", "dott_bicycle_capacity": 55.0, "dott_scooter_capacity": 55.0, "dott_total_capacity": 110.0 }, "geometry": { "type": "Point", "coordinates": [ -2.614369, 51.442817 ] } },
{ "type": "Feature", "properties": { "name": "310524", "dott_bicycle_capacity": 12.0, "dott_scooter_capacity": 12.0, "dott_total_capacity": 24.0 }, "geometry": { "type": "Point", "coordinates": [ -2.594932, 51.441517 ] } },
{ "type": "Feature", "properties": { "name": "310329", "dott_bicycle_capacity": 6.0, "dott_scooter_capacity": 6.0, "dott_total_capacity": 12.0 }, "geometry": { "type": "Point", "coordinates": [ -2.518224, 51.46079 ] } },
{ "type": "Feature", "properties": { "name": "320032", "dott_bicycle_capacity": 20.0, "dott_scooter_capacity": 20.0, "dott_total_capacity": 40.0 }, "geometry": { "type": "Point", "coordinates": [ -2.543732, 51.4835762 ] } },
{ "type": "Feature", "properties": { "name": "210040", "dott_bicycle_capacity": 8.0, "dott_scooter_capacity": 8.0, "dott_total_capacity": 16.0 }, "geometry": { "type": "Point", "coordinates": [ -2.5869734, 51.5377675 ] } },
{ "type": "Feature", "properties": { "name": "310493", "dott_bicycle_capacity": 14.0, "dott_scooter_capacity": 14.0, "dott_total_capacity": 28.0 }, "geometry": { "type": "Point", "coordinates": [ -2.582066, 51.471913 ] } },
{ "type": "Feature", "properties": { "name": "310392", "dott_bicycle_capacity": null, "dott_scooter_capacity": 4.0, "dott_total_capacity": 4.0 }, "geometry": { "type": "Point", "coordinates": [ -2.543424, 51.438318 ] } },
{ "type": "Feature", "properties": { "name": "300282", "dott_bicycle_capacity": 10.0, "dott_scooter_capacity": 10.0, "dott_total_capacity": 20.0 }, "geometry": { "type": "Point", "coordinates": [ -2.6208198, 51.4370356 ] } },
{ "type": "Feature", "properties": { "name": "310240", "dott_bicycle_capacity": null, "dott_scooter_capacity": 7.0, "dott_total_capacity": 7.0 }, "geometry": { "type": "Point", "coordinates": [ -2.5558783, 51.4367735 ] } },
{ "type": "Feature", "properties": { "name": "300729", "dott_bicycle_capacity": 8.0, "dott_scooter_capacity": 8.0, "dott_total_capacity": 16.0 }, "geometry": { "type": "Point", "coordinates": [ -2.6212858, 51.4125173 ] } },
{ "type": "Feature", "properties": { "name": "300600", "dott_bicycle_capacity": 22.0, "dott_scooter_capacity": 22.0, "dott_total_capacity": 44.0 }, "geometry": { "type": "Point", "coordinates": [ -2.580708, 51.452299 ] } },
{ "type": "Feature", "properties": { "name": "310502", "dott_bicycle_capacity": 21.0, "dott_scooter_capacity": 21.0, "dott_total_capacity": 42.0 }, "geometry": { "type": "Point", "coordinates": [ -2.582065, 51.470938 ] } },
{ "type": "Feature", "properties": { "name": "200156", "dott_bicycle_capacity": 20.0, "dott_scooter_capacity": 20.0, "dott_total_capacity": 40.0 }, "geometry": { "type": "Point", "coordinates": [ -2.5718754, 51.5153542 ] } },
{ "type": "Feature", "properties": { "name": "300701", "dott_bicycle_capacity": 0.0, "dott_scooter_capacity": 0.0, "dott_total_capacity": 0.0 }, "geometry": { "type": "Point", "coordinates": [ -2.594384, 51.444009 ] } },
{ "type": "Feature", "properties": { "name": "310454", "dott_bicycle_capacity": 15.0, "dott_scooter_capacity": 15.0, "dott_total_capacity": 30.0 }, "geometry": { "type": "Point", "coordinates": [ -2.536736, 51.440353 ] } },
{ "type": "Feature", "properties": { "name": "300360", "dott_bicycle_capacity": 10.0, "dott_scooter_capacity": 10.0, "dott_total_capacity": 20.0 }, "geometry": { "type": "Point", "coordinates": [ -2.552684, 51.4340751 ] } },
{ "type": "Feature", "properties": { "name": "310505", "dott_bicycle_capacity": 23.0, "dott_scooter_capacity": 23.0, "dott_total_capacity": 46.0 }, "geometry": { "type": "Point", "coordinates": [ -2.590732, 51.476674 ] } },
{ "type": "Feature", "properties": { "name": "320098", "dott_bicycle_capacity": 10.0, "dott_scooter_capacity": 10.0, "dott_total_capacity": 20.0 }, "geometry": { "type": "Point", "coordinates": [ -2.547551, 51.453001 ] } },
{ "type": "Feature", "properties": { "name": "310171", "dott_bicycle_capacity": 13.0, "dott_scooter_capacity": 13.0, "dott_total_capacity": 26.0 }, "geometry": { "type": "Point", "coordinates": [ -2.5591838, 51.4806351 ] } },
{ "type": "Feature", "properties": { "name": "300376", "dott_bicycle_capacity": 8.0, "dott_scooter_capacity": 8.0, "dott_total_capacity": 16.0 }, "geometry": { "type": "Point", "coordinates": [ -2.6257657, 51.4622896 ] } },
{ "type": "Feature", "properties": { "name": "200029", "dott_bicycle_capacity": 10.0, "dott_scooter_capacity": 10.0, "dott_total_capacity": 20.0 }, "geometry": { "type": "Point", "coordinates": [ -2.5049, 51.487753 ] } },
{ "type": "Feature", "properties": { "name": "300671", "dott_bicycle_capacity": 8.0, "dott_scooter_capacity": 8.0, "dott_total_capacity": 16.0 }, "geometry": { "type": "Point", "coordinates": [ -2.562934, 51.489946 ] } },
{ "type": "Feature", "properties": { "name": "300159", "dott_bicycle_capacity": 7.0, "dott_scooter_capacity": 7.0, "dott_total_capacity": 14.0 }, "geometry": { "type": "Point", "coordinates": [ -2.5833111, 51.4432413 ] } },
{ "type": "Feature", "properties": { "name": "300411", "dott_bicycle_capacity": 11.0, "dott_scooter_capacity": 11.0, "dott_total_capacity": 22.0 }, "geometry": { "type": "Point", "coordinates": [ -2.5821617, 51.4885428 ] } },
{ "type": "Feature", "properties": { "name": "220054", "dott_bicycle_capacity": null, "dott_scooter_capacity": 6.0, "dott_total_capacity": 6.0 }, "geometry": { "type": "Point", "coordinates": [ -2.5043756, 51.5186665 ] } },
{ "type": "Feature", "properties": { "name": "300018", "dott_bicycle_capacity": 8.0, "dott_scooter_capacity": 8.0, "dott_total_capacity": 16.0 }, "geometry": { "type": "Point", "coordinates": [ -2.5666162, 51.4644109 ] } },
{ "type": "Feature", "properties": { "name": "300242", "dott_bicycle_capacity": 6.0, "dott_scooter_capacity": 6.0, "dott_total_capacity": 12.0 }, "geometry": { "type": "Point", "coordinates": [ -2.5607785, 51.45794 ] } },
{ "type": "Feature", "properties": { "name": "300115", "dott_bicycle_capacity": 20.0, "dott_scooter_capacity": 20.0, "dott_total_capacity": 40.0 }, "geometry": { "type": "Point", "coordinates": [ -2.5798894, 51.4785662 ] } },
{ "type": "Feature", "properties": { "name": "300445", "dott_bicycle_capacity": null, "dott_scooter_capacity": 6.0, "dott_total_capacity": 6.0 }, "geometry": { "type": "Point", "coordinates": [ -2.5975758, 51.4357706 ] } },
{ "type": "Feature", "properties": { "name": "300059", "dott_bicycle_capacity": 12.0, "dott_scooter_capacity": 12.0, "dott_total_capacity": 24.0 }, "geometry": { "type": "Point", "coordinates": [ -2.6173274, 51.4162214 ] } },
{ "type": "Feature", "properties": { "name": "300622", "dott_bicycle_capacity": 15.0, "dott_scooter_capacity": 15.0, "dott_total_capacity": 30.0 }, "geometry": { "type": "Point", "coordinates": [ -2.5146214, 51.4678328 ] } },
{ "type": "Feature", "properties": { "name": "300397", "dott_bicycle_capacity": 11.0, "dott_scooter_capacity": 11.0, "dott_total_capacity": 22.0 }, "geometry": { "type": "Point", "coordinates": [ -2.5736473, 51.4955345 ] } },
{ "type": "Feature", "properties": { "name": "300491", "dott_bicycle_capacity": 12.0, "dott_scooter_capacity": 12.0, "dott_total_capacity": 24.0 }, "geometry": { "type": "Point", "coordinates": [ -2.585866, 51.449123 ] } },
{ "type": "Feature", "properties": { "name": "220028", "dott_bicycle_capacity": null, "dott_scooter_capacity": 6.0, "dott_total_capacity": 6.0 }, "geometry": { "type": "Point", "coordinates": [ -2.47515, 51.44022 ] } },
{ "type": "Feature", "properties": { "name": "300184", "dott_bicycle_capacity": 12.0, "dott_scooter_capacity": 12.0, "dott_total_capacity": 24.0 }, "geometry": { "type": "Point", "coordinates": [ -2.6794485, 51.4907517 ] } },
{ "type": "Feature", "properties": { "name": "200063", "dott_bicycle_capacity": null, "dott_scooter_capacity": 15.0, "dott_total_capacity": 15.0 }, "geometry": { "type": "Point", "coordinates": [ -2.5490955, 51.5079358 ] } },
{ "type": "Feature", "properties": { "name": "310451", "dott_bicycle_capacity": 10.0, "dott_scooter_capacity": 10.0, "dott_total_capacity": 20.0 }, "geometry": { "type": "Point", "coordinates": [ -2.559876, 51.494035 ] } },
{ "type": "Feature", "properties": { "name": "200168", "dott_bicycle_capacity": null, "dott_scooter_capacity": 20.0, "dott_total_capacity": 20.0 }, "geometry": { "type": "Point", "coordinates": [ -2.4981849, 51.4898851 ] } },
{ "type": "Feature", "properties": { "name": "300690", "dott_bicycle_capacity": 13.0, "dott_scooter_capacity": 13.0, "dott_total_capacity": 26.0 }, "geometry": { "type": "Point", "coordinates": [ -2.5661209, 51.4945773 ] } },
{ "type": "Feature", "properties": { "name": "300135", "dott_bicycle_capacity": null, "dott_scooter_capacity": 0.0, "dott_total_capacity": 0.0 }, "geometry": { "type": "Point", "coordinates": [ -2.6149095, 51.4703329 ] } },
{ "type": "Feature", "properties": { "name": "300683", "dott_bicycle_capacity": 13.0, "dott_scooter_capacity": 13.0, "dott_total_capacity": 26.0 }, "geometry": { "type": "Point", "coordinates": [ -2.5344279, 51.4784052 ] } },
{ "type": "Feature", "properties": { "name": "300185", "dott_bicycle_capacity": 8.0, "dott_scooter_capacity": 8.0, "dott_total_capacity": 16.0 }, "geometry": { "type": "Point", "coordinates": [ -2.6787173, 51.4901841 ] } },
{ "type": "Feature", "properties": { "name": "320002", "dott_bicycle_capacity": 0.0, "dott_scooter_capacity": 0.0, "dott_total_capacity": 0.0 }, "geometry": { "type": "Point", "coordinates": [ -2.603111, 51.455661 ] } },
{ "type": "Feature", "properties": { "name": "300393", "dott_bicycle_capacity": 12.0, "dott_scooter_capacity": 12.0, "dott_total_capacity": 24.0 }, "geometry": { "type": "Point", "coordinates": [ -2.608555, 51.460111 ] } },
{ "type": "Feature", "properties": { "name": "210113", "dott_bicycle_capacity": null, "dott_scooter_capacity": 6.0, "dott_total_capacity": 6.0 }, "geometry": { "type": "Point", "coordinates": [ -2.4870944, 51.4624931 ] } },
{ "type": "Feature", "properties": { "name": "310310", "dott_bicycle_capacity": null, "dott_scooter_capacity": 5.0, "dott_total_capacity": 5.0 }, "geometry": { "type": "Point", "coordinates": [ -2.548769, 51.445387 ] } },
{ "type": "Feature", "properties": { "name": "320021", "dott_bicycle_capacity": 45.0, "dott_scooter_capacity": 45.0, "dott_total_capacity": 90.0 }, "geometry": { "type": "Point", "coordinates": [ -2.602624, 51.455538 ] } },
{ "type": "Feature", "properties": { "name": "220090", "dott_bicycle_capacity": null, "dott_scooter_capacity": 6.0, "dott_total_capacity": 6.0 }, "geometry": { "type": "Point", "coordinates": [ -2.4617184, 51.5317743 ] } },
{ "type": "Feature", "properties": { "name": "220120", "dott_bicycle_capacity": null, "dott_scooter_capacity": 12.0, "dott_total_capacity": 12.0 }, "geometry": { "type": "Point", "coordinates": [ -2.4134537, 51.5388136 ] } },
{ "type": "Feature", "properties": { "name": "200276", "dott_bicycle_capacity": 20.0, "dott_scooter_capacity": 20.0, "dott_total_capacity": 40.0 }, "geometry": { "type": "Point", "coordinates": [ -2.5307271, 51.5182178 ] } },
{ "type": "Feature", "properties": { "name": "200159", "dott_bicycle_capacity": 20.0, "dott_scooter_capacity": 20.0, "dott_total_capacity": 40.0 }, "geometry": { "type": "Point", "coordinates": [ -2.5106507, 51.486301 ] } },
{ "type": "Feature", "properties": { "name": "200086", "dott_bicycle_capacity": 16.0, "dott_scooter_capacity": 16.0, "dott_total_capacity": 32.0 }, "geometry": { "type": "Point", "coordinates": [ -2.5121719, 51.4518737 ] } },
{ "type": "Feature", "properties": { "name": "310246", "dott_bicycle_capacity": 13.0, "dott_scooter_capacity": 13.0, "dott_total_capacity": 26.0 }, "geometry": { "type": "Point", "coordinates": [ -2.5579162, 51.4431444 ] } },
{ "type": "Feature", "properties": { "name": "200088", "dott_bicycle_capacity": 20.0, "dott_scooter_capacity": 20.0, "dott_total_capacity": 40.0 }, "geometry": { "type": "Point", "coordinates": [ -2.5615592, 51.5328537 ] } },
{ "type": "Feature", "properties": { "name": "300829", "dott_bicycle_capacity": 6.0, "dott_scooter_capacity": 6.0, "dott_total_capacity": 12.0 }, "geometry": { "type": "Point", "coordinates": [ -2.552831, 51.453765 ] } },
{ "type": "Feature", "properties": { "name": "310379", "dott_bicycle_capacity": 0.0, "dott_scooter_capacity": 0.0, "dott_total_capacity": 0.0 }, "geometry": { "type": "Point", "coordinates": [ -2.587818, 51.453424 ] } },
{ "type": "Feature", "properties": { "name": "310042", "dott_bicycle_capacity": 8.0, "dott_scooter_capacity": 8.0, "dott_total_capacity": 16.0 }, "geometry": { "type": "Point", "coordinates": [ -2.5786644, 51.4367557 ] } },
{ "type": "Feature", "properties": { "name": "300154", "dott_bicycle_capacity": 22.0, "dott_scooter_capacity": 22.0, "dott_total_capacity": 44.0 }, "geometry": { "type": "Point", "coordinates": [ -2.586677, 51.455445 ] } },
{ "type": "Feature", "properties": { "name": "300035", "dott_bicycle_capacity": 12.0, "dott_scooter_capacity": 12.0, "dott_total_capacity": 24.0 }, "geometry": { "type": "Point", "coordinates": [ -2.583207, 51.465406 ] } },
{ "type": "Feature", "properties": { "name": "300219", "dott_bicycle_capacity": 6.0, "dott_scooter_capacity": 6.0, "dott_total_capacity": 12.0 }, "geometry": { "type": "Point", "coordinates": [ -2.652037, 51.503908 ] } },
{ "type": "Feature", "properties": { "name": "300571", "dott_bicycle_capacity": 10.0, "dott_scooter_capacity": 10.0, "dott_total_capacity": 20.0 }, "geometry": { "type": "Point", "coordinates": [ -2.6036908, 51.4926284 ] } },
{ "type": "Feature", "properties": { "name": "310356", "dott_bicycle_capacity": 8.0, "dott_scooter_capacity": 8.0, "dott_total_capacity": 16.0 }, "geometry": { "type": "Point", "coordinates": [ -2.595977, 51.403647 ] } },
{ "type": "Feature", "properties": { "name": "310531", "dott_bicycle_capacity": 12.0, "dott_scooter_capacity": 12.0, "dott_total_capacity": 24.0 }, "geometry": { "type": "Point", "coordinates": [ -2.596877, 51.461938 ] } },
{ "type": "Feature", "properties": { "name": "300308", "dott_bicycle_capacity": 8.0, "dott_scooter_capacity": 8.0, "dott_total_capacity": 16.0 }, "geometry": { "type": "Point", "coordinates": [ -2.5915725, 51.4756199 ] } },
{ "type": "Feature", "properties": { "name": "200175", "dott_bicycle_capacity": 4.0, "dott_scooter_capacity": 4.0, "dott_total_capacity": 8.0 }, "geometry": { "type": "Point", "coordinates": [ -2.4995308, 51.4790112 ] } },
{ "type": "Feature", "properties": { "name": "210030", "dott_bicycle_capacity": 8.0, "dott_scooter_capacity": 8.0, "dott_total_capacity": 16.0 }, "geometry": { "type": "Point", "coordinates": [ -2.493564, 51.494118 ] } },
{ "type": "Feature", "properties": { "name": "300735", "dott_bicycle_capacity": 10.0, "dott_scooter_capacity": 10.0, "dott_total_capacity": 20.0 }, "geometry": { "type": "Point", "coordinates": [ -2.6066191, 51.4324268 ] } },
{ "type": "Feature", "properties": { "name": "200068", "dott_bicycle_capacity": 15.0, "dott_scooter_capacity": 15.0, "dott_total_capacity": 30.0 }, "geometry": { "type": "Point", "coordinates": [ -2.5703716, 51.5010438 ] } },
{ "type": "Feature", "properties": { "name": "300398", "dott_bicycle_capacity": 11.0, "dott_scooter_capacity": 11.0, "dott_total_capacity": 22.0 }, "geometry": { "type": "Point", "coordinates": [ -2.5871974, 51.4335744 ] } },
{ "type": "Feature", "properties": { "name": "300431", "dott_bicycle_capacity": 14.0, "dott_scooter_capacity": 14.0, "dott_total_capacity": 28.0 }, "geometry": { "type": "Point", "coordinates": [ -2.560606, 51.454773 ] } },
{ "type": "Feature", "properties": { "name": "220041", "dott_bicycle_capacity": 8.0, "dott_scooter_capacity": 8.0, "dott_total_capacity": 16.0 }, "geometry": { "type": "Point", "coordinates": [ -2.4684838, 51.4950217 ] } },
{ "type": "Feature", "properties": { "name": "310519", "dott_bicycle_capacity": 12.0, "dott_scooter_capacity": 12.0, "dott_total_capacity": 24.0 }, "geometry": { "type": "Point", "coordinates": [ -2.595452, 51.440122 ] } },
{ "type": "Feature", "properties": { "name": "300111", "dott_bicycle_capacity": 12.0, "dott_scooter_capacity": 12.0, "dott_total_capacity": 24.0 }, "geometry": { "type": "Point", "coordinates": [ -2.5936666, 51.4706886 ] } },
{ "type": "Feature", "properties": { "name": "310010", "dott_bicycle_capacity": 10.0, "dott_scooter_capacity": 10.0, "dott_total_capacity": 20.0 }, "geometry": { "type": "Point", "coordinates": [ -2.597828, 51.406605 ] } },
{ "type": "Feature", "properties": { "name": "310364", "dott_bicycle_capacity": 9.0, "dott_scooter_capacity": 9.0, "dott_total_capacity": 18.0 }, "geometry": { "type": "Point", "coordinates": [ -2.574706, 51.421086 ] } },
{ "type": "Feature", "properties": { "name": "220130", "dott_bicycle_capacity": null, "dott_scooter_capacity": 6.0, "dott_total_capacity": 6.0 }, "geometry": { "type": "Point", "coordinates": [ -2.4285295, 51.5333116 ] } },
{ "type": "Feature", "properties": { "name": "300177", "dott_bicycle_capacity": 10.0, "dott_scooter_capacity": 10.0, "dott_total_capacity": 20.0 }, "geometry": { "type": "Point", "coordinates": [ -2.6086452, 51.5007849 ] } },
{ "type": "Feature", "properties": { "name": "300324", "dott_bicycle_capacity": null, "dott_scooter_capacity": 4.0, "dott_total_capacity": 4.0 }, "geometry": { "type": "Point", "coordinates": [ -2.627506, 51.4182815 ] } },
{ "type": "Feature", "properties": { "name": "220110", "dott_bicycle_capacity": 22.0, "dott_scooter_capacity": 22.0, "dott_total_capacity": 44.0 }, "geometry": { "type": "Point", "coordinates": [ -2.4350479, 51.5489433 ] } },
{ "type": "Feature", "properties": { "name": "300831", "dott_bicycle_capacity": 14.0, "dott_scooter_capacity": 14.0, "dott_total_capacity": 28.0 }, "geometry": { "type": "Point", "coordinates": [ -2.5755162, 51.4479389 ] } },
{ "type": "Feature", "properties": { "name": "300203", "dott_bicycle_capacity": 6.0, "dott_scooter_capacity": 6.0, "dott_total_capacity": 12.0 }, "geometry": { "type": "Point", "coordinates": [ -2.6288783, 51.5125156 ] } },
{ "type": "Feature", "properties": { "name": "300384", "dott_bicycle_capacity": 8.0, "dott_scooter_capacity": 8.0, "dott_total_capacity": 16.0 }, "geometry": { "type": "Point", "coordinates": [ -2.545099, 51.4601259 ] } },
{ "type": "Feature", "properties": { "name": "200016", "dott_bicycle_capacity": 18.0, "dott_scooter_capacity": 18.0, "dott_total_capacity": 36.0 }, "geometry": { "type": "Point", "coordinates": [ -2.546117, 51.49942 ] } },
{ "type": "Feature", "properties": { "name": "210132", "dott_bicycle_capacity": 14.0, "dott_scooter_capacity": 14.0, "dott_total_capacity": 28.0 }, "geometry": { "type": "Point", "coordinates": [ -2.553117, 51.5026585 ] } },
{ "type": "Feature", "properties": { "name": "300109", "dott_bicycle_capacity": 14.0, "dott_scooter_capacity": 14.0, "dott_total_capacity": 28.0 }, "geometry": { "type": "Point", "coordinates": [ -2.5918942, 51.4721854 ] } },
{ "type": "Feature", "properties": { "name": "320106", "dott_bicycle_capacity": 8.0, "dott_scooter_capacity": 8.0, "dott_total_capacity": 16.0 }, "geometry": { "type": "Point", "coordinates": [ -2.615223, 51.434354 ] } },
{ "type": "Feature", "properties": { "name": "310211", "dott_bicycle_capacity": 0.0, "dott_scooter_capacity": 0.0, "dott_total_capacity": 0.0 }, "geometry": { "type": "Point", "coordinates": [ -2.608605, 51.488742 ] } },
{ "type": "Feature", "properties": { "name": "220080", "dott_bicycle_capacity": 8.0, "dott_scooter_capacity": 8.0, "dott_total_capacity": 16.0 }, "geometry": { "type": "Point", "coordinates": [ -2.471303, 51.530679 ] } },
{ "type": "Feature", "properties": { "name": "200177", "dott_bicycle_capacity": 8.0, "dott_scooter_capacity": 8.0, "dott_total_capacity": 16.0 }, "geometry": { "type": "Point", "coordinates": [ -2.5000609, 51.487007 ] } },
{ "type": "Feature", "properties": { "name": "300110", "dott_bicycle_capacity": 12.0, "dott_scooter_capacity": 12.0, "dott_total_capacity": 24.0 }, "geometry": { "type": "Point", "coordinates": [ -2.593251, 51.470937 ] } },
{ "type": "Feature", "properties": { "name": "220081", "dott_bicycle_capacity": 10.0, "dott_scooter_capacity": 10.0, "dott_total_capacity": 20.0 }, "geometry": { "type": "Point", "coordinates": [ -2.47186, 51.52987 ] } },
{ "type": "Feature", "properties": { "name": "200020", "dott_bicycle_capacity": null, "dott_scooter_capacity": 7.0, "dott_total_capacity": 7.0 }, "geometry": { "type": "Point", "coordinates": [ -2.502063, 51.488493 ] } },
{ "type": "Feature", "properties": { "name": "300180", "dott_bicycle_capacity": 6.0, "dott_scooter_capacity": 6.0, "dott_total_capacity": 12.0 }, "geometry": { "type": "Point", "coordinates": [ -2.6344641, 51.5068042 ] } },
{ "type": "Feature", "properties": { "name": "320048", "dott_bicycle_capacity": 8.0, "dott_scooter_capacity": 8.0, "dott_total_capacity": 16.0 }, "geometry": { "type": "Point", "coordinates": [ -2.581869, 51.478042 ] } },
{ "type": "Feature", "properties": { "name": "200281", "dott_bicycle_capacity": 10.0, "dott_scooter_capacity": 10.0, "dott_total_capacity": 20.0 }, "geometry": { "type": "Point", "coordinates": [ -2.4821744, 51.5004437 ] } },
{ "type": "Feature", "properties": { "name": "200142", "dott_bicycle_capacity": 8.0, "dott_scooter_capacity": 8.0, "dott_total_capacity": 16.0 }, "geometry": { "type": "Point", "coordinates": [ -2.5645967, 51.5075756 ] } },
{ "type": "Feature", "properties": { "name": "300045", "dott_bicycle_capacity": 0.0, "dott_scooter_capacity": 0.0, "dott_total_capacity": 0.0 }, "geometry": { "type": "Point", "coordinates": [ -2.597246, 51.463564 ] } },
{ "type": "Feature", "properties": { "name": "300200", "dott_bicycle_capacity": 9.0, "dott_scooter_capacity": 9.0, "dott_total_capacity": 18.0 }, "geometry": { "type": "Point", "coordinates": [ -2.6418233, 51.4865959 ] } },
{ "type": "Feature", "properties": { "name": "310295", "dott_bicycle_capacity": 7.0, "dott_scooter_capacity": 7.0, "dott_total_capacity": 14.0 }, "geometry": { "type": "Point", "coordinates": [ -2.519718, 51.473105 ] } },
{ "type": "Feature", "properties": { "name": "200055", "dott_bicycle_capacity": 20.0, "dott_scooter_capacity": 20.0, "dott_total_capacity": 40.0 }, "geometry": { "type": "Point", "coordinates": [ -2.5536273, 51.5428203 ] } },
{ "type": "Feature", "properties": { "name": "220082", "dott_bicycle_capacity": 8.0, "dott_scooter_capacity": 8.0, "dott_total_capacity": 16.0 }, "geometry": { "type": "Point", "coordinates": [ -2.4737388, 51.5295385 ] } },
{ "type": "Feature", "properties": { "name": "310114", "dott_bicycle_capacity": 8.0, "dott_scooter_capacity": 8.0, "dott_total_capacity": 16.0 }, "geometry": { "type": "Point", "coordinates": [ -2.617261, 51.488273 ] } },
{ "type": "Feature", "properties": { "name": "320066", "dott_bicycle_capacity": null, "dott_scooter_capacity": 15.0, "dott_total_capacity": 15.0 }, "geometry": { "type": "Point", "coordinates": [ -2.59503, 51.459484 ] } },
{ "type": "Feature", "properties": { "name": "310187", "dott_bicycle_capacity": 12.0, "dott_scooter_capacity": 12.0, "dott_total_capacity": 24.0 }, "geometry": { "type": "Point", "coordinates": [ -2.5702666, 51.4482337 ] } },
{ "type": "Feature", "properties": { "name": "210005", "dott_bicycle_capacity": null, "dott_scooter_capacity": 6.0, "dott_total_capacity": 6.0 }, "geometry": { "type": "Point", "coordinates": [ -2.5673749, 51.5132882 ] } },
{ "type": "Feature", "properties": { "name": "200059", "dott_bicycle_capacity": null, "dott_scooter_capacity": 20.0, "dott_total_capacity": 20.0 }, "geometry": { "type": "Point", "coordinates": [ -2.4857845, 51.4845408 ] } },
{ "type": "Feature", "properties": { "name": "300808", "dott_bicycle_capacity": 10.0, "dott_scooter_capacity": 10.0, "dott_total_capacity": 20.0 }, "geometry": { "type": "Point", "coordinates": [ -2.6001089, 51.4069731 ] } },
{ "type": "Feature", "properties": { "name": "310066", "dott_bicycle_capacity": 0.0, "dott_scooter_capacity": 0.0, "dott_total_capacity": 0.0 }, "geometry": { "type": "Point", "coordinates": [ -2.588095, 51.45307 ] } },
{ "type": "Feature", "properties": { "name": "210027", "dott_bicycle_capacity": 10.0, "dott_scooter_capacity": 10.0, "dott_total_capacity": 20.0 }, "geometry": { "type": "Point", "coordinates": [ -2.4978701, 51.4959939 ] } },
{ "type": "Feature", "properties": { "name": "300694", "dott_bicycle_capacity": 7.0, "dott_scooter_capacity": 7.0, "dott_total_capacity": 14.0 }, "geometry": { "type": "Point", "coordinates": [ -2.5414781, 51.4639023 ] } },
{ "type": "Feature", "properties": { "name": "300513", "dott_bicycle_capacity": 12.0, "dott_scooter_capacity": 12.0, "dott_total_capacity": 24.0 }, "geometry": { "type": "Point", "coordinates": [ -2.5903, 51.44935 ] } },
{ "type": "Feature", "properties": { "name": "310253", "dott_bicycle_capacity": 8.0, "dott_scooter_capacity": 8.0, "dott_total_capacity": 16.0 }, "geometry": { "type": "Point", "coordinates": [ -2.529515, 51.472575 ] } },
{ "type": "Feature", "properties": { "name": "300400", "dott_bicycle_capacity": 50.0, "dott_scooter_capacity": 50.0, "dott_total_capacity": 100.0 }, "geometry": { "type": "Point", "coordinates": [ -2.584331, 51.450229 ] } },
{ "type": "Feature", "properties": { "name": "210093", "dott_bicycle_capacity": 18.0, "dott_scooter_capacity": 18.0, "dott_total_capacity": 36.0 }, "geometry": { "type": "Point", "coordinates": [ -2.4918821, 51.4894492 ] } },
{ "type": "Feature", "properties": { "name": "310125", "dott_bicycle_capacity": 0.0, "dott_scooter_capacity": 0.0, "dott_total_capacity": 0.0 }, "geometry": { "type": "Point", "coordinates": [ -2.602192, 51.452861 ] } },
{ "type": "Feature", "properties": { "name": "310016", "dott_bicycle_capacity": 9.0, "dott_scooter_capacity": 9.0, "dott_total_capacity": 18.0 }, "geometry": { "type": "Point", "coordinates": [ -2.6028037, 51.4112051 ] } },
{ "type": "Feature", "properties": { "name": "310509", "dott_bicycle_capacity": 16.0, "dott_scooter_capacity": 16.0, "dott_total_capacity": 32.0 }, "geometry": { "type": "Point", "coordinates": [ -2.595828, 51.442229 ] } },
{ "type": "Feature", "properties": { "name": "310492", "dott_bicycle_capacity": 19.0, "dott_scooter_capacity": 19.0, "dott_total_capacity": 38.0 }, "geometry": { "type": "Point", "coordinates": [ -2.57725, 51.47896 ] } },
{ "type": "Feature", "properties": { "name": "300673", "dott_bicycle_capacity": 10.0, "dott_scooter_capacity": 10.0, "dott_total_capacity": 20.0 }, "geometry": { "type": "Point", "coordinates": [ -2.5808427, 51.4794703 ] } },
{ "type": "Feature", "properties": { "name": "210010", "dott_bicycle_capacity": 8.0, "dott_scooter_capacity": 8.0, "dott_total_capacity": 16.0 }, "geometry": { "type": "Point", "coordinates": [ -2.5125776, 51.4953984 ] } },
{ "type": "Feature", "properties": { "name": "300380", "dott_bicycle_capacity": 10.0, "dott_scooter_capacity": 10.0, "dott_total_capacity": 20.0 }, "geometry": { "type": "Point", "coordinates": [ -2.5643702, 51.4654373 ] } },
{ "type": "Feature", "properties": { "name": "200037", "dott_bicycle_capacity": null, "dott_scooter_capacity": 8.0, "dott_total_capacity": 8.0 }, "geometry": { "type": "Point", "coordinates": [ -2.5066625, 51.481326 ] } },
{ "type": "Feature", "properties": { "name": "210137", "dott_bicycle_capacity": null, "dott_scooter_capacity": 30.0, "dott_total_capacity": 30.0 }, "geometry": { "type": "Point", "coordinates": [ -2.5505253, 51.4992781 ] } },
{ "type": "Feature", "properties": { "name": "300603", "dott_bicycle_capacity": null, "dott_scooter_capacity": 10.0, "dott_total_capacity": 10.0 }, "geometry": { "type": "Point", "coordinates": [ -2.62035, 51.465963 ] } },
{ "type": "Feature", "properties": { "name": "310425", "dott_bicycle_capacity": 6.0, "dott_scooter_capacity": 6.0, "dott_total_capacity": 12.0 }, "geometry": { "type": "Point", "coordinates": [ -2.614156, 51.428835 ] } },
{ "type": "Feature", "properties": { "name": "210091", "dott_bicycle_capacity": 12.0, "dott_scooter_capacity": 12.0, "dott_total_capacity": 24.0 }, "geometry": { "type": "Point", "coordinates": [ -2.5086727, 51.4850317 ] } },
{ "type": "Feature", "properties": { "name": "310056", "dott_bicycle_capacity": 8.0, "dott_scooter_capacity": 8.0, "dott_total_capacity": 16.0 }, "geometry": { "type": "Point", "coordinates": [ -2.567993, 51.43362 ] } },
{ "type": "Feature", "properties": { "name": "300345", "dott_bicycle_capacity": 11.0, "dott_scooter_capacity": 11.0, "dott_total_capacity": 22.0 }, "geometry": { "type": "Point", "coordinates": [ -2.6042369, 51.4700367 ] } },
{ "type": "Feature", "properties": { "name": "210015", "dott_bicycle_capacity": null, "dott_scooter_capacity": 6.0, "dott_total_capacity": 6.0 }, "geometry": { "type": "Point", "coordinates": [ -2.5048317, 51.4984594 ] } },
{ "type": "Feature", "properties": { "name": "300620", "dott_bicycle_capacity": null, "dott_scooter_capacity": 4.0, "dott_total_capacity": 4.0 }, "geometry": { "type": "Point", "coordinates": [ -2.5746782, 51.4331486 ] } },
{ "type": "Feature", "properties": { "name": "300805", "dott_bicycle_capacity": 5.0, "dott_scooter_capacity": 5.0, "dott_total_capacity": 10.0 }, "geometry": { "type": "Point", "coordinates": [ -2.5714418, 51.4221602 ] } },
{ "type": "Feature", "properties": { "name": "210011", "dott_bicycle_capacity": null, "dott_scooter_capacity": 5.0, "dott_total_capacity": 5.0 }, "geometry": { "type": "Point", "coordinates": [ -2.5070046, 51.4958717 ] } },
{ "type": "Feature", "properties": { "name": "200053", "dott_bicycle_capacity": 6.0, "dott_scooter_capacity": 6.0, "dott_total_capacity": 12.0 }, "geometry": { "type": "Point", "coordinates": [ -2.5594817, 51.5235087 ] } },
{ "type": "Feature", "properties": { "name": "220033", "dott_bicycle_capacity": null, "dott_scooter_capacity": 6.0, "dott_total_capacity": 6.0 }, "geometry": { "type": "Point", "coordinates": [ -2.495466, 51.439262 ] } },
{ "type": "Feature", "properties": { "name": "310422", "dott_bicycle_capacity": 6.0, "dott_scooter_capacity": 6.0, "dott_total_capacity": 12.0 }, "geometry": { "type": "Point", "coordinates": [ -2.591941, 51.49273 ] } },
{ "type": "Feature", "properties": { "name": "210145", "dott_bicycle_capacity": 40.0, "dott_scooter_capacity": 40.0, "dott_total_capacity": 80.0 }, "geometry": { "type": "Point", "coordinates": [ -2.5495502, 51.4999346 ] } },
{ "type": "Feature", "properties": { "name": "300504", "dott_bicycle_capacity": 9.0, "dott_scooter_capacity": 9.0, "dott_total_capacity": 18.0 }, "geometry": { "type": "Point", "coordinates": [ -2.5902814, 51.4901458 ] } },
{ "type": "Feature", "properties": { "name": "210036", "dott_bicycle_capacity": 6.0, "dott_scooter_capacity": 6.0, "dott_total_capacity": 12.0 }, "geometry": { "type": "Point", "coordinates": [ -2.5809347, 51.5360868 ] } },
{ "type": "Feature", "properties": { "name": "220077", "dott_bicycle_capacity": 10.0, "dott_scooter_capacity": 10.0, "dott_total_capacity": 20.0 }, "geometry": { "type": "Point", "coordinates": [ -2.4809523, 51.5309909 ] } },
{ "type": "Feature", "properties": { "name": "220036", "dott_bicycle_capacity": null, "dott_scooter_capacity": 6.0, "dott_total_capacity": 6.0 }, "geometry": { "type": "Point", "coordinates": [ -2.490568, 51.441322 ] } },
{ "type": "Feature", "properties": { "name": "300609", "dott_bicycle_capacity": 6.0, "dott_scooter_capacity": 6.0, "dott_total_capacity": 12.0 }, "geometry": { "type": "Point", "coordinates": [ -2.579476, 51.429757 ] } },
{ "type": "Feature", "properties": { "name": "200072", "dott_bicycle_capacity": null, "dott_scooter_capacity": 8.0, "dott_total_capacity": 8.0 }, "geometry": { "type": "Point", "coordinates": [ -2.5504957, 51.5082623 ] } },
{ "type": "Feature", "properties": { "name": "300806", "dott_bicycle_capacity": null, "dott_scooter_capacity": 4.0, "dott_total_capacity": 4.0 }, "geometry": { "type": "Point", "coordinates": [ -2.5987096, 51.40696 ] } },
{ "type": "Feature", "properties": { "name": "310007", "dott_bicycle_capacity": null, "dott_scooter_capacity": 6.0, "dott_total_capacity": 6.0 }, "geometry": { "type": "Point", "coordinates": [ -2.5403292, 51.4542736 ] } },
{ "type": "Feature", "properties": { "name": "300312", "dott_bicycle_capacity": 0.0, "dott_scooter_capacity": 0.0, "dott_total_capacity": 0.0 }, "geometry": { "type": "Point", "coordinates": [ -2.597738, 51.456251 ] } },
{ "type": "Feature", "properties": { "name": "220048", "dott_bicycle_capacity": null, "dott_scooter_capacity": 6.0, "dott_total_capacity": 6.0 }, "geometry": { "type": "Point", "coordinates": [ -2.4811034, 51.5037041 ] } },
{ "type": "Feature", "properties": { "name": "300056", "dott_bicycle_capacity": 12.0, "dott_scooter_capacity": 12.0, "dott_total_capacity": 24.0 }, "geometry": { "type": "Point", "coordinates": [ -2.5361168, 51.4890861 ] } },
{ "type": "Feature", "properties": { "name": "200077", "dott_bicycle_capacity": 20.0, "dott_scooter_capacity": 20.0, "dott_total_capacity": 40.0 }, "geometry": { "type": "Point", "coordinates": [ -2.5627701, 51.5352442 ] } },
{ "type": "Feature", "properties": { "name": "300451", "dott_bicycle_capacity": 8.0, "dott_scooter_capacity": 8.0, "dott_total_capacity": 16.0 }, "geometry": { "type": "Point", "coordinates": [ -2.5644335, 51.4751982 ] } },
{ "type": "Feature", "properties": { "name": "300232", "dott_bicycle_capacity": 8.0, "dott_scooter_capacity": 8.0, "dott_total_capacity": 16.0 }, "geometry": { "type": "Point", "coordinates": [ -2.6340773, 51.4813555 ] } },
{ "type": "Feature", "properties": { "name": "300781", "dott_bicycle_capacity": 6.0, "dott_scooter_capacity": 6.0, "dott_total_capacity": 12.0 }, "geometry": { "type": "Point", "coordinates": [ -2.5761674, 51.4164884 ] } },
{ "type": "Feature", "properties": { "name": "220013", "dott_bicycle_capacity": 8.0, "dott_scooter_capacity": 8.0, "dott_total_capacity": 16.0 }, "geometry": { "type": "Point", "coordinates": [ -2.49732, 51.4453 ] } },
{ "type": "Feature", "properties": { "name": "220152", "dott_bicycle_capacity": null, "dott_scooter_capacity": 4.0, "dott_total_capacity": 4.0 }, "geometry": { "type": "Point", "coordinates": [ -2.4196066, 51.5439552 ] } },
{ "type": "Feature", "properties": { "name": "310373", "dott_bicycle_capacity": 8.0, "dott_scooter_capacity": 8.0, "dott_total_capacity": 16.0 }, "geometry": { "type": "Point", "coordinates": [ -2.697163, 51.503341 ] } },
{ "type": "Feature", "properties": { "name": "310428", "dott_bicycle_capacity": 12.0, "dott_scooter_capacity": 12.0, "dott_total_capacity": 24.0 }, "geometry": { "type": "Point", "coordinates": [ -2.542522, 51.43014 ] } },
{ "type": "Feature", "properties": { "name": "220035", "dott_bicycle_capacity": null, "dott_scooter_capacity": 8.0, "dott_total_capacity": 8.0 }, "geometry": { "type": "Point", "coordinates": [ -2.487931, 51.441472 ] } },
{ "type": "Feature", "properties": { "name": "310286", "dott_bicycle_capacity": null, "dott_scooter_capacity": 12.0, "dott_total_capacity": 12.0 }, "geometry": { "type": "Point", "coordinates": [ -2.6205579, 51.4570777 ] } },
{ "type": "Feature", "properties": { "name": "210060", "dott_bicycle_capacity": null, "dott_scooter_capacity": 6.0, "dott_total_capacity": 6.0 }, "geometry": { "type": "Point", "coordinates": [ -2.4841175, 51.4849954 ] } },
{ "type": "Feature", "properties": { "name": "300113", "dott_bicycle_capacity": 12.0, "dott_scooter_capacity": 12.0, "dott_total_capacity": 24.0 }, "geometry": { "type": "Point", "coordinates": [ -2.5929894, 51.4692961 ] } },
{ "type": "Feature", "properties": { "name": "310371", "dott_bicycle_capacity": 8.0, "dott_scooter_capacity": 8.0, "dott_total_capacity": 16.0 }, "geometry": { "type": "Point", "coordinates": [ -2.69162, 51.498051 ] } },
{ "type": "Feature", "properties": { "name": "300023", "dott_bicycle_capacity": 14.0, "dott_scooter_capacity": 14.0, "dott_total_capacity": 28.0 }, "geometry": { "type": "Point", "coordinates": [ -2.5985372, 51.4410791 ] } },
{ "type": "Feature", "properties": { "name": "300803", "dott_bicycle_capacity": 4.0, "dott_scooter_capacity": 4.0, "dott_total_capacity": 8.0 }, "geometry": { "type": "Point", "coordinates": [ -2.5734812, 51.4091541 ] } },
{ "type": "Feature", "properties": { "name": "300570", "dott_bicycle_capacity": 12.0, "dott_scooter_capacity": 12.0, "dott_total_capacity": 24.0 }, "geometry": { "type": "Point", "coordinates": [ -2.5906, 51.446518 ] } },
{ "type": "Feature", "properties": { "name": "300680", "dott_bicycle_capacity": 10.0, "dott_scooter_capacity": 10.0, "dott_total_capacity": 20.0 }, "geometry": { "type": "Point", "coordinates": [ -2.5212832, 51.4668189 ] } },
{ "type": "Feature", "properties": { "name": "200242", "dott_bicycle_capacity": null, "dott_scooter_capacity": 5.0, "dott_total_capacity": 5.0 }, "geometry": { "type": "Point", "coordinates": [ -2.5004309, 51.4574096 ] } },
{ "type": "Feature", "properties": { "name": "210090", "dott_bicycle_capacity": 10.0, "dott_scooter_capacity": 10.0, "dott_total_capacity": 20.0 }, "geometry": { "type": "Point", "coordinates": [ -2.4861437, 51.497697 ] } },
{ "type": "Feature", "properties": { "name": "300358", "dott_bicycle_capacity": 8.0, "dott_scooter_capacity": 8.0, "dott_total_capacity": 16.0 }, "geometry": { "type": "Point", "coordinates": [ -2.525509, 51.45459 ] } },
{ "type": "Feature", "properties": { "name": "310521", "dott_bicycle_capacity": 35.0, "dott_scooter_capacity": 35.0, "dott_total_capacity": 70.0 }, "geometry": { "type": "Point", "coordinates": [ -2.600433, 51.453461 ] } },
{ "type": "Feature", "properties": { "name": "320018", "dott_bicycle_capacity": 15.0, "dott_scooter_capacity": 15.0, "dott_total_capacity": 30.0 }, "geometry": { "type": "Point", "coordinates": [ -2.5699445, 51.4664358 ] } },
{ "type": "Feature", "properties": { "name": "300002", "dott_bicycle_capacity": 22.0, "dott_scooter_capacity": 22.0, "dott_total_capacity": 44.0 }, "geometry": { "type": "Point", "coordinates": [ -2.5997317, 51.4521703 ] } },
{ "type": "Feature", "properties": { "name": "300607", "dott_bicycle_capacity": null, "dott_scooter_capacity": 4.0, "dott_total_capacity": 4.0 }, "geometry": { "type": "Point", "coordinates": [ -2.529183, 51.4609371 ] } },
{ "type": "Feature", "properties": { "name": "210003", "dott_bicycle_capacity": 8.0, "dott_scooter_capacity": 8.0, "dott_total_capacity": 16.0 }, "geometry": { "type": "Point", "coordinates": [ -2.5800009, 51.5016121 ] } },
{ "type": "Feature", "properties": { "name": "300291", "dott_bicycle_capacity": 7.0, "dott_scooter_capacity": 7.0, "dott_total_capacity": 14.0 }, "geometry": { "type": "Point", "coordinates": [ -2.566953, 51.434135 ] } },
{ "type": "Feature", "properties": { "name": "300682", "dott_bicycle_capacity": 14.0, "dott_scooter_capacity": 14.0, "dott_total_capacity": 28.0 }, "geometry": { "type": "Point", "coordinates": [ -2.5329793, 51.4776077 ] } },
{ "type": "Feature", "properties": { "name": "300459", "dott_bicycle_capacity": 0.0, "dott_scooter_capacity": 0.0, "dott_total_capacity": 0.0 }, "geometry": { "type": "Point", "coordinates": [ -2.5993765, 51.4555816 ] } },
{ "type": "Feature", "properties": { "name": "300506", "dott_bicycle_capacity": 12.0, "dott_scooter_capacity": 12.0, "dott_total_capacity": 24.0 }, "geometry": { "type": "Point", "coordinates": [ -2.585345, 51.4921348 ] } },
{ "type": "Feature", "properties": { "name": "300452", "dott_bicycle_capacity": 12.0, "dott_scooter_capacity": 12.0, "dott_total_capacity": 24.0 }, "geometry": { "type": "Point", "coordinates": [ -2.5630179, 51.4750311 ] } },
{ "type": "Feature", "properties": { "name": "300508", "dott_bicycle_capacity": 12.0, "dott_scooter_capacity": 12.0, "dott_total_capacity": 24.0 }, "geometry": { "type": "Point", "coordinates": [ -2.5842311, 51.4448093 ] } },
{ "type": "Feature", "properties": { "name": "300660", "dott_bicycle_capacity": 14.0, "dott_scooter_capacity": 14.0, "dott_total_capacity": 28.0 }, "geometry": { "type": "Point", "coordinates": [ -2.5789556, 51.4516341 ] } },
{ "type": "Feature", "properties": { "name": "220126", "dott_bicycle_capacity": 6.0, "dott_scooter_capacity": 6.0, "dott_total_capacity": 12.0 }, "geometry": { "type": "Point", "coordinates": [ -2.4161058, 51.5334826 ] } },
{ "type": "Feature", "properties": { "name": "220132", "dott_bicycle_capacity": 10.0, "dott_scooter_capacity": 10.0, "dott_total_capacity": 20.0 }, "geometry": { "type": "Point", "coordinates": [ -2.4221161, 51.5333078 ] } },
{ "type": "Feature", "properties": { "name": "200082", "dott_bicycle_capacity": null, "dott_scooter_capacity": 6.0, "dott_total_capacity": 6.0 }, "geometry": { "type": "Point", "coordinates": [ -2.4953696, 51.4616854 ] } },
{ "type": "Feature", "properties": { "name": "300041", "dott_bicycle_capacity": 6.0, "dott_scooter_capacity": 6.0, "dott_total_capacity": 12.0 }, "geometry": { "type": "Point", "coordinates": [ -2.615164, 51.4236958 ] } },
{ "type": "Feature", "properties": { "name": "310288", "dott_bicycle_capacity": 15.0, "dott_scooter_capacity": 15.0, "dott_total_capacity": 30.0 }, "geometry": { "type": "Point", "coordinates": [ -2.569516, 51.424248 ] } },
{ "type": "Feature", "properties": { "name": "220115", "dott_bicycle_capacity": 10.0, "dott_scooter_capacity": 10.0, "dott_total_capacity": 20.0 }, "geometry": { "type": "Point", "coordinates": [ -2.413504, 51.530311 ] } },
{ "type": "Feature", "properties": { "name": "300823", "dott_bicycle_capacity": 0.0, "dott_scooter_capacity": 0.0, "dott_total_capacity": 0.0 }, "geometry": { "type": "Point", "coordinates": [ -2.6238466, 51.4637882 ] } },
{ "type": "Feature", "properties": { "name": "310265", "dott_bicycle_capacity": 14.0, "dott_scooter_capacity": 14.0, "dott_total_capacity": 28.0 }, "geometry": { "type": "Point", "coordinates": [ -2.5847115, 51.4595795 ] } },
{ "type": "Feature", "properties": { "name": "220067", "dott_bicycle_capacity": 8.0, "dott_scooter_capacity": 8.0, "dott_total_capacity": 16.0 }, "geometry": { "type": "Point", "coordinates": [ -2.4995245, 51.5297344 ] } },
{ "type": "Feature", "properties": { "name": "300812", "dott_bicycle_capacity": 5.0, "dott_scooter_capacity": 5.0, "dott_total_capacity": 10.0 }, "geometry": { "type": "Point", "coordinates": [ -2.5820125, 51.4060863 ] } },
{ "type": "Feature", "properties": { "name": "300510", "dott_bicycle_capacity": 30.0, "dott_scooter_capacity": 30.0, "dott_total_capacity": 60.0 }, "geometry": { "type": "Point", "coordinates": [ -2.5829539, 51.4477183 ] } },
{ "type": "Feature", "properties": { "name": "200185", "dott_bicycle_capacity": 10.0, "dott_scooter_capacity": 10.0, "dott_total_capacity": 20.0 }, "geometry": { "type": "Point", "coordinates": [ -2.587453, 51.503471 ] } },
{ "type": "Feature", "properties": { "name": "320005", "dott_bicycle_capacity": 15.0, "dott_scooter_capacity": 15.0, "dott_total_capacity": 30.0 }, "geometry": { "type": "Point", "coordinates": [ -2.57893, 51.463314 ] } },
{ "type": "Feature", "properties": { "name": "300238", "dott_bicycle_capacity": 6.0, "dott_scooter_capacity": 6.0, "dott_total_capacity": 12.0 }, "geometry": { "type": "Point", "coordinates": [ -2.6957304, 51.4993505 ] } },
{ "type": "Feature", "properties": { "name": "300689", "dott_bicycle_capacity": 10.0, "dott_scooter_capacity": 10.0, "dott_total_capacity": 20.0 }, "geometry": { "type": "Point", "coordinates": [ -2.5796609, 51.4778532 ] } },
{ "type": "Feature", "properties": { "name": "200017", "dott_bicycle_capacity": null, "dott_scooter_capacity": 6.0, "dott_total_capacity": 6.0 }, "geometry": { "type": "Point", "coordinates": [ -2.4895797, 51.4674444 ] } },
{ "type": "Feature", "properties": { "name": "220153", "dott_bicycle_capacity": 8.0, "dott_scooter_capacity": 8.0, "dott_total_capacity": 16.0 }, "geometry": { "type": "Point", "coordinates": [ -2.4218483, 51.5425501 ] } },
{ "type": "Feature", "properties": { "name": "220005", "dott_bicycle_capacity": 8.0, "dott_scooter_capacity": 8.0, "dott_total_capacity": 16.0 }, "geometry": { "type": "Point", "coordinates": [ -2.47383, 51.44092 ] } },
{ "type": "Feature", "properties": { "name": "300161", "dott_bicycle_capacity": 12.0, "dott_scooter_capacity": 12.0, "dott_total_capacity": 24.0 }, "geometry": { "type": "Point", "coordinates": [ -2.60474, 51.470067 ] } },
{ "type": "Feature", "properties": { "name": "210054", "dott_bicycle_capacity": null, "dott_scooter_capacity": 6.0, "dott_total_capacity": 6.0 }, "geometry": { "type": "Point", "coordinates": [ -2.510964, 51.478665 ] } },
{ "type": "Feature", "properties": { "name": "300328", "dott_bicycle_capacity": null, "dott_scooter_capacity": 4.0, "dott_total_capacity": 4.0 }, "geometry": { "type": "Point", "coordinates": [ -2.5816672, 51.4729351 ] } },
{ "type": "Feature", "properties": { "name": "300695", "dott_bicycle_capacity": 12.0, "dott_scooter_capacity": 12.0, "dott_total_capacity": 24.0 }, "geometry": { "type": "Point", "coordinates": [ -2.5729995, 51.4657552 ] } },
{ "type": "Feature", "properties": { "name": "220015", "dott_bicycle_capacity": 10.0, "dott_scooter_capacity": 10.0, "dott_total_capacity": 20.0 }, "geometry": { "type": "Point", "coordinates": [ -2.490989, 51.436185 ] } },
{ "type": "Feature", "properties": { "name": "220043", "dott_bicycle_capacity": 8.0, "dott_scooter_capacity": 8.0, "dott_total_capacity": 16.0 }, "geometry": { "type": "Point", "coordinates": [ -2.4706, 51.49809 ] } },
{ "type": "Feature", "properties": { "name": "300065", "dott_bicycle_capacity": 12.0, "dott_scooter_capacity": 12.0, "dott_total_capacity": 24.0 }, "geometry": { "type": "Point", "coordinates": [ -2.6789489, 51.5030848 ] } },
{ "type": "Feature", "properties": { "name": "300453", "dott_bicycle_capacity": 16.0, "dott_scooter_capacity": 16.0, "dott_total_capacity": 32.0 }, "geometry": { "type": "Point", "coordinates": [ -2.5704543, 51.4729733 ] } },
{ "type": "Feature", "properties": { "name": "310349", "dott_bicycle_capacity": 5.0, "dott_scooter_capacity": 5.0, "dott_total_capacity": 10.0 }, "geometry": { "type": "Point", "coordinates": [ -2.594829, 51.412398 ] } },
{ "type": "Feature", "properties": { "name": "210139", "dott_bicycle_capacity": 30.0, "dott_scooter_capacity": 30.0, "dott_total_capacity": 60.0 }, "geometry": { "type": "Point", "coordinates": [ -2.5497105, 51.5003529 ] } },
{ "type": "Feature", "properties": { "name": "300164", "dott_bicycle_capacity": 7.0, "dott_scooter_capacity": 7.0, "dott_total_capacity": 14.0 }, "geometry": { "type": "Point", "coordinates": [ -2.6200558, 51.5093926 ] } },
{ "type": "Feature", "properties": { "name": "220056", "dott_bicycle_capacity": 6.0, "dott_scooter_capacity": 6.0, "dott_total_capacity": 12.0 }, "geometry": { "type": "Point", "coordinates": [ -2.5048678, 51.5207322 ] } },
{ "type": "Feature", "properties": { "name": "210099", "dott_bicycle_capacity": 16.0, "dott_scooter_capacity": 16.0, "dott_total_capacity": 32.0 }, "geometry": { "type": "Point", "coordinates": [ -2.5705673, 51.5285223 ] } },
{ "type": "Feature", "properties": { "name": "210022", "dott_bicycle_capacity": null, "dott_scooter_capacity": 6.0, "dott_total_capacity": 6.0 }, "geometry": { "type": "Point", "coordinates": [ -2.4920534, 51.4993474 ] } },
{ "type": "Feature", "properties": { "name": "300751", "dott_bicycle_capacity": 8.0, "dott_scooter_capacity": 8.0, "dott_total_capacity": 16.0 }, "geometry": { "type": "Point", "coordinates": [ -2.568138, 51.458471 ] } },
{ "type": "Feature", "properties": { "name": "300752", "dott_bicycle_capacity": 8.0, "dott_scooter_capacity": 8.0, "dott_total_capacity": 16.0 }, "geometry": { "type": "Point", "coordinates": [ -2.5487194, 51.4642147 ] } },
{ "type": "Feature", "properties": { "name": "300183", "dott_bicycle_capacity": 0.0, "dott_scooter_capacity": 0.0, "dott_total_capacity": 0.0 }, "geometry": { "type": "Point", "coordinates": [ -2.6104857, 51.4859477 ] } },
{ "type": "Feature", "properties": { "name": "220011", "dott_bicycle_capacity": 8.0, "dott_scooter_capacity": 8.0, "dott_total_capacity": 16.0 }, "geometry": { "type": "Point", "coordinates": [ -2.49102, 51.43384 ] } },
{ "type": "Feature", "properties": { "name": "310478", "dott_bicycle_capacity": 8.0, "dott_scooter_capacity": 8.0, "dott_total_capacity": 16.0 }, "geometry": { "type": "Point", "coordinates": [ -2.594803, 51.505897 ] } },
{ "type": "Feature", "properties": { "name": "300538", "dott_bicycle_capacity": 9.0, "dott_scooter_capacity": 9.0, "dott_total_capacity": 18.0 }, "geometry": { "type": "Point", "coordinates": [ -2.6041227, 51.4513782 ] } },
{ "type": "Feature", "properties": { "name": "220121", "dott_bicycle_capacity": 15.0, "dott_scooter_capacity": 15.0, "dott_total_capacity": 30.0 }, "geometry": { "type": "Point", "coordinates": [ -2.4142548, 51.5392079 ] } },
{ "type": "Feature", "properties": { "name": "300074", "dott_bicycle_capacity": 11.0, "dott_scooter_capacity": 11.0, "dott_total_capacity": 22.0 }, "geometry": { "type": "Point", "coordinates": [ -2.6174287, 51.4430203 ] } },
{ "type": "Feature", "properties": { "name": "300415", "dott_bicycle_capacity": 6.0, "dott_scooter_capacity": 6.0, "dott_total_capacity": 12.0 }, "geometry": { "type": "Point", "coordinates": [ -2.5624257, 51.4578108 ] } },
{ "type": "Feature", "properties": { "name": "310199", "dott_bicycle_capacity": 8.0, "dott_scooter_capacity": 8.0, "dott_total_capacity": 16.0 }, "geometry": { "type": "Point", "coordinates": [ -2.5687869, 51.4741154 ] } },
{ "type": "Feature", "properties": { "name": "300124", "dott_bicycle_capacity": 7.0, "dott_scooter_capacity": 7.0, "dott_total_capacity": 14.0 }, "geometry": { "type": "Point", "coordinates": [ -2.5744748, 51.4603266 ] } },
{ "type": "Feature", "properties": { "name": "210019", "dott_bicycle_capacity": null, "dott_scooter_capacity": 4.0, "dott_total_capacity": 4.0 }, "geometry": { "type": "Point", "coordinates": [ -2.5048055, 51.5013995 ] } },
{ "type": "Feature", "properties": { "name": "310002", "dott_bicycle_capacity": 6.0, "dott_scooter_capacity": 6.0, "dott_total_capacity": 12.0 }, "geometry": { "type": "Point", "coordinates": [ -2.5384475, 51.4511804 ] } },
{ "type": "Feature", "properties": { "name": "310234", "dott_bicycle_capacity": null, "dott_scooter_capacity": 6.0, "dott_total_capacity": 6.0 }, "geometry": { "type": "Point", "coordinates": [ -2.5324444, 51.4343994 ] } },
{ "type": "Feature", "properties": { "name": "310507", "dott_bicycle_capacity": 0.0, "dott_scooter_capacity": 0.0, "dott_total_capacity": 0.0 }, "geometry": { "type": "Point", "coordinates": [ -2.606499, 51.455067 ] } },
{ "type": "Feature", "properties": { "name": "300170", "dott_bicycle_capacity": 13.0, "dott_scooter_capacity": 13.0, "dott_total_capacity": 26.0 }, "geometry": { "type": "Point", "coordinates": [ -2.6003165, 51.4301798 ] } },
{ "type": "Feature", "properties": { "name": "300773", "dott_bicycle_capacity": 7.0, "dott_scooter_capacity": 7.0, "dott_total_capacity": 14.0 }, "geometry": { "type": "Point", "coordinates": [ -2.5776389, 51.408728 ] } },
{ "type": "Feature", "properties": { "name": "300630", "dott_bicycle_capacity": 6.0, "dott_scooter_capacity": 6.0, "dott_total_capacity": 12.0 }, "geometry": { "type": "Point", "coordinates": [ -2.5247272, 51.4752486 ] } },
{ "type": "Feature", "properties": { "name": "200061", "dott_bicycle_capacity": 10.0, "dott_scooter_capacity": 10.0, "dott_total_capacity": 20.0 }, "geometry": { "type": "Point", "coordinates": [ -2.5426109, 51.5229256 ] } },
{ "type": "Feature", "properties": { "name": "310496", "dott_bicycle_capacity": 12.0, "dott_scooter_capacity": 12.0, "dott_total_capacity": 24.0 }, "geometry": { "type": "Point", "coordinates": [ -2.582394, 51.481264 ] } },
{ "type": "Feature", "properties": { "name": "200170", "dott_bicycle_capacity": 10.0, "dott_scooter_capacity": 10.0, "dott_total_capacity": 20.0 }, "geometry": { "type": "Point", "coordinates": [ -2.5031386, 51.4933003 ] } },
{ "type": "Feature", "properties": { "name": "220149", "dott_bicycle_capacity": 8.0, "dott_scooter_capacity": 8.0, "dott_total_capacity": 16.0 }, "geometry": { "type": "Point", "coordinates": [ -2.4239217, 51.5437622 ] } },
{ "type": "Feature", "properties": { "name": "300289", "dott_bicycle_capacity": 6.0, "dott_scooter_capacity": 6.0, "dott_total_capacity": 12.0 }, "geometry": { "type": "Point", "coordinates": [ -2.556629, 51.47384 ] } },
{ "type": "Feature", "properties": { "name": "310402", "dott_bicycle_capacity": 8.0, "dott_scooter_capacity": 8.0, "dott_total_capacity": 16.0 }, "geometry": { "type": "Point", "coordinates": [ -2.616703, 51.434848 ] } },
{ "type": "Feature", "properties": { "name": "310224", "dott_bicycle_capacity": 6.0, "dott_scooter_capacity": 6.0, "dott_total_capacity": 12.0 }, "geometry": { "type": "Point", "coordinates": [ -2.5741867, 51.4628203 ] } },
{ "type": "Feature", "properties": { "name": "200009", "dott_bicycle_capacity": 12.0, "dott_scooter_capacity": 12.0, "dott_total_capacity": 24.0 }, "geometry": { "type": "Point", "coordinates": [ -2.54637, 51.499588 ] } },
{ "type": "Feature", "properties": { "name": "300049", "dott_bicycle_capacity": 11.0, "dott_scooter_capacity": 11.0, "dott_total_capacity": 22.0 }, "geometry": { "type": "Point", "coordinates": [ -2.5593186, 51.4692825 ] } },
{ "type": "Feature", "properties": { "name": "310308", "dott_bicycle_capacity": 5.0, "dott_scooter_capacity": 5.0, "dott_total_capacity": 10.0 }, "geometry": { "type": "Point", "coordinates": [ -2.528754, 51.461221 ] } },
{ "type": "Feature", "properties": { "name": "310384", "dott_bicycle_capacity": 16.0, "dott_scooter_capacity": 16.0, "dott_total_capacity": 32.0 }, "geometry": { "type": "Point", "coordinates": [ -2.5717107, 51.4678893 ] } },
{ "type": "Feature", "properties": { "name": "300150", "dott_bicycle_capacity": 5.0, "dott_scooter_capacity": 5.0, "dott_total_capacity": 10.0 }, "geometry": { "type": "Point", "coordinates": [ -2.54059, 51.441239 ] } },
{ "type": "Feature", "properties": { "name": "300401", "dott_bicycle_capacity": 8.0, "dott_scooter_capacity": 8.0, "dott_total_capacity": 16.0 }, "geometry": { "type": "Point", "coordinates": [ -2.6058228, 51.4703726 ] } },
{ "type": "Feature", "properties": { "name": "200114", "dott_bicycle_capacity": 20.0, "dott_scooter_capacity": 20.0, "dott_total_capacity": 40.0 }, "geometry": { "type": "Point", "coordinates": [ -2.5563667, 51.496811 ] } },
{ "type": "Feature", "properties": { "name": "310237", "dott_bicycle_capacity": 8.0, "dott_scooter_capacity": 8.0, "dott_total_capacity": 16.0 }, "geometry": { "type": "Point", "coordinates": [ -2.5559582, 51.4317743 ] } },
{ "type": "Feature", "properties": { "name": "300471", "dott_bicycle_capacity": 1.0, "dott_scooter_capacity": 60.0, "dott_total_capacity": 61.0 }, "geometry": { "type": "Point", "coordinates": [ -2.6009073, 51.4509455 ] } },
{ "type": "Feature", "properties": { "name": "300419", "dott_bicycle_capacity": 6.0, "dott_scooter_capacity": 6.0, "dott_total_capacity": 12.0 }, "geometry": { "type": "Point", "coordinates": [ -2.5614017, 51.4578525 ] } },
{ "type": "Feature", "properties": { "name": "300590", "dott_bicycle_capacity": 8.0, "dott_scooter_capacity": 8.0, "dott_total_capacity": 16.0 }, "geometry": { "type": "Point", "coordinates": [ -2.578802, 51.434252 ] } },
{ "type": "Feature", "properties": { "name": "320088", "dott_bicycle_capacity": 8.0, "dott_scooter_capacity": 8.0, "dott_total_capacity": 16.0 }, "geometry": { "type": "Point", "coordinates": [ -2.586316, 51.460108 ] } },
{ "type": "Feature", "properties": { "name": "320089", "dott_bicycle_capacity": 26.0, "dott_scooter_capacity": 26.0, "dott_total_capacity": 52.0 }, "geometry": { "type": "Point", "coordinates": [ -2.5852555, 51.4113664 ] } },
{ "type": "Feature", "properties": { "name": "310290", "dott_bicycle_capacity": 6.0, "dott_scooter_capacity": 6.0, "dott_total_capacity": 12.0 }, "geometry": { "type": "Point", "coordinates": [ -2.578654, 51.419568 ] } },
{ "type": "Feature", "properties": { "name": "200123", "dott_bicycle_capacity": 10.0, "dott_scooter_capacity": 10.0, "dott_total_capacity": 20.0 }, "geometry": { "type": "Point", "coordinates": [ -2.4887218, 51.4962452 ] } },
{ "type": "Feature", "properties": { "name": "200112", "dott_bicycle_capacity": 10.0, "dott_scooter_capacity": 10.0, "dott_total_capacity": 20.0 }, "geometry": { "type": "Point", "coordinates": [ -2.5615538, 51.4989774 ] } },
{ "type": "Feature", "properties": { "name": "310193", "dott_bicycle_capacity": 11.0, "dott_scooter_capacity": 11.0, "dott_total_capacity": 22.0 }, "geometry": { "type": "Point", "coordinates": [ -2.5839315, 51.4599161 ] } },
{ "type": "Feature", "properties": { "name": "300472", "dott_bicycle_capacity": 20.0, "dott_scooter_capacity": 20.0, "dott_total_capacity": 40.0 }, "geometry": { "type": "Point", "coordinates": [ -2.6003028, 51.4510242 ] } },
{ "type": "Feature", "properties": { "name": "210133", "dott_bicycle_capacity": null, "dott_scooter_capacity": 15.0, "dott_total_capacity": 15.0 }, "geometry": { "type": "Point", "coordinates": [ -2.553034, 51.503274 ] } },
{ "type": "Feature", "properties": { "name": "200034", "dott_bicycle_capacity": null, "dott_scooter_capacity": 12.0, "dott_total_capacity": 12.0 }, "geometry": { "type": "Point", "coordinates": [ -2.4977093, 51.497755 ] } },
{ "type": "Feature", "properties": { "name": "200151", "dott_bicycle_capacity": null, "dott_scooter_capacity": 10.0, "dott_total_capacity": 10.0 }, "geometry": { "type": "Point", "coordinates": [ -2.5712734, 51.5091759 ] } },
{ "type": "Feature", "properties": { "name": "320027", "dott_bicycle_capacity": 0.0, "dott_scooter_capacity": 0.0, "dott_total_capacity": 0.0 }, "geometry": { "type": "Point", "coordinates": [ -2.6035896, 51.4585315 ] } },
{ "type": "Feature", "properties": { "name": "220127", "dott_bicycle_capacity": 10.0, "dott_scooter_capacity": 10.0, "dott_total_capacity": 20.0 }, "geometry": { "type": "Point", "coordinates": [ -2.4134614, 51.5329381 ] } },
{ "type": "Feature", "properties": { "name": "200010", "dott_bicycle_capacity": null, "dott_scooter_capacity": 10.0, "dott_total_capacity": 10.0 }, "geometry": { "type": "Point", "coordinates": [ -2.4990091, 51.4725413 ] } },
{ "type": "Feature", "properties": { "name": "300581", "dott_bicycle_capacity": 14.0, "dott_scooter_capacity": 14.0, "dott_total_capacity": 28.0 }, "geometry": { "type": "Point", "coordinates": [ -2.536075, 51.4677271 ] } },
{ "type": "Feature", "properties": { "name": "300371", "dott_bicycle_capacity": 12.0, "dott_scooter_capacity": 12.0, "dott_total_capacity": 24.0 }, "geometry": { "type": "Point", "coordinates": [ -2.5781645, 51.4586517 ] } },
{ "type": "Feature", "properties": { "name": "300658", "dott_bicycle_capacity": null, "dott_scooter_capacity": 6.0, "dott_total_capacity": 6.0 }, "geometry": { "type": "Point", "coordinates": [ -2.5693847, 51.4968379 ] } },
{ "type": "Feature", "properties": { "name": "220148", "dott_bicycle_capacity": 10.0, "dott_scooter_capacity": 10.0, "dott_total_capacity": 20.0 }, "geometry": { "type": "Point", "coordinates": [ -2.4247119, 51.547566 ] } },
{ "type": "Feature", "properties": { "name": "310223", "dott_bicycle_capacity": 8.0, "dott_scooter_capacity": 8.0, "dott_total_capacity": 16.0 }, "geometry": { "type": "Point", "coordinates": [ -2.5750152, 51.4621547 ] } },
{ "type": "Feature", "properties": { "name": "310022", "dott_bicycle_capacity": null, "dott_scooter_capacity": 4.0, "dott_total_capacity": 4.0 }, "geometry": { "type": "Point", "coordinates": [ -2.6060334, 51.4069619 ] } },
{ "type": "Feature", "properties": { "name": "300030", "dott_bicycle_capacity": 14.0, "dott_scooter_capacity": 14.0, "dott_total_capacity": 28.0 }, "geometry": { "type": "Point", "coordinates": [ -2.5472219, 51.4335839 ] } },
{ "type": "Feature", "properties": { "name": "300654", "dott_bicycle_capacity": 8.0, "dott_scooter_capacity": 8.0, "dott_total_capacity": 16.0 }, "geometry": { "type": "Point", "coordinates": [ -2.6096135, 51.4579932 ] } },
{ "type": "Feature", "properties": { "name": "300505", "dott_bicycle_capacity": 6.0, "dott_scooter_capacity": 6.0, "dott_total_capacity": 12.0 }, "geometry": { "type": "Point", "coordinates": [ -2.5870574, 51.4920725 ] } },
{ "type": "Feature", "properties": { "name": "310485", "dott_bicycle_capacity": 20.0, "dott_scooter_capacity": 20.0, "dott_total_capacity": 40.0 }, "geometry": { "type": "Point", "coordinates": [ -2.564548, 51.47114 ] } },
{ "type": "Feature", "properties": { "name": "300692", "dott_bicycle_capacity": null, "dott_scooter_capacity": 7.0, "dott_total_capacity": 7.0 }, "geometry": { "type": "Point", "coordinates": [ -2.606922, 51.4921144 ] } },
{ "type": "Feature", "properties": { "name": "220070", "dott_bicycle_capacity": null, "dott_scooter_capacity": 6.0, "dott_total_capacity": 6.0 }, "geometry": { "type": "Point", "coordinates": [ -2.490145, 51.535049 ] } },
{ "type": "Feature", "properties": { "name": "300615", "dott_bicycle_capacity": 7.0, "dott_scooter_capacity": 7.0, "dott_total_capacity": 14.0 }, "geometry": { "type": "Point", "coordinates": [ -2.514138, 51.464881 ] } },
{ "type": "Feature", "properties": { "name": "210088", "dott_bicycle_capacity": 14.0, "dott_scooter_capacity": 14.0, "dott_total_capacity": 28.0 }, "geometry": { "type": "Point", "coordinates": [ -2.4715554, 51.4878203 ] } },
{ "type": "Feature", "properties": { "name": "200197", "dott_bicycle_capacity": 20.0, "dott_scooter_capacity": 20.0, "dott_total_capacity": 40.0 }, "geometry": { "type": "Point", "coordinates": [ -2.503326, 51.488786 ] } },
{ "type": "Feature", "properties": { "name": "310116", "dott_bicycle_capacity": 8.0, "dott_scooter_capacity": 8.0, "dott_total_capacity": 16.0 }, "geometry": { "type": "Point", "coordinates": [ -2.6268559, 51.5117911 ] } },
{ "type": "Feature", "properties": { "name": "210007", "dott_bicycle_capacity": 8.0, "dott_scooter_capacity": 8.0, "dott_total_capacity": 16.0 }, "geometry": { "type": "Point", "coordinates": [ -2.5545855, 51.4967671 ] } },
{ "type": "Feature", "properties": { "name": "310137", "dott_bicycle_capacity": null, "dott_scooter_capacity": 6.0, "dott_total_capacity": 6.0 }, "geometry": { "type": "Point", "coordinates": [ -2.5186227, 51.4917363 ] } },
{ "type": "Feature", "properties": { "name": "210124", "dott_bicycle_capacity": 8.0, "dott_scooter_capacity": 8.0, "dott_total_capacity": 16.0 }, "geometry": { "type": "Point", "coordinates": [ -2.505772, 51.4507937 ] } },
{ "type": "Feature", "properties": { "name": "300449", "dott_bicycle_capacity": 8.0, "dott_scooter_capacity": 8.0, "dott_total_capacity": 16.0 }, "geometry": { "type": "Point", "coordinates": [ -2.5669116, 51.4346629 ] } },
{ "type": "Feature", "properties": { "name": "200174", "dott_bicycle_capacity": 10.0, "dott_scooter_capacity": 10.0, "dott_total_capacity": 20.0 }, "geometry": { "type": "Point", "coordinates": [ -2.5170733, 51.5032799 ] } },
{ "type": "Feature", "properties": { "name": "310079", "dott_bicycle_capacity": 8.0, "dott_scooter_capacity": 8.0, "dott_total_capacity": 16.0 }, "geometry": { "type": "Point", "coordinates": [ -2.6295958, 51.5111606 ] } },
{ "type": "Feature", "properties": { "name": "300132", "dott_bicycle_capacity": 8.0, "dott_scooter_capacity": 8.0, "dott_total_capacity": 16.0 }, "geometry": { "type": "Point", "coordinates": [ -2.592142, 51.4454832 ] } },
{ "type": "Feature", "properties": { "name": "300429", "dott_bicycle_capacity": 25.0, "dott_scooter_capacity": 25.0, "dott_total_capacity": 50.0 }, "geometry": { "type": "Point", "coordinates": [ -2.59597, 51.451564 ] } },
{ "type": "Feature", "properties": { "name": "300552", "dott_bicycle_capacity": null, "dott_scooter_capacity": 8.0, "dott_total_capacity": 8.0 }, "geometry": { "type": "Point", "coordinates": [ -2.5759122, 51.471252 ] } },
{ "type": "Feature", "properties": { "name": "220026", "dott_bicycle_capacity": null, "dott_scooter_capacity": 6.0, "dott_total_capacity": 6.0 }, "geometry": { "type": "Point", "coordinates": [ -2.47174, 51.43716 ] } },
{ "type": "Feature", "properties": { "name": "300464", "dott_bicycle_capacity": 10.0, "dott_scooter_capacity": 10.0, "dott_total_capacity": 20.0 }, "geometry": { "type": "Point", "coordinates": [ -2.606561, 51.440273 ] } },
{ "type": "Feature", "properties": { "name": "300031", "dott_bicycle_capacity": 6.0, "dott_scooter_capacity": 6.0, "dott_total_capacity": 12.0 }, "geometry": { "type": "Point", "coordinates": [ -2.6213988, 51.4338087 ] } },
{ "type": "Feature", "properties": { "name": "300468", "dott_bicycle_capacity": null, "dott_scooter_capacity": 5.0, "dott_total_capacity": 5.0 }, "geometry": { "type": "Point", "coordinates": [ -2.534788, 51.464316 ] } },
{ "type": "Feature", "properties": { "name": "220068", "dott_bicycle_capacity": 6.0, "dott_scooter_capacity": 6.0, "dott_total_capacity": 12.0 }, "geometry": { "type": "Point", "coordinates": [ -2.492849, 51.530537 ] } },
{ "type": "Feature", "properties": { "name": "300697", "dott_bicycle_capacity": 8.0, "dott_scooter_capacity": 8.0, "dott_total_capacity": 16.0 }, "geometry": { "type": "Point", "coordinates": [ -2.5960327, 51.465229 ] } },
{ "type": "Feature", "properties": { "name": "310039", "dott_bicycle_capacity": 9.0, "dott_scooter_capacity": 9.0, "dott_total_capacity": 18.0 }, "geometry": { "type": "Point", "coordinates": [ -2.5816892, 51.440916 ] } },
{ "type": "Feature", "properties": { "name": "300134", "dott_bicycle_capacity": 5.0, "dott_scooter_capacity": 5.0, "dott_total_capacity": 10.0 }, "geometry": { "type": "Point", "coordinates": [ -2.613012, 51.470903 ] } },
{ "type": "Feature", "properties": { "name": "310038", "dott_bicycle_capacity": 12.0, "dott_scooter_capacity": 12.0, "dott_total_capacity": 24.0 }, "geometry": { "type": "Point", "coordinates": [ -2.5779529, 51.4416148 ] } },
{ "type": "Feature", "properties": { "name": "220135", "dott_bicycle_capacity": null, "dott_scooter_capacity": 15.0, "dott_total_capacity": 15.0 }, "geometry": { "type": "Point", "coordinates": [ -2.4401174, 51.5401128 ] } },
{ "type": "Feature", "properties": { "name": "310491", "dott_bicycle_capacity": 20.0, "dott_scooter_capacity": 20.0, "dott_total_capacity": 40.0 }, "geometry": { "type": "Point", "coordinates": [ -2.586696, 51.455011 ] } },
{ "type": "Feature", "properties": { "name": "210053", "dott_bicycle_capacity": null, "dott_scooter_capacity": 6.0, "dott_total_capacity": 6.0 }, "geometry": { "type": "Point", "coordinates": [ -2.511336, 51.478359 ] } },
{ "type": "Feature", "properties": { "name": "210153", "dott_bicycle_capacity": null, "dott_scooter_capacity": 6.0, "dott_total_capacity": 6.0 }, "geometry": { "type": "Point", "coordinates": [ -2.500584, 51.492993 ] } },
{ "type": "Feature", "properties": { "name": "300461", "dott_bicycle_capacity": 20.0, "dott_scooter_capacity": 20.0, "dott_total_capacity": 40.0 }, "geometry": { "type": "Point", "coordinates": [ -2.5846698, 51.449147 ] } },
{ "type": "Feature", "properties": { "name": "210037", "dott_bicycle_capacity": null, "dott_scooter_capacity": 6.0, "dott_total_capacity": 6.0 }, "geometry": { "type": "Point", "coordinates": [ -2.5799942, 51.5363127 ] } },
{ "type": "Feature", "properties": { "name": "220078", "dott_bicycle_capacity": null, "dott_scooter_capacity": 6.0, "dott_total_capacity": 6.0 }, "geometry": { "type": "Point", "coordinates": [ -2.476945, 51.5313731 ] } },
{ "type": "Feature", "properties": { "name": "310230", "dott_bicycle_capacity": 9.0, "dott_scooter_capacity": 9.0, "dott_total_capacity": 18.0 }, "geometry": { "type": "Point", "coordinates": [ -2.5436217, 51.4732036 ] } },
{ "type": "Feature", "properties": { "name": "310533", "dott_bicycle_capacity": 15.0, "dott_scooter_capacity": 15.0, "dott_total_capacity": 30.0 }, "geometry": { "type": "Point", "coordinates": [ -2.595028, 51.453736 ] } },
{ "type": "Feature", "properties": { "name": "310497", "dott_bicycle_capacity": null, "dott_scooter_capacity": 0.0, "dott_total_capacity": 0.0 }, "geometry": { "type": "Point", "coordinates": [ -2.605662, 51.454787 ] } },
{ "type": "Feature", "properties": { "name": "300535", "dott_bicycle_capacity": 12.0, "dott_scooter_capacity": 12.0, "dott_total_capacity": 24.0 }, "geometry": { "type": "Point", "coordinates": [ -2.5808486, 51.4971998 ] } },
{ "type": "Feature", "properties": { "name": "200155", "dott_bicycle_capacity": 20.0, "dott_scooter_capacity": 20.0, "dott_total_capacity": 40.0 }, "geometry": { "type": "Point", "coordinates": [ -2.5189476, 51.4499885 ] } },
{ "type": "Feature", "properties": { "name": "200106", "dott_bicycle_capacity": 20.0, "dott_scooter_capacity": 20.0, "dott_total_capacity": 40.0 }, "geometry": { "type": "Point", "coordinates": [ -2.5758798, 51.5309115 ] } },
{ "type": "Feature", "properties": { "name": "310192", "dott_bicycle_capacity": 6.0, "dott_scooter_capacity": 6.0, "dott_total_capacity": 12.0 }, "geometry": { "type": "Point", "coordinates": [ -2.5468839, 51.4826371 ] } },
{ "type": "Feature", "properties": { "name": "300553", "dott_bicycle_capacity": 10.0, "dott_scooter_capacity": 10.0, "dott_total_capacity": 20.0 }, "geometry": { "type": "Point", "coordinates": [ -2.6108297, 51.4723034 ] } },
{ "type": "Feature", "properties": { "name": "300330", "dott_bicycle_capacity": 1.0, "dott_scooter_capacity": 8.0, "dott_total_capacity": 9.0 }, "geometry": { "type": "Point", "coordinates": [ -2.584662, 51.493043 ] } },
{ "type": "Feature", "properties": { "name": "210070", "dott_bicycle_capacity": null, "dott_scooter_capacity": 9.0, "dott_total_capacity": 9.0 }, "geometry": { "type": "Point", "coordinates": [ -2.5060662, 51.4842644 ] } },
{ "type": "Feature", "properties": { "name": "320103", "dott_bicycle_capacity": 10.0, "dott_scooter_capacity": 10.0, "dott_total_capacity": 20.0 }, "geometry": { "type": "Point", "coordinates": [ -2.535101, 51.453318 ] } },
{ "type": "Feature", "properties": { "name": "300085", "dott_bicycle_capacity": 1.0, "dott_scooter_capacity": 7.0, "dott_total_capacity": 8.0 }, "geometry": { "type": "Point", "coordinates": [ -2.6228698, 51.4524396 ] } },
{ "type": "Feature", "properties": { "name": "300389", "dott_bicycle_capacity": null, "dott_scooter_capacity": 6.0, "dott_total_capacity": 6.0 }, "geometry": { "type": "Point", "coordinates": [ -2.5651591, 51.4569736 ] } },
{ "type": "Feature", "properties": { "name": "210045", "dott_bicycle_capacity": 8.0, "dott_scooter_capacity": 8.0, "dott_total_capacity": 16.0 }, "geometry": { "type": "Point", "coordinates": [ -2.484389, 51.473926 ] } },
{ "type": "Feature", "properties": { "name": "300496", "dott_bicycle_capacity": 0.0, "dott_scooter_capacity": 0.0, "dott_total_capacity": 0.0 }, "geometry": { "type": "Point", "coordinates": [ -2.594132, 51.443759 ] } },
{ "type": "Feature", "properties": { "name": "310420", "dott_bicycle_capacity": 10.0, "dott_scooter_capacity": 10.0, "dott_total_capacity": 20.0 }, "geometry": { "type": "Point", "coordinates": [ -2.581144, 51.42139 ] } },
{ "type": "Feature", "properties": { "name": "310500", "dott_bicycle_capacity": 30.0, "dott_scooter_capacity": 30.0, "dott_total_capacity": 60.0 }, "geometry": { "type": "Point", "coordinates": [ -2.596105, 51.440559 ] } },
{ "type": "Feature", "properties": { "name": "300502", "dott_bicycle_capacity": 15.0, "dott_scooter_capacity": 15.0, "dott_total_capacity": 30.0 }, "geometry": { "type": "Point", "coordinates": [ -2.5615293, 51.4753271 ] } },
{ "type": "Feature", "properties": { "name": "200047", "dott_bicycle_capacity": null, "dott_scooter_capacity": 15.0, "dott_total_capacity": 15.0 }, "geometry": { "type": "Point", "coordinates": [ -2.538531, 51.5196297 ] } },
{ "type": "Feature", "properties": { "name": "220086", "dott_bicycle_capacity": 12.0, "dott_scooter_capacity": 12.0, "dott_total_capacity": 24.0 }, "geometry": { "type": "Point", "coordinates": [ -2.472328, 51.525323 ] } },
{ "type": "Feature", "properties": { "name": "200051", "dott_bicycle_capacity": null, "dott_scooter_capacity": 6.0, "dott_total_capacity": 6.0 }, "geometry": { "type": "Point", "coordinates": [ -2.5537257, 51.5242898 ] } },
{ "type": "Feature", "properties": { "name": "210050", "dott_bicycle_capacity": 16.0, "dott_scooter_capacity": 16.0, "dott_total_capacity": 32.0 }, "geometry": { "type": "Point", "coordinates": [ -2.5115812, 51.454716 ] } },
{ "type": "Feature", "properties": { "name": "210160", "dott_bicycle_capacity": 6.0, "dott_scooter_capacity": 6.0, "dott_total_capacity": 12.0 }, "geometry": { "type": "Point", "coordinates": [ -2.523694, 51.44845 ] } },
{ "type": "Feature", "properties": { "name": "310006", "dott_bicycle_capacity": null, "dott_scooter_capacity": 6.0, "dott_total_capacity": 6.0 }, "geometry": { "type": "Point", "coordinates": [ -2.5520416, 51.4448348 ] } },
{ "type": "Feature", "properties": { "name": "300548", "dott_bicycle_capacity": 14.0, "dott_scooter_capacity": 14.0, "dott_total_capacity": 28.0 }, "geometry": { "type": "Point", "coordinates": [ -2.5927615, 51.500599 ] } },
{ "type": "Feature", "properties": { "name": "200132", "dott_bicycle_capacity": 20.0, "dott_scooter_capacity": 20.0, "dott_total_capacity": 40.0 }, "geometry": { "type": "Point", "coordinates": [ -2.562143, 51.5086718 ] } },
{ "type": "Feature", "properties": { "name": "300525", "dott_bicycle_capacity": 0.0, "dott_scooter_capacity": 0.0, "dott_total_capacity": 0.0 }, "geometry": { "type": "Point", "coordinates": [ -2.5207278, 51.481607 ] } },
{ "type": "Feature", "properties": { "name": "300811", "dott_bicycle_capacity": 5.0, "dott_scooter_capacity": 5.0, "dott_total_capacity": 10.0 }, "geometry": { "type": "Point", "coordinates": [ -2.58279, 51.4052643 ] } },
{ "type": "Feature", "properties": { "name": "220063", "dott_bicycle_capacity": 10.0, "dott_scooter_capacity": 10.0, "dott_total_capacity": 20.0 }, "geometry": { "type": "Point", "coordinates": [ -2.503182, 51.526363 ] } },
{ "type": "Feature", "properties": { "name": "300347", "dott_bicycle_capacity": 8.0, "dott_scooter_capacity": 8.0, "dott_total_capacity": 16.0 }, "geometry": { "type": "Point", "coordinates": [ -2.6106414, 51.4747183 ] } },
{ "type": "Feature", "properties": { "name": "200079", "dott_bicycle_capacity": null, "dott_scooter_capacity": 10.0, "dott_total_capacity": 10.0 }, "geometry": { "type": "Point", "coordinates": [ -2.5143824, 51.4483131 ] } },
{ "type": "Feature", "properties": { "name": "200207", "dott_bicycle_capacity": 20.0, "dott_scooter_capacity": 20.0, "dott_total_capacity": 40.0 }, "geometry": { "type": "Point", "coordinates": [ -2.5464172, 51.4958439 ] } },
{ "type": "Feature", "properties": { "name": "300547", "dott_bicycle_capacity": 9.0, "dott_scooter_capacity": 9.0, "dott_total_capacity": 18.0 }, "geometry": { "type": "Point", "coordinates": [ -2.600758, 51.441594 ] } },
{ "type": "Feature", "properties": { "name": "300469", "dott_bicycle_capacity": null, "dott_scooter_capacity": 4.0, "dott_total_capacity": 4.0 }, "geometry": { "type": "Point", "coordinates": [ -2.5308884, 51.4668462 ] } },
{ "type": "Feature", "properties": { "name": "310014", "dott_bicycle_capacity": 12.0, "dott_scooter_capacity": 12.0, "dott_total_capacity": 24.0 }, "geometry": { "type": "Point", "coordinates": [ -2.6015789, 51.4041594 ] } },
{ "type": "Feature", "properties": { "name": "200003", "dott_bicycle_capacity": 20.0, "dott_scooter_capacity": 20.0, "dott_total_capacity": 40.0 }, "geometry": { "type": "Point", "coordinates": [ -2.5539223, 51.535935 ] } },
{ "type": "Feature", "properties": { "name": "300221", "dott_bicycle_capacity": 11.0, "dott_scooter_capacity": 11.0, "dott_total_capacity": 22.0 }, "geometry": { "type": "Point", "coordinates": [ -2.658934, 51.501485 ] } },
{ "type": "Feature", "properties": { "name": "310075", "dott_bicycle_capacity": 8.0, "dott_scooter_capacity": 8.0, "dott_total_capacity": 16.0 }, "geometry": { "type": "Point", "coordinates": [ -2.5760766, 51.4980387 ] } },
{ "type": "Feature", "properties": { "name": "310435", "dott_bicycle_capacity": 20.0, "dott_scooter_capacity": 20.0, "dott_total_capacity": 40.0 }, "geometry": { "type": "Point", "coordinates": [ -2.594173, 51.45671 ] } },
{ "type": "Feature", "properties": { "name": "300592", "dott_bicycle_capacity": 12.0, "dott_scooter_capacity": 12.0, "dott_total_capacity": 24.0 }, "geometry": { "type": "Point", "coordinates": [ -2.608712, 51.459058 ] } },
{ "type": "Feature", "properties": { "name": "300572", "dott_bicycle_capacity": 8.0, "dott_scooter_capacity": 8.0, "dott_total_capacity": 16.0 }, "geometry": { "type": "Point", "coordinates": [ -2.59581, 51.491498 ] } },
{ "type": "Feature", "properties": { "name": "200011", "dott_bicycle_capacity": null, "dott_scooter_capacity": 15.0, "dott_total_capacity": 15.0 }, "geometry": { "type": "Point", "coordinates": [ -2.4918947, 51.4694266 ] } },
{ "type": "Feature", "properties": { "name": "220096", "dott_bicycle_capacity": 20.0, "dott_scooter_capacity": 20.0, "dott_total_capacity": 40.0 }, "geometry": { "type": "Point", "coordinates": [ -2.612164, 51.530381 ] } },
{ "type": "Feature", "properties": { "name": "310023", "dott_bicycle_capacity": 7.0, "dott_scooter_capacity": 7.0, "dott_total_capacity": 14.0 }, "geometry": { "type": "Point", "coordinates": [ -2.585728, 51.43789 ] } },
{ "type": "Feature", "properties": { "name": "210052", "dott_bicycle_capacity": null, "dott_scooter_capacity": 6.0, "dott_total_capacity": 6.0 }, "geometry": { "type": "Point", "coordinates": [ -2.5829617, 51.5307869 ] } },
{ "type": "Feature", "properties": { "name": "300485", "dott_bicycle_capacity": 0.0, "dott_scooter_capacity": 0.0, "dott_total_capacity": 0.0 }, "geometry": { "type": "Point", "coordinates": [ -2.589902, 51.449234 ] } },
{ "type": "Feature", "properties": { "name": "300304", "dott_bicycle_capacity": 15.0, "dott_scooter_capacity": 15.0, "dott_total_capacity": 30.0 }, "geometry": { "type": "Point", "coordinates": [ -2.600666, 51.4699858 ] } },
{ "type": "Feature", "properties": { "name": "200243", "dott_bicycle_capacity": null, "dott_scooter_capacity": 15.0, "dott_total_capacity": 15.0 }, "geometry": { "type": "Point", "coordinates": [ -2.5059886, 51.4552005 ] } },
{ "type": "Feature", "properties": { "name": "300223", "dott_bicycle_capacity": 9.0, "dott_scooter_capacity": 9.0, "dott_total_capacity": 18.0 }, "geometry": { "type": "Point", "coordinates": [ -2.6660325, 51.4984275 ] } },
{ "type": "Feature", "properties": { "name": "300761", "dott_bicycle_capacity": null, "dott_scooter_capacity": 5.0, "dott_total_capacity": 5.0 }, "geometry": { "type": "Point", "coordinates": [ -2.6223357, 51.4050665 ] } },
{ "type": "Feature", "properties": { "name": "210069", "dott_bicycle_capacity": 10.0, "dott_scooter_capacity": 10.0, "dott_total_capacity": 20.0 }, "geometry": { "type": "Point", "coordinates": [ -2.5002359, 51.4809813 ] } },
{ "type": "Feature", "properties": { "name": "300497", "dott_bicycle_capacity": 12.0, "dott_scooter_capacity": 12.0, "dott_total_capacity": 24.0 }, "geometry": { "type": "Point", "coordinates": [ -2.5947698, 51.4432594 ] } },
{ "type": "Feature", "properties": { "name": "310510", "dott_bicycle_capacity": 12.0, "dott_scooter_capacity": 12.0, "dott_total_capacity": 24.0 }, "geometry": { "type": "Point", "coordinates": [ -2.595481, 51.441249 ] } },
{ "type": "Feature", "properties": { "name": "200130", "dott_bicycle_capacity": 10.0, "dott_scooter_capacity": 10.0, "dott_total_capacity": 20.0 }, "geometry": { "type": "Point", "coordinates": [ -2.5969662, 51.5291709 ] } },
{ "type": "Feature", "properties": { "name": "300661", "dott_bicycle_capacity": 11.0, "dott_scooter_capacity": 11.0, "dott_total_capacity": 22.0 }, "geometry": { "type": "Point", "coordinates": [ -2.5816133, 51.4561621 ] } },
{ "type": "Feature", "properties": { "name": "200234", "dott_bicycle_capacity": null, "dott_scooter_capacity": 10.0, "dott_total_capacity": 10.0 }, "geometry": { "type": "Point", "coordinates": [ -2.5425882, 51.4952242 ] } },
{ "type": "Feature", "properties": { "name": "220023", "dott_bicycle_capacity": 10.0, "dott_scooter_capacity": 10.0, "dott_total_capacity": 20.0 }, "geometry": { "type": "Point", "coordinates": [ -2.47708, 51.46017 ] } },
{ "type": "Feature", "properties": { "name": "300636", "dott_bicycle_capacity": null, "dott_scooter_capacity": 10.0, "dott_total_capacity": 10.0 }, "geometry": { "type": "Point", "coordinates": [ -2.5997881, 51.4585235 ] } },
{ "type": "Feature", "properties": { "name": "310050", "dott_bicycle_capacity": 5.0, "dott_scooter_capacity": 5.0, "dott_total_capacity": 10.0 }, "geometry": { "type": "Point", "coordinates": [ -2.584847, 51.428857 ] } },
{ "type": "Feature", "properties": { "name": "200049", "dott_bicycle_capacity": null, "dott_scooter_capacity": 15.0, "dott_total_capacity": 15.0 }, "geometry": { "type": "Point", "coordinates": [ -2.5463151, 51.5212961 ] } },
{ "type": "Feature", "properties": { "name": "300357", "dott_bicycle_capacity": null, "dott_scooter_capacity": 5.0, "dott_total_capacity": 5.0 }, "geometry": { "type": "Point", "coordinates": [ -2.5650941, 51.4695947 ] } },
{ "type": "Feature", "properties": { "name": "320028", "dott_bicycle_capacity": 9.0, "dott_scooter_capacity": 9.0, "dott_total_capacity": 18.0 }, "geometry": { "type": "Point", "coordinates": [ -2.5753527, 51.4470965 ] } },
{ "type": "Feature", "properties": { "name": "300218", "dott_bicycle_capacity": 4.0, "dott_scooter_capacity": 4.0, "dott_total_capacity": 8.0 }, "geometry": { "type": "Point", "coordinates": [ -2.6308777, 51.5074173 ] } },
{ "type": "Feature", "properties": { "name": "300741", "dott_bicycle_capacity": 17.0, "dott_scooter_capacity": 17.0, "dott_total_capacity": 34.0 }, "geometry": { "type": "Point", "coordinates": [ -2.5460279, 51.4692576 ] } },
{ "type": "Feature", "properties": { "name": "300766", "dott_bicycle_capacity": null, "dott_scooter_capacity": 5.0, "dott_total_capacity": 5.0 }, "geometry": { "type": "Point", "coordinates": [ -2.6288628, 51.409661 ] } },
{ "type": "Feature", "properties": { "name": "200181", "dott_bicycle_capacity": null, "dott_scooter_capacity": 0.0, "dott_total_capacity": 0.0 }, "geometry": { "type": "Point", "coordinates": [ -2.4899931, 51.4902833 ] } },
{ "type": "Feature", "properties": { "name": "200279", "dott_bicycle_capacity": 16.0, "dott_scooter_capacity": 16.0, "dott_total_capacity": 32.0 }, "geometry": { "type": "Point", "coordinates": [ -2.5464167, 51.519366 ] } },
{ "type": "Feature", "properties": { "name": "300205", "dott_bicycle_capacity": 7.0, "dott_scooter_capacity": 7.0, "dott_total_capacity": 14.0 }, "geometry": { "type": "Point", "coordinates": [ -2.6582641, 51.5032068 ] } },
{ "type": "Feature", "properties": { "name": "300550", "dott_bicycle_capacity": 12.0, "dott_scooter_capacity": 12.0, "dott_total_capacity": 24.0 }, "geometry": { "type": "Point", "coordinates": [ -2.5829877, 51.4472062 ] } },
{ "type": "Feature", "properties": { "name": "300022", "dott_bicycle_capacity": 10.0, "dott_scooter_capacity": 10.0, "dott_total_capacity": 20.0 }, "geometry": { "type": "Point", "coordinates": [ -2.527004, 51.481727 ] } },
{ "type": "Feature", "properties": { "name": "300318", "dott_bicycle_capacity": 12.0, "dott_scooter_capacity": 12.0, "dott_total_capacity": 24.0 }, "geometry": { "type": "Point", "coordinates": [ -2.5513952, 51.4554017 ] } },
{ "type": "Feature", "properties": { "name": "300003", "dott_bicycle_capacity": null, "dott_scooter_capacity": 7.0, "dott_total_capacity": 7.0 }, "geometry": { "type": "Point", "coordinates": [ -2.5730049, 51.4827341 ] } },
{ "type": "Feature", "properties": { "name": "310526", "dott_bicycle_capacity": 24.0, "dott_scooter_capacity": 24.0, "dott_total_capacity": 48.0 }, "geometry": { "type": "Point", "coordinates": [ -2.60969, 51.456759 ] } },
{ "type": "Feature", "properties": { "name": "310112", "dott_bicycle_capacity": 11.0, "dott_scooter_capacity": 11.0, "dott_total_capacity": 22.0 }, "geometry": { "type": "Point", "coordinates": [ -2.6065385, 51.4793392 ] } },
{ "type": "Feature", "properties": { "name": "300638", "dott_bicycle_capacity": 30.0, "dott_scooter_capacity": 30.0, "dott_total_capacity": 60.0 }, "geometry": { "type": "Point", "coordinates": [ -2.581475, 51.45992 ] } },
{ "type": "Feature", "properties": { "name": "310073", "dott_bicycle_capacity": 5.0, "dott_scooter_capacity": 5.0, "dott_total_capacity": 10.0 }, "geometry": { "type": "Point", "coordinates": [ -2.579362, 51.498606 ] } },
{ "type": "Feature", "properties": { "name": "300576", "dott_bicycle_capacity": null, "dott_scooter_capacity": 6.0, "dott_total_capacity": 6.0 }, "geometry": { "type": "Point", "coordinates": [ -2.6171707, 51.4599701 ] } },
{ "type": "Feature", "properties": { "name": "310048", "dott_bicycle_capacity": 6.0, "dott_scooter_capacity": 6.0, "dott_total_capacity": 12.0 }, "geometry": { "type": "Point", "coordinates": [ -2.586934, 51.428005 ] } },
{ "type": "Feature", "properties": { "name": "310345", "dott_bicycle_capacity": 9.0, "dott_scooter_capacity": 9.0, "dott_total_capacity": 18.0 }, "geometry": { "type": "Point", "coordinates": [ -2.611526, 51.413433 ] } },
{ "type": "Feature", "properties": { "name": "300374", "dott_bicycle_capacity": 8.0, "dott_scooter_capacity": 8.0, "dott_total_capacity": 16.0 }, "geometry": { "type": "Point", "coordinates": [ -2.5757333, 51.4568378 ] } },
{ "type": "Feature", "properties": { "name": "220059", "dott_bicycle_capacity": 8.0, "dott_scooter_capacity": 8.0, "dott_total_capacity": 16.0 }, "geometry": { "type": "Point", "coordinates": [ -2.499407, 51.518392 ] } },
{ "type": "Feature", "properties": { "name": "200096", "dott_bicycle_capacity": 20.0, "dott_scooter_capacity": 20.0, "dott_total_capacity": 40.0 }, "geometry": { "type": "Point", "coordinates": [ -2.5117834, 51.4861091 ] } },
{ "type": "Feature", "properties": { "name": "300392", "dott_bicycle_capacity": 9.0, "dott_scooter_capacity": 9.0, "dott_total_capacity": 18.0 }, "geometry": { "type": "Point", "coordinates": [ -2.5537693, 51.4621166 ] } },
{ "type": "Feature", "properties": { "name": "220088", "dott_bicycle_capacity": 10.0, "dott_scooter_capacity": 10.0, "dott_total_capacity": 20.0 }, "geometry": { "type": "Point", "coordinates": [ -2.467042, 51.528923 ] } },
{ "type": "Feature", "properties": { "name": "200110", "dott_bicycle_capacity": 6.0, "dott_scooter_capacity": 10.0, "dott_total_capacity": 16.0 }, "geometry": { "type": "Point", "coordinates": [ -2.558828, 51.49672 ] } },
{ "type": "Feature", "properties": { "name": "210075", "dott_bicycle_capacity": 8.0, "dott_scooter_capacity": 8.0, "dott_total_capacity": 16.0 }, "geometry": { "type": "Point", "coordinates": [ -2.5393984, 51.5087563 ] } },
{ "type": "Feature", "properties": { "name": "300793", "dott_bicycle_capacity": 8.0, "dott_scooter_capacity": 8.0, "dott_total_capacity": 16.0 }, "geometry": { "type": "Point", "coordinates": [ -2.547313, 51.4118657 ] } },
{ "type": "Feature", "properties": { "name": "300558", "dott_bicycle_capacity": null, "dott_scooter_capacity": 7.0, "dott_total_capacity": 7.0 }, "geometry": { "type": "Point", "coordinates": [ -2.5482711, 51.4839654 ] } },
{ "type": "Feature", "properties": { "name": "300804", "dott_bicycle_capacity": null, "dott_scooter_capacity": 4.0, "dott_total_capacity": 4.0 }, "geometry": { "type": "Point", "coordinates": [ -2.5739309, 51.4133574 ] } },
{ "type": "Feature", "properties": { "name": "300100", "dott_bicycle_capacity": 5.0, "dott_scooter_capacity": 5.0, "dott_total_capacity": 10.0 }, "geometry": { "type": "Point", "coordinates": [ -2.6051823, 51.4433302 ] } },
{ "type": "Feature", "properties": { "name": "320031", "dott_bicycle_capacity": 15.0, "dott_scooter_capacity": 15.0, "dott_total_capacity": 30.0 }, "geometry": { "type": "Point", "coordinates": [ -2.6177768, 51.4331107 ] } },
{ "type": "Feature", "properties": { "name": "210025", "dott_bicycle_capacity": 8.0, "dott_scooter_capacity": 8.0, "dott_total_capacity": 16.0 }, "geometry": { "type": "Point", "coordinates": [ -2.493805, 51.496935 ] } },
{ "type": "Feature", "properties": { "name": "210056", "dott_bicycle_capacity": 20.0, "dott_scooter_capacity": 20.0, "dott_total_capacity": 40.0 }, "geometry": { "type": "Point", "coordinates": [ -2.5091347, 51.4810117 ] } },
{ "type": "Feature", "properties": { "name": "300365", "dott_bicycle_capacity": 8.0, "dott_scooter_capacity": 8.0, "dott_total_capacity": 16.0 }, "geometry": { "type": "Point", "coordinates": [ -2.528538, 51.4554182 ] } },
{ "type": "Feature", "properties": { "name": "300147", "dott_bicycle_capacity": 7.0, "dott_scooter_capacity": 7.0, "dott_total_capacity": 14.0 }, "geometry": { "type": "Point", "coordinates": [ -2.644456, 51.4976411 ] } },
{ "type": "Feature", "properties": { "name": "320014", "dott_bicycle_capacity": 40.0, "dott_scooter_capacity": 40.0, "dott_total_capacity": 80.0 }, "geometry": { "type": "Point", "coordinates": [ -2.575798, 51.4696744 ] } },
{ "type": "Feature", "properties": { "name": "300356", "dott_bicycle_capacity": 10.0, "dott_scooter_capacity": 10.0, "dott_total_capacity": 20.0 }, "geometry": { "type": "Point", "coordinates": [ -2.6039433, 51.4814351 ] } },
{ "type": "Feature", "properties": { "name": "310221", "dott_bicycle_capacity": 10.0, "dott_scooter_capacity": 10.0, "dott_total_capacity": 20.0 }, "geometry": { "type": "Point", "coordinates": [ -2.5783804, 51.4549618 ] } },
{ "type": "Feature", "properties": { "name": "310236", "dott_bicycle_capacity": 8.0, "dott_scooter_capacity": 8.0, "dott_total_capacity": 16.0 }, "geometry": { "type": "Point", "coordinates": [ -2.556656, 51.434313 ] } },
{ "type": "Feature", "properties": { "name": "310506", "dott_bicycle_capacity": 0.0, "dott_scooter_capacity": 0.0, "dott_total_capacity": 0.0 }, "geometry": { "type": "Point", "coordinates": [ -2.605005, 51.455255 ] } },
{ "type": "Feature", "properties": { "name": "300181", "dott_bicycle_capacity": 6.0, "dott_scooter_capacity": 6.0, "dott_total_capacity": 12.0 }, "geometry": { "type": "Point", "coordinates": [ -2.6311791, 51.5083694 ] } },
{ "type": "Feature", "properties": { "name": "300146", "dott_bicycle_capacity": 16.0, "dott_scooter_capacity": 16.0, "dott_total_capacity": 32.0 }, "geometry": { "type": "Point", "coordinates": [ -2.6083636, 51.4335193 ] } },
{ "type": "Feature", "properties": { "name": "220029", "dott_bicycle_capacity": null, "dott_scooter_capacity": 6.0, "dott_total_capacity": 6.0 }, "geometry": { "type": "Point", "coordinates": [ -2.47011, 51.44958 ] } },
{ "type": "Feature", "properties": { "name": "300707", "dott_bicycle_capacity": null, "dott_scooter_capacity": 10.0, "dott_total_capacity": 10.0 }, "geometry": { "type": "Point", "coordinates": [ -2.608165, 51.4576674 ] } },
{ "type": "Feature", "properties": { "name": "300276", "dott_bicycle_capacity": 7.0, "dott_scooter_capacity": 7.0, "dott_total_capacity": 14.0 }, "geometry": { "type": "Point", "coordinates": [ -2.5954161, 51.4831678 ] } },
{ "type": "Feature", "properties": { "name": "300542", "dott_bicycle_capacity": 9.0, "dott_scooter_capacity": 9.0, "dott_total_capacity": 18.0 }, "geometry": { "type": "Point", "coordinates": [ -2.5982158, 51.4692112 ] } },
{ "type": "Feature", "properties": { "name": "310019", "dott_bicycle_capacity": 9.0, "dott_scooter_capacity": 9.0, "dott_total_capacity": 18.0 }, "geometry": { "type": "Point", "coordinates": [ -2.6120853, 51.4064885 ] } },
{ "type": "Feature", "properties": { "name": "320007", "dott_bicycle_capacity": 7.0, "dott_scooter_capacity": 7.0, "dott_total_capacity": 14.0 }, "geometry": { "type": "Point", "coordinates": [ -2.5171025, 51.4842363 ] } },
{ "type": "Feature", "properties": { "name": "210077", "dott_bicycle_capacity": null, "dott_scooter_capacity": 7.0, "dott_total_capacity": 7.0 }, "geometry": { "type": "Point", "coordinates": [ -2.5332135, 51.5187876 ] } },
{ "type": "Feature", "properties": { "name": "310499", "dott_bicycle_capacity": 12.0, "dott_scooter_capacity": 12.0, "dott_total_capacity": 24.0 }, "geometry": { "type": "Point", "coordinates": [ -2.583528, 51.481786 ] } },
{ "type": "Feature", "properties": { "name": "300767", "dott_bicycle_capacity": 0.0, "dott_scooter_capacity": 0.0, "dott_total_capacity": 0.0 }, "geometry": { "type": "Point", "coordinates": [ -2.628111, 51.409555 ] } },
{ "type": "Feature", "properties": { "name": "310203", "dott_bicycle_capacity": 16.0, "dott_scooter_capacity": 16.0, "dott_total_capacity": 32.0 }, "geometry": { "type": "Point", "coordinates": [ -2.5763931, 51.4577658 ] } },
{ "type": "Feature", "properties": { "name": "310235", "dott_bicycle_capacity": 6.0, "dott_scooter_capacity": 6.0, "dott_total_capacity": 12.0 }, "geometry": { "type": "Point", "coordinates": [ -2.558618, 51.434038 ] } },
{ "type": "Feature", "properties": { "name": "300196", "dott_bicycle_capacity": null, "dott_scooter_capacity": 4.0, "dott_total_capacity": 4.0 }, "geometry": { "type": "Point", "coordinates": [ -2.684292, 51.524267 ] } },
{ "type": "Feature", "properties": { "name": "310495", "dott_bicycle_capacity": 23.0, "dott_scooter_capacity": 23.0, "dott_total_capacity": 46.0 }, "geometry": { "type": "Point", "coordinates": [ -2.587828, 51.481023 ] } },
{ "type": "Feature", "properties": { "name": "200270", "dott_bicycle_capacity": 10.0, "dott_scooter_capacity": 10.0, "dott_total_capacity": 20.0 }, "geometry": { "type": "Point", "coordinates": [ -2.5089798, 51.4680606 ] } },
{ "type": "Feature", "properties": { "name": "300076", "dott_bicycle_capacity": 20.0, "dott_scooter_capacity": 20.0, "dott_total_capacity": 40.0 }, "geometry": { "type": "Point", "coordinates": [ -2.6102035, 51.4402987 ] } },
{ "type": "Feature", "properties": { "name": "220155", "dott_bicycle_capacity": 8.0, "dott_scooter_capacity": 8.0, "dott_total_capacity": 16.0 }, "geometry": { "type": "Point", "coordinates": [ -2.4112996, 51.5426234 ] } },
{ "type": "Feature", "properties": { "name": "300610", "dott_bicycle_capacity": 7.0, "dott_scooter_capacity": 7.0, "dott_total_capacity": 14.0 }, "geometry": { "type": "Point", "coordinates": [ -2.5151665, 51.4631501 ] } },
{ "type": "Feature", "properties": { "name": "300179", "dott_bicycle_capacity": 12.0, "dott_scooter_capacity": 12.0, "dott_total_capacity": 24.0 }, "geometry": { "type": "Point", "coordinates": [ -2.6350069, 51.5086416 ] } },
{ "type": "Feature", "properties": { "name": "300684", "dott_bicycle_capacity": null, "dott_scooter_capacity": 7.0, "dott_total_capacity": 7.0 }, "geometry": { "type": "Point", "coordinates": [ -2.5731307, 51.478446 ] } },
{ "type": "Feature", "properties": { "name": "210086", "dott_bicycle_capacity": 12.0, "dott_scooter_capacity": 12.0, "dott_total_capacity": 24.0 }, "geometry": { "type": "Point", "coordinates": [ -2.5629017, 51.5331671 ] } },
{ "type": "Feature", "properties": { "name": "300190", "dott_bicycle_capacity": 8.0, "dott_scooter_capacity": 8.0, "dott_total_capacity": 16.0 }, "geometry": { "type": "Point", "coordinates": [ -2.6143743, 51.5097974 ] } },
{ "type": "Feature", "properties": { "name": "210079", "dott_bicycle_capacity": 10.0, "dott_scooter_capacity": 10.0, "dott_total_capacity": 20.0 }, "geometry": { "type": "Point", "coordinates": [ -2.544788, 51.534578 ] } },
{ "type": "Feature", "properties": { "name": "220075", "dott_bicycle_capacity": null, "dott_scooter_capacity": 6.0, "dott_total_capacity": 6.0 }, "geometry": { "type": "Point", "coordinates": [ -2.4805362, 51.5329248 ] } },
{ "type": "Feature", "properties": { "name": "200066", "dott_bicycle_capacity": 15.0, "dott_scooter_capacity": 15.0, "dott_total_capacity": 30.0 }, "geometry": { "type": "Point", "coordinates": [ -2.569394, 51.501905 ] } },
{ "type": "Feature", "properties": { "name": "220083", "dott_bicycle_capacity": 8.0, "dott_scooter_capacity": 8.0, "dott_total_capacity": 16.0 }, "geometry": { "type": "Point", "coordinates": [ -2.47775, 51.526917 ] } },
{ "type": "Feature", "properties": { "name": "220030", "dott_bicycle_capacity": null, "dott_scooter_capacity": 6.0, "dott_total_capacity": 6.0 }, "geometry": { "type": "Point", "coordinates": [ -2.46688, 51.44978 ] } },
{ "type": "Feature", "properties": { "name": "300139", "dott_bicycle_capacity": null, "dott_scooter_capacity": 7.0, "dott_total_capacity": 7.0 }, "geometry": { "type": "Point", "coordinates": [ -2.6137607, 51.4652867 ] } },
{ "type": "Feature", "properties": { "name": "300402", "dott_bicycle_capacity": null, "dott_scooter_capacity": 6.0, "dott_total_capacity": 6.0 }, "geometry": { "type": "Point", "coordinates": [ -2.5543407, 51.4589447 ] } },
{ "type": "Feature", "properties": { "name": "310339", "dott_bicycle_capacity": null, "dott_scooter_capacity": 10.0, "dott_total_capacity": 10.0 }, "geometry": { "type": "Point", "coordinates": [ -2.553912, 51.418229 ] } },
{ "type": "Feature", "properties": { "name": "310309", "dott_bicycle_capacity": null, "dott_scooter_capacity": 6.0, "dott_total_capacity": 6.0 }, "geometry": { "type": "Point", "coordinates": [ -2.541417, 51.446759 ] } },
{ "type": "Feature", "properties": { "name": "300341", "dott_bicycle_capacity": 6.0, "dott_scooter_capacity": 6.0, "dott_total_capacity": 12.0 }, "geometry": { "type": "Point", "coordinates": [ -2.551376, 51.439326 ] } },
{ "type": "Feature", "properties": { "name": "310498", "dott_bicycle_capacity": 0.0, "dott_scooter_capacity": 0.0, "dott_total_capacity": 0.0 }, "geometry": { "type": "Point", "coordinates": [ -2.606264, 51.455516 ] } },
{ "type": "Feature", "properties": { "name": "200074", "dott_bicycle_capacity": 20.0, "dott_scooter_capacity": 20.0, "dott_total_capacity": 40.0 }, "geometry": { "type": "Point", "coordinates": [ -2.5662621, 51.5396618 ] } },
{ "type": "Feature", "properties": { "name": "300176", "dott_bicycle_capacity": 8.0, "dott_scooter_capacity": 8.0, "dott_total_capacity": 16.0 }, "geometry": { "type": "Point", "coordinates": [ -2.6139085, 51.4985623 ] } },
{ "type": "Feature", "properties": { "name": "210138", "dott_bicycle_capacity": 20.0, "dott_scooter_capacity": 20.0, "dott_total_capacity": 40.0 }, "geometry": { "type": "Point", "coordinates": [ -2.5497845, 51.4989649 ] } },
{ "type": "Feature", "properties": { "name": "310289", "dott_bicycle_capacity": 22.0, "dott_scooter_capacity": 22.0, "dott_total_capacity": 44.0 }, "geometry": { "type": "Point", "coordinates": [ -2.591212, 51.46071 ] } },
{ "type": "Feature", "properties": { "name": "200138", "dott_bicycle_capacity": 10.0, "dott_scooter_capacity": 10.0, "dott_total_capacity": 20.0 }, "geometry": { "type": "Point", "coordinates": [ -2.4931831, 51.4611923 ] } },
{ "type": "Feature", "properties": { "name": "300157", "dott_bicycle_capacity": 10.0, "dott_scooter_capacity": 10.0, "dott_total_capacity": 20.0 }, "geometry": { "type": "Point", "coordinates": [ -2.6123547, 51.4717408 ] } },
{ "type": "Feature", "properties": { "name": "210119", "dott_bicycle_capacity": 10.0, "dott_scooter_capacity": 10.0, "dott_total_capacity": 20.0 }, "geometry": { "type": "Point", "coordinates": [ -2.4937485, 51.4576521 ] } },
{ "type": "Feature", "properties": { "name": "320104", "dott_bicycle_capacity": 10.0, "dott_scooter_capacity": 20.0, "dott_total_capacity": 30.0 }, "geometry": { "type": "Point", "coordinates": [ -2.675863, 51.482576 ] } },
{ "type": "Feature", "properties": { "name": "200212", "dott_bicycle_capacity": null, "dott_scooter_capacity": 10.0, "dott_total_capacity": 10.0 }, "geometry": { "type": "Point", "coordinates": [ -2.5730983, 51.5009131 ] } },
{ "type": "Feature", "properties": { "name": "310034", "dott_bicycle_capacity": 10.0, "dott_scooter_capacity": 10.0, "dott_total_capacity": 20.0 }, "geometry": { "type": "Point", "coordinates": [ -2.5738205, 51.4247572 ] } },
{ "type": "Feature", "properties": { "name": "310204", "dott_bicycle_capacity": null, "dott_scooter_capacity": 7.0, "dott_total_capacity": 7.0 }, "geometry": { "type": "Point", "coordinates": [ -2.587737, 51.44378 ] } },
{ "type": "Feature", "properties": { "name": "320013", "dott_bicycle_capacity": 15.0, "dott_scooter_capacity": 15.0, "dott_total_capacity": 30.0 }, "geometry": { "type": "Point", "coordinates": [ -2.6944492, 51.5127764 ] } },
{ "type": "Feature", "properties": { "name": "300554", "dott_bicycle_capacity": 6.0, "dott_scooter_capacity": 6.0, "dott_total_capacity": 12.0 }, "geometry": { "type": "Point", "coordinates": [ -2.590438, 51.491566 ] } },
{ "type": "Feature", "properties": { "name": "200186", "dott_bicycle_capacity": 20.0, "dott_scooter_capacity": 20.0, "dott_total_capacity": 40.0 }, "geometry": { "type": "Point", "coordinates": [ -2.5781283, 51.503759 ] } },
{ "type": "Feature", "properties": { "name": "300025", "dott_bicycle_capacity": 10.0, "dott_scooter_capacity": 10.0, "dott_total_capacity": 20.0 }, "geometry": { "type": "Point", "coordinates": [ -2.525283, 51.481809 ] } },
{ "type": "Feature", "properties": { "name": "300561", "dott_bicycle_capacity": 0.0, "dott_scooter_capacity": 0.0, "dott_total_capacity": 0.0 }, "geometry": { "type": "Point", "coordinates": [ -2.5403729, 51.489292 ] } },
{ "type": "Feature", "properties": { "name": "200190", "dott_bicycle_capacity": null, "dott_scooter_capacity": 20.0, "dott_total_capacity": 20.0 }, "geometry": { "type": "Point", "coordinates": [ -2.5064515, 51.4515976 ] } },
{ "type": "Feature", "properties": { "name": "300097", "dott_bicycle_capacity": 12.0, "dott_scooter_capacity": 12.0, "dott_total_capacity": 24.0 }, "geometry": { "type": "Point", "coordinates": [ -2.614177, 51.453124 ] } },
{ "type": "Feature", "properties": { "name": "310439", "dott_bicycle_capacity": 11.0, "dott_scooter_capacity": 11.0, "dott_total_capacity": 22.0 }, "geometry": { "type": "Point", "coordinates": [ -2.688251, 51.489616 ] } },
{ "type": "Feature", "properties": { "name": "300051", "dott_bicycle_capacity": 0.0, "dott_scooter_capacity": 0.0, "dott_total_capacity": 0.0 }, "geometry": { "type": "Point", "coordinates": [ -2.5319079, 51.4946626 ] } },
{ "type": "Feature", "properties": { "name": "300258", "dott_bicycle_capacity": 15.0, "dott_scooter_capacity": 15.0, "dott_total_capacity": 30.0 }, "geometry": { "type": "Point", "coordinates": [ -2.619834, 51.466519 ] } },
{ "type": "Feature", "properties": { "name": "320100", "dott_bicycle_capacity": 10.0, "dott_scooter_capacity": 10.0, "dott_total_capacity": 20.0 }, "geometry": { "type": "Point", "coordinates": [ -2.68671, 51.50273 ] } },
{ "type": "Feature", "properties": { "name": "310145", "dott_bicycle_capacity": null, "dott_scooter_capacity": 6.0, "dott_total_capacity": 6.0 }, "geometry": { "type": "Point", "coordinates": [ -2.592507, 51.444713 ] } },
{ "type": "Feature", "properties": { "name": "200161", "dott_bicycle_capacity": 6.0, "dott_scooter_capacity": 6.0, "dott_total_capacity": 12.0 }, "geometry": { "type": "Point", "coordinates": [ -2.5089614, 51.4924902 ] } },
{ "type": "Feature", "properties": { "name": "220085", "dott_bicycle_capacity": null, "dott_scooter_capacity": 6.0, "dott_total_capacity": 6.0 }, "geometry": { "type": "Point", "coordinates": [ -2.4774841, 51.5287664 ] } },
{ "type": "Feature", "properties": { "name": "210082", "dott_bicycle_capacity": null, "dott_scooter_capacity": 6.0, "dott_total_capacity": 6.0 }, "geometry": { "type": "Point", "coordinates": [ -2.5632039, 51.5382939 ] } },
{ "type": "Feature", "properties": { "name": "300465", "dott_bicycle_capacity": null, "dott_scooter_capacity": 8.0, "dott_total_capacity": 8.0 }, "geometry": { "type": "Point", "coordinates": [ -2.5897063, 51.4985779 ] } },
{ "type": "Feature", "properties": { "name": "300494", "dott_bicycle_capacity": 10.0, "dott_scooter_capacity": 10.0, "dott_total_capacity": 20.0 }, "geometry": { "type": "Point", "coordinates": [ -2.5879774, 51.4455157 ] } },
{ "type": "Feature", "properties": { "name": "300532", "dott_bicycle_capacity": 11.0, "dott_scooter_capacity": 11.0, "dott_total_capacity": 22.0 }, "geometry": { "type": "Point", "coordinates": [ -2.5808803, 51.4967003 ] } },
{ "type": "Feature", "properties": { "name": "310380", "dott_bicycle_capacity": 14.0, "dott_scooter_capacity": 14.0, "dott_total_capacity": 28.0 }, "geometry": { "type": "Point", "coordinates": [ -2.5850924, 51.4503963 ] } },
{ "type": "Feature", "properties": { "name": "310264", "dott_bicycle_capacity": 12.0, "dott_scooter_capacity": 12.0, "dott_total_capacity": 24.0 }, "geometry": { "type": "Point", "coordinates": [ -2.5853401, 51.459411 ] } },
{ "type": "Feature", "properties": { "name": "300678", "dott_bicycle_capacity": 10.0, "dott_scooter_capacity": 10.0, "dott_total_capacity": 20.0 }, "geometry": { "type": "Point", "coordinates": [ -2.5705974, 51.4629797 ] } },
{ "type": "Feature", "properties": { "name": "310516", "dott_bicycle_capacity": 23.0, "dott_scooter_capacity": 23.0, "dott_total_capacity": 46.0 }, "geometry": { "type": "Point", "coordinates": [ -2.588832, 51.461139 ] } },
{ "type": "Feature", "properties": { "name": "220058", "dott_bicycle_capacity": 8.0, "dott_scooter_capacity": 8.0, "dott_total_capacity": 16.0 }, "geometry": { "type": "Point", "coordinates": [ -2.5013849, 51.5181712 ] } },
{ "type": "Feature", "properties": { "name": "210066", "dott_bicycle_capacity": 8.0, "dott_scooter_capacity": 8.0, "dott_total_capacity": 16.0 }, "geometry": { "type": "Point", "coordinates": [ -2.4942607, 51.4790276 ] } },
{ "type": "Feature", "properties": { "name": "300298", "dott_bicycle_capacity": 7.0, "dott_scooter_capacity": 7.0, "dott_total_capacity": 14.0 }, "geometry": { "type": "Point", "coordinates": [ -2.5749783, 51.4599183 ] } },
{ "type": "Feature", "properties": { "name": "310046", "dott_bicycle_capacity": 6.0, "dott_scooter_capacity": 6.0, "dott_total_capacity": 12.0 }, "geometry": { "type": "Point", "coordinates": [ -2.591635, 51.431694 ] } },
{ "type": "Feature", "properties": { "name": "300209", "dott_bicycle_capacity": null, "dott_scooter_capacity": 6.0, "dott_total_capacity": 6.0 }, "geometry": { "type": "Point", "coordinates": [ -2.5968052, 51.5020473 ] } },
{ "type": "Feature", "properties": { "name": "220032", "dott_bicycle_capacity": null, "dott_scooter_capacity": 6.0, "dott_total_capacity": 6.0 }, "geometry": { "type": "Point", "coordinates": [ -2.500357, 51.443364 ] } },
{ "type": "Feature", "properties": { "name": "300498", "dott_bicycle_capacity": 8.0, "dott_scooter_capacity": 8.0, "dott_total_capacity": 16.0 }, "geometry": { "type": "Point", "coordinates": [ -2.591073, 51.446466 ] } },
{ "type": "Feature", "properties": { "name": "310284", "dott_bicycle_capacity": 15.0, "dott_scooter_capacity": 15.0, "dott_total_capacity": 30.0 }, "geometry": { "type": "Point", "coordinates": [ -2.585821, 51.424352 ] } },
{ "type": "Feature", "properties": { "name": "310525", "dott_bicycle_capacity": 21.0, "dott_scooter_capacity": 21.0, "dott_total_capacity": 42.0 }, "geometry": { "type": "Point", "coordinates": [ -2.606912, 51.457842 ] } },
{ "type": "Feature", "properties": { "name": "220014", "dott_bicycle_capacity": 8.0, "dott_scooter_capacity": 8.0, "dott_total_capacity": 16.0 }, "geometry": { "type": "Point", "coordinates": [ -2.488281, 51.445304 ] } },
{ "type": "Feature", "properties": { "name": "320080", "dott_bicycle_capacity": 6.0, "dott_scooter_capacity": 6.0, "dott_total_capacity": 12.0 }, "geometry": { "type": "Point", "coordinates": [ -2.562024, 51.455969 ] } },
{ "type": "Feature", "properties": { "name": "200183", "dott_bicycle_capacity": 20.0, "dott_scooter_capacity": 20.0, "dott_total_capacity": 40.0 }, "geometry": { "type": "Point", "coordinates": [ -2.5381114, 51.5074252 ] } },
{ "type": "Feature", "properties": { "name": "320009", "dott_bicycle_capacity": 6.0, "dott_scooter_capacity": 16.0, "dott_total_capacity": 22.0 }, "geometry": { "type": "Point", "coordinates": [ -2.596043, 51.4453016 ] } },
{ "type": "Feature", "properties": { "name": "200101", "dott_bicycle_capacity": 15.0, "dott_scooter_capacity": 15.0, "dott_total_capacity": 30.0 }, "geometry": { "type": "Point", "coordinates": [ -2.5861036, 51.5269234 ] } },
{ "type": "Feature", "properties": { "name": "300060", "dott_bicycle_capacity": 8.0, "dott_scooter_capacity": 8.0, "dott_total_capacity": 16.0 }, "geometry": { "type": "Point", "coordinates": [ -2.6761367, 51.5042612 ] } },
{ "type": "Feature", "properties": { "name": "220065", "dott_bicycle_capacity": 8.0, "dott_scooter_capacity": 8.0, "dott_total_capacity": 16.0 }, "geometry": { "type": "Point", "coordinates": [ -2.498128, 51.524337 ] } },
{ "type": "Feature", "properties": { "name": "300625", "dott_bicycle_capacity": 0.0, "dott_scooter_capacity": 50.0, "dott_total_capacity": 50.0 }, "geometry": { "type": "Point", "coordinates": [ -2.5874053, 51.4564735 ] } },
{ "type": "Feature", "properties": { "name": "300705", "dott_bicycle_capacity": 35.0, "dott_scooter_capacity": 35.0, "dott_total_capacity": 70.0 }, "geometry": { "type": "Point", "coordinates": [ -2.608731, 51.457325 ] } },
{ "type": "Feature", "properties": { "name": "300303", "dott_bicycle_capacity": 25.0, "dott_scooter_capacity": 25.0, "dott_total_capacity": 50.0 }, "geometry": { "type": "Point", "coordinates": [ -2.584436, 51.449644 ] } },
{ "type": "Feature", "properties": { "name": "210117", "dott_bicycle_capacity": 18.0, "dott_scooter_capacity": 18.0, "dott_total_capacity": 36.0 }, "geometry": { "type": "Point", "coordinates": [ -2.4995923, 51.463052 ] } },
{ "type": "Feature", "properties": { "name": "220064", "dott_bicycle_capacity": 6.0, "dott_scooter_capacity": 6.0, "dott_total_capacity": 12.0 }, "geometry": { "type": "Point", "coordinates": [ -2.504372, 51.525384 ] } },
{ "type": "Feature", "properties": { "name": "300791", "dott_bicycle_capacity": null, "dott_scooter_capacity": 5.0, "dott_total_capacity": 5.0 }, "geometry": { "type": "Point", "coordinates": [ -2.5357105, 51.4140149 ] } },
{ "type": "Feature", "properties": { "name": "310355", "dott_bicycle_capacity": 10.0, "dott_scooter_capacity": 10.0, "dott_total_capacity": 20.0 }, "geometry": { "type": "Point", "coordinates": [ -2.542703, 51.409943 ] } },
{ "type": "Feature", "properties": { "name": "300477", "dott_bicycle_capacity": 8.0, "dott_scooter_capacity": 8.0, "dott_total_capacity": 16.0 }, "geometry": { "type": "Point", "coordinates": [ -2.5927046, 51.459672 ] } },
{ "type": "Feature", "properties": { "name": "310522", "dott_bicycle_capacity": 25.0, "dott_scooter_capacity": 25.0, "dott_total_capacity": 50.0 }, "geometry": { "type": "Point", "coordinates": [ -2.620845, 51.450378 ] } },
{ "type": "Feature", "properties": { "name": "300088", "dott_bicycle_capacity": 8.0, "dott_scooter_capacity": 8.0, "dott_total_capacity": 16.0 }, "geometry": { "type": "Point", "coordinates": [ -2.613863, 51.4583053 ] } },
{ "type": "Feature", "properties": { "name": "310468", "dott_bicycle_capacity": 6.0, "dott_scooter_capacity": 6.0, "dott_total_capacity": 12.0 }, "geometry": { "type": "Point", "coordinates": [ -2.578783, 51.467369 ] } },
{ "type": "Feature", "properties": { "name": "310437", "dott_bicycle_capacity": 5.0, "dott_scooter_capacity": 5.0, "dott_total_capacity": 10.0 }, "geometry": { "type": "Point", "coordinates": [ -2.568128, 51.461665 ] } },
{ "type": "Feature", "properties": { "name": "300008", "dott_bicycle_capacity": 0.0, "dott_scooter_capacity": 0.0, "dott_total_capacity": 0.0 }, "geometry": { "type": "Point", "coordinates": [ -2.5434041, 51.468049 ] } },
{ "type": "Feature", "properties": { "name": "300754", "dott_bicycle_capacity": 6.0, "dott_scooter_capacity": 6.0, "dott_total_capacity": 12.0 }, "geometry": { "type": "Point", "coordinates": [ -2.528253, 51.481462 ] } },
{ "type": "Feature", "properties": { "name": "220094", "dott_bicycle_capacity": null, "dott_scooter_capacity": 6.0, "dott_total_capacity": 6.0 }, "geometry": { "type": "Point", "coordinates": [ -2.4675771, 51.5245221 ] } },
{ "type": "Feature", "properties": { "name": "220106", "dott_bicycle_capacity": 20.0, "dott_scooter_capacity": 20.0, "dott_total_capacity": 40.0 }, "geometry": { "type": "Point", "coordinates": [ -2.46814, 51.49403 ] } },
{ "type": "Feature", "properties": { "name": "300102", "dott_bicycle_capacity": 12.0, "dott_scooter_capacity": 12.0, "dott_total_capacity": 24.0 }, "geometry": { "type": "Point", "coordinates": [ -2.5856478, 51.486496 ] } },
{ "type": "Feature", "properties": { "name": "200221", "dott_bicycle_capacity": 20.0, "dott_scooter_capacity": 20.0, "dott_total_capacity": 40.0 }, "geometry": { "type": "Point", "coordinates": [ -2.5375966, 51.5076714 ] } },
{ "type": "Feature", "properties": { "name": "220031", "dott_bicycle_capacity": null, "dott_scooter_capacity": 6.0, "dott_total_capacity": 6.0 }, "geometry": { "type": "Point", "coordinates": [ -2.50213, 51.44292 ] } },
{ "type": "Feature", "properties": { "name": "220069", "dott_bicycle_capacity": 8.0, "dott_scooter_capacity": 8.0, "dott_total_capacity": 16.0 }, "geometry": { "type": "Point", "coordinates": [ -2.4923078, 51.5344093 ] } },
{ "type": "Feature", "properties": { "name": "200236", "dott_bicycle_capacity": null, "dott_scooter_capacity": 5.0, "dott_total_capacity": 5.0 }, "geometry": { "type": "Point", "coordinates": [ -2.4882241, 51.4552329 ] } },
{ "type": "Feature", "properties": { "name": "320041", "dott_bicycle_capacity": 8.0, "dott_scooter_capacity": 8.0, "dott_total_capacity": 16.0 }, "geometry": { "type": "Point", "coordinates": [ -2.604688, 51.451241 ] } },
{ "type": "Feature", "properties": { "name": "220021", "dott_bicycle_capacity": 8.0, "dott_scooter_capacity": 8.0, "dott_total_capacity": 16.0 }, "geometry": { "type": "Point", "coordinates": [ -2.48637, 51.45193 ] } },
{ "type": "Feature", "properties": { "name": "300720", "dott_bicycle_capacity": 6.0, "dott_scooter_capacity": 6.0, "dott_total_capacity": 12.0 }, "geometry": { "type": "Point", "coordinates": [ -2.6128107, 51.4633578 ] } },
{ "type": "Feature", "properties": { "name": "210057", "dott_bicycle_capacity": 7.0, "dott_scooter_capacity": 7.0, "dott_total_capacity": 14.0 }, "geometry": { "type": "Point", "coordinates": [ -2.5054067, 51.4811295 ] } },
{ "type": "Feature", "properties": { "name": "300167", "dott_bicycle_capacity": 7.0, "dott_scooter_capacity": 7.0, "dott_total_capacity": 14.0 }, "geometry": { "type": "Point", "coordinates": [ -2.6226582, 51.5086606 ] } },
{ "type": "Feature", "properties": { "name": "300323", "dott_bicycle_capacity": 10.0, "dott_scooter_capacity": 10.0, "dott_total_capacity": 20.0 }, "geometry": { "type": "Point", "coordinates": [ -2.6106903, 51.4437075 ] } },
{ "type": "Feature", "properties": { "name": "310291", "dott_bicycle_capacity": 12.0, "dott_scooter_capacity": 12.0, "dott_total_capacity": 24.0 }, "geometry": { "type": "Point", "coordinates": [ -2.514929, 51.47151 ] } },
{ "type": "Feature", "properties": { "name": "320029", "dott_bicycle_capacity": 12.0, "dott_scooter_capacity": 12.0, "dott_total_capacity": 24.0 }, "geometry": { "type": "Point", "coordinates": [ -2.5236529, 51.4717779 ] } },
{ "type": "Feature", "properties": { "name": "220060", "dott_bicycle_capacity": 8.0, "dott_scooter_capacity": 8.0, "dott_total_capacity": 16.0 }, "geometry": { "type": "Point", "coordinates": [ -2.4999787, 51.5197248 ] } },
{ "type": "Feature", "properties": { "name": "300780", "dott_bicycle_capacity": null, "dott_scooter_capacity": 4.0, "dott_total_capacity": 4.0 }, "geometry": { "type": "Point", "coordinates": [ -2.5771745, 51.4182106 ] } },
{ "type": "Feature", "properties": { "name": "300580", "dott_bicycle_capacity": 0.0, "dott_scooter_capacity": 0.0, "dott_total_capacity": 0.0 }, "geometry": { "type": "Point", "coordinates": [ -2.6172173, 51.4594412 ] } },
{ "type": "Feature", "properties": { "name": "200064", "dott_bicycle_capacity": null, "dott_scooter_capacity": 8.0, "dott_total_capacity": 8.0 }, "geometry": { "type": "Point", "coordinates": [ -2.564436, 51.5055481 ] } },
{ "type": "Feature", "properties": { "name": "300837", "dott_bicycle_capacity": 8.0, "dott_scooter_capacity": 8.0, "dott_total_capacity": 16.0 }, "geometry": { "type": "Point", "coordinates": [ -2.5833933, 51.4921483 ] } },
{ "type": "Feature", "properties": { "name": "300443", "dott_bicycle_capacity": 12.0, "dott_scooter_capacity": 12.0, "dott_total_capacity": 24.0 }, "geometry": { "type": "Point", "coordinates": [ -2.593057, 51.458103 ] } },
{ "type": "Feature", "properties": { "name": "220107", "dott_bicycle_capacity": null, "dott_scooter_capacity": 6.0, "dott_total_capacity": 6.0 }, "geometry": { "type": "Point", "coordinates": [ -2.473932, 51.430138 ] } },
{ "type": "Feature", "properties": { "name": "300466", "dott_bicycle_capacity": 50.0, "dott_scooter_capacity": 50.0, "dott_total_capacity": 100.0 }, "geometry": { "type": "Point", "coordinates": [ -2.584161, 51.455862 ] } },
{ "type": "Feature", "properties": { "name": "220024", "dott_bicycle_capacity": 12.0, "dott_scooter_capacity": 12.0, "dott_total_capacity": 24.0 }, "geometry": { "type": "Point", "coordinates": [ -2.48105, 51.46018 ] } },
{ "type": "Feature", "properties": { "name": "300836", "dott_bicycle_capacity": 13.0, "dott_scooter_capacity": 13.0, "dott_total_capacity": 26.0 }, "geometry": { "type": "Point", "coordinates": [ -2.5798102, 51.4696976 ] } },
{ "type": "Feature", "properties": { "name": "210031", "dott_bicycle_capacity": 8.0, "dott_scooter_capacity": 8.0, "dott_total_capacity": 16.0 }, "geometry": { "type": "Point", "coordinates": [ -2.4917323, 51.495386 ] } },
{ "type": "Feature", "properties": { "name": "220144", "dott_bicycle_capacity": 10.0, "dott_scooter_capacity": 10.0, "dott_total_capacity": 20.0 }, "geometry": { "type": "Point", "coordinates": [ -2.4069803, 51.5428678 ] } },
{ "type": "Feature", "properties": { "name": "200203", "dott_bicycle_capacity": 8.0, "dott_scooter_capacity": 8.0, "dott_total_capacity": 16.0 }, "geometry": { "type": "Point", "coordinates": [ -2.576668, 51.506508 ] } },
{ "type": "Feature", "properties": { "name": "300034", "dott_bicycle_capacity": 6.0, "dott_scooter_capacity": 6.0, "dott_total_capacity": 12.0 }, "geometry": { "type": "Point", "coordinates": [ -2.5279811, 51.4534331 ] } },
{ "type": "Feature", "properties": { "name": "200154", "dott_bicycle_capacity": 8.0, "dott_scooter_capacity": 8.0, "dott_total_capacity": 16.0 }, "geometry": { "type": "Point", "coordinates": [ -2.521369, 51.4491116 ] } },
{ "type": "Feature", "properties": { "name": "220087", "dott_bicycle_capacity": 8.0, "dott_scooter_capacity": 8.0, "dott_total_capacity": 16.0 }, "geometry": { "type": "Point", "coordinates": [ -2.467344, 51.527727 ] } },
{ "type": "Feature", "properties": { "name": "300208", "dott_bicycle_capacity": 0.0, "dott_scooter_capacity": 0.0, "dott_total_capacity": 0.0 }, "geometry": { "type": "Point", "coordinates": [ -2.6167109, 51.4831858 ] } },
{ "type": "Feature", "properties": { "name": "200247", "dott_bicycle_capacity": 10.0, "dott_scooter_capacity": 10.0, "dott_total_capacity": 20.0 }, "geometry": { "type": "Point", "coordinates": [ -2.5722933, 51.5158157 ] } },
{ "type": "Feature", "properties": { "name": "200153", "dott_bicycle_capacity": 6.0, "dott_scooter_capacity": 6.0, "dott_total_capacity": 12.0 }, "geometry": { "type": "Point", "coordinates": [ -2.577024, 51.506111 ] } },
{ "type": "Feature", "properties": { "name": "300038", "dott_bicycle_capacity": 12.0, "dott_scooter_capacity": 12.0, "dott_total_capacity": 24.0 }, "geometry": { "type": "Point", "coordinates": [ -2.5810134, 51.4659947 ] } },
{ "type": "Feature", "properties": { "name": "300292", "dott_bicycle_capacity": 12.0, "dott_scooter_capacity": 12.0, "dott_total_capacity": 24.0 }, "geometry": { "type": "Point", "coordinates": [ -2.585304, 51.448802 ] } },
{ "type": "Feature", "properties": { "name": "310427", "dott_bicycle_capacity": 10.0, "dott_scooter_capacity": 10.0, "dott_total_capacity": 20.0 }, "geometry": { "type": "Point", "coordinates": [ -2.623364, 51.421403 ] } },
{ "type": "Feature", "properties": { "name": "320074", "dott_bicycle_capacity": 11.0, "dott_scooter_capacity": 11.0, "dott_total_capacity": 22.0 }, "geometry": { "type": "Point", "coordinates": [ -2.56216, 51.453891 ] } },
{ "type": "Feature", "properties": { "name": "310336", "dott_bicycle_capacity": null, "dott_scooter_capacity": 5.0, "dott_total_capacity": 5.0 }, "geometry": { "type": "Point", "coordinates": [ -2.552457, 51.428574 ] } },
{ "type": "Feature", "properties": { "name": "300521", "dott_bicycle_capacity": 15.0, "dott_scooter_capacity": 15.0, "dott_total_capacity": 30.0 }, "geometry": { "type": "Point", "coordinates": [ -2.5950529, 51.4574867 ] } },
{ "type": "Feature", "properties": { "name": "300832", "dott_bicycle_capacity": 9.0, "dott_scooter_capacity": 9.0, "dott_total_capacity": 18.0 }, "geometry": { "type": "Point", "coordinates": [ -2.5294831, 51.4787601 ] } },
{ "type": "Feature", "properties": { "name": "310320", "dott_bicycle_capacity": 16.0, "dott_scooter_capacity": 16.0, "dott_total_capacity": 32.0 }, "geometry": { "type": "Point", "coordinates": [ -2.568983, 51.404857 ] } },
{ "type": "Feature", "properties": { "name": "210016", "dott_bicycle_capacity": 8.0, "dott_scooter_capacity": 8.0, "dott_total_capacity": 16.0 }, "geometry": { "type": "Point", "coordinates": [ -2.5031371, 51.499255 ] } },
{ "type": "Feature", "properties": { "name": "300711", "dott_bicycle_capacity": 9.0, "dott_scooter_capacity": 9.0, "dott_total_capacity": 18.0 }, "geometry": { "type": "Point", "coordinates": [ -2.6108009, 51.479728 ] } },
{ "type": "Feature", "properties": { "name": "210051", "dott_bicycle_capacity": 10.0, "dott_scooter_capacity": 10.0, "dott_total_capacity": 20.0 }, "geometry": { "type": "Point", "coordinates": [ -2.5032796, 51.4530325 ] } },
{ "type": "Feature", "properties": { "name": "310082", "dott_bicycle_capacity": 6.0, "dott_scooter_capacity": 6.0, "dott_total_capacity": 12.0 }, "geometry": { "type": "Point", "coordinates": [ -2.619759, 51.511155 ] } },
{ "type": "Feature", "properties": { "name": "300143", "dott_bicycle_capacity": 11.0, "dott_scooter_capacity": 11.0, "dott_total_capacity": 22.0 }, "geometry": { "type": "Point", "coordinates": [ -2.6083074, 51.471907 ] } },
{ "type": "Feature", "properties": { "name": "300422", "dott_bicycle_capacity": 6.0, "dott_scooter_capacity": 6.0, "dott_total_capacity": 12.0 }, "geometry": { "type": "Point", "coordinates": [ -2.5604908, 51.4581665 ] } },
{ "type": "Feature", "properties": { "name": "300771", "dott_bicycle_capacity": 6.0, "dott_scooter_capacity": 6.0, "dott_total_capacity": 12.0 }, "geometry": { "type": "Point", "coordinates": [ -2.6221392, 51.4068139 ] } },
{ "type": "Feature", "properties": { "name": "310209", "dott_bicycle_capacity": 8.0, "dott_scooter_capacity": 8.0, "dott_total_capacity": 16.0 }, "geometry": { "type": "Point", "coordinates": [ -2.5759069, 51.4630217 ] } },
{ "type": "Feature", "properties": { "name": "220111", "dott_bicycle_capacity": 6.0, "dott_scooter_capacity": 6.0, "dott_total_capacity": 12.0 }, "geometry": { "type": "Point", "coordinates": [ -2.41732, 51.525641 ] } },
{ "type": "Feature", "properties": { "name": "300248", "dott_bicycle_capacity": 8.0, "dott_scooter_capacity": 8.0, "dott_total_capacity": 16.0 }, "geometry": { "type": "Point", "coordinates": [ -2.5536196, 51.4628554 ] } },
{ "type": "Feature", "properties": { "name": "300178", "dott_bicycle_capacity": 9.0, "dott_scooter_capacity": 9.0, "dott_total_capacity": 18.0 }, "geometry": { "type": "Point", "coordinates": [ -2.6164203, 51.4983161 ] } },
{ "type": "Feature", "properties": { "name": "300383", "dott_bicycle_capacity": 7.0, "dott_scooter_capacity": 7.0, "dott_total_capacity": 14.0 }, "geometry": { "type": "Point", "coordinates": [ -2.551729, 51.439439 ] } },
{ "type": "Feature", "properties": { "name": "300739", "dott_bicycle_capacity": 6.0, "dott_scooter_capacity": 6.0, "dott_total_capacity": 12.0 }, "geometry": { "type": "Point", "coordinates": [ -2.5189507, 51.4835969 ] } },
{ "type": "Feature", "properties": { "name": "300536", "dott_bicycle_capacity": 10.0, "dott_scooter_capacity": 10.0, "dott_total_capacity": 20.0 }, "geometry": { "type": "Point", "coordinates": [ -2.5578852, 51.4618131 ] } },
{ "type": "Feature", "properties": { "name": "210080", "dott_bicycle_capacity": null, "dott_scooter_capacity": 6.0, "dott_total_capacity": 6.0 }, "geometry": { "type": "Point", "coordinates": [ -2.5601907, 51.5344786 ] } },
{ "type": "Feature", "properties": { "name": "300352", "dott_bicycle_capacity": 9.0, "dott_scooter_capacity": 9.0, "dott_total_capacity": 18.0 }, "geometry": { "type": "Point", "coordinates": [ -2.5734003, 51.4611324 ] } },
{ "type": "Feature", "properties": { "name": "100018", "dott_bicycle_capacity": 20.0, "dott_scooter_capacity": 20.0, "dott_total_capacity": 40.0 }, "geometry": { "type": "Point", "coordinates": [ -2.4020627, 51.3885217 ] } },
{ "type": "Feature", "properties": { "name": "100247", "dott_bicycle_capacity": 0.0, "dott_scooter_capacity": 0.0, "dott_total_capacity": 0.0 }, "geometry": { "type": "Point", "coordinates": [ -2.36354, 51.39671 ] } },
{ "type": "Feature", "properties": { "name": "100071", "dott_bicycle_capacity": null, "dott_scooter_capacity": 4.0, "dott_total_capacity": 4.0 }, "geometry": { "type": "Point", "coordinates": [ -2.3957724, 51.385078 ] } },
{ "type": "Feature", "properties": { "name": "100135", "dott_bicycle_capacity": null, "dott_scooter_capacity": 5.0, "dott_total_capacity": 5.0 }, "geometry": { "type": "Point", "coordinates": [ -2.3170769, 51.4074304 ] } },
{ "type": "Feature", "properties": { "name": "100104", "dott_bicycle_capacity": null, "dott_scooter_capacity": 10.0, "dott_total_capacity": 10.0 }, "geometry": { "type": "Point", "coordinates": [ -2.3340015, 51.3917916 ] } },
{ "type": "Feature", "properties": { "name": "110058", "dott_bicycle_capacity": 8.0, "dott_scooter_capacity": 8.0, "dott_total_capacity": 16.0 }, "geometry": { "type": "Point", "coordinates": [ -2.353821, 51.360449 ] } },
{ "type": "Feature", "properties": { "name": "100008", "dott_bicycle_capacity": 6.0, "dott_scooter_capacity": 6.0, "dott_total_capacity": 12.0 }, "geometry": { "type": "Point", "coordinates": [ -2.3882936, 51.3928736 ] } },
{ "type": "Feature", "properties": { "name": "100228", "dott_bicycle_capacity": 10.0, "dott_scooter_capacity": 10.0, "dott_total_capacity": 20.0 }, "geometry": { "type": "Point", "coordinates": [ -2.357712, 51.380804 ] } },
{ "type": "Feature", "properties": { "name": "100143", "dott_bicycle_capacity": null, "dott_scooter_capacity": 5.0, "dott_total_capacity": 5.0 }, "geometry": { "type": "Point", "coordinates": [ -2.3772472, 51.3779814 ] } },
{ "type": "Feature", "properties": { "name": "100103", "dott_bicycle_capacity": null, "dott_scooter_capacity": 15.0, "dott_total_capacity": 15.0 }, "geometry": { "type": "Point", "coordinates": [ -2.3393792, 51.3906467 ] } },
{ "type": "Feature", "properties": { "name": "100057", "dott_bicycle_capacity": 15.0, "dott_scooter_capacity": 15.0, "dott_total_capacity": 30.0 }, "geometry": { "type": "Point", "coordinates": [ -2.3763002, 51.3835631 ] } },
{ "type": "Feature", "properties": { "name": "100083", "dott_bicycle_capacity": 8.0, "dott_scooter_capacity": 8.0, "dott_total_capacity": 16.0 }, "geometry": { "type": "Point", "coordinates": [ -2.3936264, 51.4013184 ] } },
{ "type": "Feature", "properties": { "name": "100176", "dott_bicycle_capacity": null, "dott_scooter_capacity": 8.0, "dott_total_capacity": 8.0 }, "geometry": { "type": "Point", "coordinates": [ -2.393238, 51.3951968 ] } },
{ "type": "Feature", "properties": { "name": "100025", "dott_bicycle_capacity": 6.0, "dott_scooter_capacity": 6.0, "dott_total_capacity": 12.0 }, "geometry": { "type": "Point", "coordinates": [ -2.3625653, 51.3814006 ] } },
{ "type": "Feature", "properties": { "name": "110049", "dott_bicycle_capacity": 20.0, "dott_scooter_capacity": 20.0, "dott_total_capacity": 40.0 }, "geometry": { "type": "Point", "coordinates": [ -2.383586295, 51.35314152 ] } },
{ "type": "Feature", "properties": { "name": "100157", "dott_bicycle_capacity": null, "dott_scooter_capacity": 6.0, "dott_total_capacity": 6.0 }, "geometry": { "type": "Point", "coordinates": [ -2.3718359, 51.3706165 ] } },
{ "type": "Feature", "properties": { "name": "110033", "dott_bicycle_capacity": 12.0, "dott_scooter_capacity": 12.0, "dott_total_capacity": 24.0 }, "geometry": { "type": "Point", "coordinates": [ -2.3951277, 51.3701905 ] } },
{ "type": "Feature", "properties": { "name": "100033", "dott_bicycle_capacity": 8.0, "dott_scooter_capacity": 8.0, "dott_total_capacity": 16.0 }, "geometry": { "type": "Point", "coordinates": [ -2.355838, 51.376679 ] } },
{ "type": "Feature", "properties": { "name": "100202", "dott_bicycle_capacity": 20.0, "dott_scooter_capacity": 20.0, "dott_total_capacity": 40.0 }, "geometry": { "type": "Point", "coordinates": [ -2.3228885, 51.379794 ] } },
{ "type": "Feature", "properties": { "name": "100179", "dott_bicycle_capacity": null, "dott_scooter_capacity": 10.0, "dott_total_capacity": 10.0 }, "geometry": { "type": "Point", "coordinates": [ -2.374686, 51.3705443 ] } },
{ "type": "Feature", "properties": { "name": "100151", "dott_bicycle_capacity": null, "dott_scooter_capacity": 4.0, "dott_total_capacity": 4.0 }, "geometry": { "type": "Point", "coordinates": [ -2.3829529, 51.369498 ] } },
{ "type": "Feature", "properties": { "name": "100100", "dott_bicycle_capacity": 10.0, "dott_scooter_capacity": 10.0, "dott_total_capacity": 20.0 }, "geometry": { "type": "Point", "coordinates": [ -2.3701585, 51.3669719 ] } },
{ "type": "Feature", "properties": { "name": "100174", "dott_bicycle_capacity": null, "dott_scooter_capacity": 4.0, "dott_total_capacity": 4.0 }, "geometry": { "type": "Point", "coordinates": [ -2.3787778, 51.3873917 ] } },
{ "type": "Feature", "properties": { "name": "100195", "dott_bicycle_capacity": null, "dott_scooter_capacity": 0.0, "dott_total_capacity": 0.0 }, "geometry": { "type": "Point", "coordinates": [ -2.3470998, 51.4017345 ] } },
{ "type": "Feature", "properties": { "name": "100142", "dott_bicycle_capacity": null, "dott_scooter_capacity": 10.0, "dott_total_capacity": 10.0 }, "geometry": { "type": "Point", "coordinates": [ -2.3787317, 51.3678113 ] } },
{ "type": "Feature", "properties": { "name": "100146", "dott_bicycle_capacity": null, "dott_scooter_capacity": 10.0, "dott_total_capacity": 10.0 }, "geometry": { "type": "Point", "coordinates": [ -2.3994811, 51.3894428 ] } },
{ "type": "Feature", "properties": { "name": "110053", "dott_bicycle_capacity": 12.0, "dott_scooter_capacity": 12.0, "dott_total_capacity": 24.0 }, "geometry": { "type": "Point", "coordinates": [ -2.368503039, 51.35691462 ] } },
{ "type": "Feature", "properties": { "name": "100049", "dott_bicycle_capacity": 8.0, "dott_scooter_capacity": 8.0, "dott_total_capacity": 16.0 }, "geometry": { "type": "Point", "coordinates": [ -2.3687328, 51.3782847 ] } },
{ "type": "Feature", "properties": { "name": "100150", "dott_bicycle_capacity": null, "dott_scooter_capacity": 10.0, "dott_total_capacity": 10.0 }, "geometry": { "type": "Point", "coordinates": [ -2.3775928, 51.3676136 ] } },
{ "type": "Feature", "properties": { "name": "100205", "dott_bicycle_capacity": 10.0, "dott_scooter_capacity": 10.0, "dott_total_capacity": 20.0 }, "geometry": { "type": "Point", "coordinates": [ -2.3683314, 51.3927138 ] } },
{ "type": "Feature", "properties": { "name": "100009", "dott_bicycle_capacity": 10.0, "dott_scooter_capacity": 10.0, "dott_total_capacity": 20.0 }, "geometry": { "type": "Point", "coordinates": [ -2.3512902, 51.3798912 ] } },
{ "type": "Feature", "properties": { "name": "100219", "dott_bicycle_capacity": null, "dott_scooter_capacity": 4.0, "dott_total_capacity": 4.0 }, "geometry": { "type": "Point", "coordinates": [ -2.329342, 51.401692 ] } },
{ "type": "Feature", "properties": { "name": "100005", "dott_bicycle_capacity": 8.0, "dott_scooter_capacity": 8.0, "dott_total_capacity": 16.0 }, "geometry": { "type": "Point", "coordinates": [ -2.3736745, 51.3729252 ] } },
{ "type": "Feature", "properties": { "name": "110038", "dott_bicycle_capacity": 16.0, "dott_scooter_capacity": 16.0, "dott_total_capacity": 32.0 }, "geometry": { "type": "Point", "coordinates": [ -2.380441417, 51.35831957 ] } },
{ "type": "Feature", "properties": { "name": "100015", "dott_bicycle_capacity": 10.0, "dott_scooter_capacity": 10.0, "dott_total_capacity": 20.0 }, "geometry": { "type": "Point", "coordinates": [ -2.3166479, 51.4050525 ] } },
{ "type": "Feature", "properties": { "name": "110039", "dott_bicycle_capacity": 14.0, "dott_scooter_capacity": 14.0, "dott_total_capacity": 28.0 }, "geometry": { "type": "Point", "coordinates": [ -2.3828911, 51.3557289 ] } },
{ "type": "Feature", "properties": { "name": "100191", "dott_bicycle_capacity": 10.0, "dott_scooter_capacity": 10.0, "dott_total_capacity": 20.0 }, "geometry": { "type": "Point", "coordinates": [ -2.3490518, 51.3876709 ] } },
{ "type": "Feature", "properties": { "name": "100007", "dott_bicycle_capacity": 12.0, "dott_scooter_capacity": 12.0, "dott_total_capacity": 24.0 }, "geometry": { "type": "Point", "coordinates": [ -2.3563717, 51.3765511 ] } },
{ "type": "Feature", "properties": { "name": "100154", "dott_bicycle_capacity": null, "dott_scooter_capacity": 5.0, "dott_total_capacity": 5.0 }, "geometry": { "type": "Point", "coordinates": [ -2.3808721, 51.3702676 ] } },
{ "type": "Feature", "properties": { "name": "110034", "dott_bicycle_capacity": 20.0, "dott_scooter_capacity": 20.0, "dott_total_capacity": 40.0 }, "geometry": { "type": "Point", "coordinates": [ -2.3940971, 51.3657988 ] } },
{ "type": "Feature", "properties": { "name": "100112", "dott_bicycle_capacity": null, "dott_scooter_capacity": 5.0, "dott_total_capacity": 5.0 }, "geometry": { "type": "Point", "coordinates": [ -2.3727637, 51.3773679 ] } },
{ "type": "Feature", "properties": { "name": "100256", "dott_bicycle_capacity": 8.0, "dott_scooter_capacity": 8.0, "dott_total_capacity": 16.0 }, "geometry": { "type": "Point", "coordinates": [ -2.3936966, 51.3905447 ] } },
{ "type": "Feature", "properties": { "name": "100238", "dott_bicycle_capacity": 8.0, "dott_scooter_capacity": 8.0, "dott_total_capacity": 16.0 }, "geometry": { "type": "Point", "coordinates": [ -2.366124, 51.383896 ] } },
{ "type": "Feature", "properties": { "name": "110056", "dott_bicycle_capacity": 10.0, "dott_scooter_capacity": 10.0, "dott_total_capacity": 20.0 }, "geometry": { "type": "Point", "coordinates": [ -2.360000716, 51.35896991 ] } },
{ "type": "Feature", "properties": { "name": "100190", "dott_bicycle_capacity": 20.0, "dott_scooter_capacity": 20.0, "dott_total_capacity": 40.0 }, "geometry": { "type": "Point", "coordinates": [ -2.3896752, 51.3914795 ] } },
{ "type": "Feature", "properties": { "name": "100090", "dott_bicycle_capacity": 6.0, "dott_scooter_capacity": 6.0, "dott_total_capacity": 12.0 }, "geometry": { "type": "Point", "coordinates": [ -2.354266, 51.3912227 ] } },
{ "type": "Feature", "properties": { "name": "100120", "dott_bicycle_capacity": null, "dott_scooter_capacity": 8.0, "dott_total_capacity": 8.0 }, "geometry": { "type": "Point", "coordinates": [ -2.3961256, 51.3981848 ] } },
{ "type": "Feature", "properties": { "name": "100074", "dott_bicycle_capacity": 8.0, "dott_scooter_capacity": 8.0, "dott_total_capacity": 16.0 }, "geometry": { "type": "Point", "coordinates": [ -2.3784845, 51.3892644 ] } },
{ "type": "Feature", "properties": { "name": "100129", "dott_bicycle_capacity": null, "dott_scooter_capacity": 4.0, "dott_total_capacity": 4.0 }, "geometry": { "type": "Point", "coordinates": [ -2.3456688, 51.3974918 ] } },
{ "type": "Feature", "properties": { "name": "100081", "dott_bicycle_capacity": 8.0, "dott_scooter_capacity": 8.0, "dott_total_capacity": 16.0 }, "geometry": { "type": "Point", "coordinates": [ -2.39914, 51.4021451 ] } },
{ "type": "Feature", "properties": { "name": "100070", "dott_bicycle_capacity": 6.0, "dott_scooter_capacity": 6.0, "dott_total_capacity": 12.0 }, "geometry": { "type": "Point", "coordinates": [ -2.3883763, 51.3827437 ] } },
{ "type": "Feature", "properties": { "name": "100111", "dott_bicycle_capacity": null, "dott_scooter_capacity": 4.0, "dott_total_capacity": 4.0 }, "geometry": { "type": "Point", "coordinates": [ -2.388699, 51.391891 ] } },
{ "type": "Feature", "properties": { "name": "100243", "dott_bicycle_capacity": null, "dott_scooter_capacity": 5.0, "dott_total_capacity": 5.0 }, "geometry": { "type": "Point", "coordinates": [ -2.32413, 51.39382 ] } },
{ "type": "Feature", "properties": { "name": "110044", "dott_bicycle_capacity": 12.0, "dott_scooter_capacity": 12.0, "dott_total_capacity": 24.0 }, "geometry": { "type": "Point", "coordinates": [ -2.3726837, 51.3599889 ] } },
{ "type": "Feature", "properties": { "name": "100125", "dott_bicycle_capacity": null, "dott_scooter_capacity": 5.0, "dott_total_capacity": 5.0 }, "geometry": { "type": "Point", "coordinates": [ -2.3717151, 51.4027447 ] } },
{ "type": "Feature", "properties": { "name": "100175", "dott_bicycle_capacity": null, "dott_scooter_capacity": 8.0, "dott_total_capacity": 8.0 }, "geometry": { "type": "Point", "coordinates": [ -2.3955756, 51.3998906 ] } },
{ "type": "Feature", "properties": { "name": "100199", "dott_bicycle_capacity": 15.0, "dott_scooter_capacity": 15.0, "dott_total_capacity": 30.0 }, "geometry": { "type": "Point", "coordinates": [ -2.3301755, 51.3808205 ] } },
{ "type": "Feature", "properties": { "name": "100216", "dott_bicycle_capacity": 15.0, "dott_scooter_capacity": 15.0, "dott_total_capacity": 30.0 }, "geometry": { "type": "Point", "coordinates": [ -2.362255, 51.379014 ] } },
{ "type": "Feature", "properties": { "name": "100014", "dott_bicycle_capacity": 9.0, "dott_scooter_capacity": 9.0, "dott_total_capacity": 18.0 }, "geometry": { "type": "Point", "coordinates": [ -2.3540894, 51.3968029 ] } },
{ "type": "Feature", "properties": { "name": "100229", "dott_bicycle_capacity": 0.0, "dott_scooter_capacity": 0.0, "dott_total_capacity": 0.0 }, "geometry": { "type": "Point", "coordinates": [ -2.361032, 51.383072 ] } },
{ "type": "Feature", "properties": { "name": "100165", "dott_bicycle_capacity": null, "dott_scooter_capacity": 5.0, "dott_total_capacity": 5.0 }, "geometry": { "type": "Point", "coordinates": [ -2.3660393, 51.3711903 ] } },
{ "type": "Feature", "properties": { "name": "100027", "dott_bicycle_capacity": 10.0, "dott_scooter_capacity": 10.0, "dott_total_capacity": 20.0 }, "geometry": { "type": "Point", "coordinates": [ -2.3616867, 51.3850327 ] } },
{ "type": "Feature", "properties": { "name": "100140", "dott_bicycle_capacity": null, "dott_scooter_capacity": 8.0, "dott_total_capacity": 8.0 }, "geometry": { "type": "Point", "coordinates": [ -2.377599, 51.376796 ] } },
{ "type": "Feature", "properties": { "name": "100119", "dott_bicycle_capacity": null, "dott_scooter_capacity": 8.0, "dott_total_capacity": 8.0 }, "geometry": { "type": "Point", "coordinates": [ -2.3877589, 51.394538 ] } },
{ "type": "Feature", "properties": { "name": "100040", "dott_bicycle_capacity": 8.0, "dott_scooter_capacity": 8.0, "dott_total_capacity": 16.0 }, "geometry": { "type": "Point", "coordinates": [ -2.3514057, 51.3819899 ] } },
{ "type": "Feature", "properties": { "name": "100002", "dott_bicycle_capacity": 6.0, "dott_scooter_capacity": 6.0, "dott_total_capacity": 12.0 }, "geometry": { "type": "Point", "coordinates": [ -2.377385, 51.37665 ] } },
{ "type": "Feature", "properties": { "name": "100006", "dott_bicycle_capacity": 6.0, "dott_scooter_capacity": 6.0, "dott_total_capacity": 12.0 }, "geometry": { "type": "Point", "coordinates": [ -2.3661234, 51.3683764 ] } },
{ "type": "Feature", "properties": { "name": "100161", "dott_bicycle_capacity": null, "dott_scooter_capacity": 3.0, "dott_total_capacity": 3.0 }, "geometry": { "type": "Point", "coordinates": [ -2.3508719, 51.375778 ] } },
{ "type": "Feature", "properties": { "name": "100092", "dott_bicycle_capacity": null, "dott_scooter_capacity": 5.0, "dott_total_capacity": 5.0 }, "geometry": { "type": "Point", "coordinates": [ -2.3661648, 51.3959198 ] } },
{ "type": "Feature", "properties": { "name": "100114", "dott_bicycle_capacity": 6.0, "dott_scooter_capacity": 6.0, "dott_total_capacity": 12.0 }, "geometry": { "type": "Point", "coordinates": [ -2.3736739, 51.3821532 ] } },
{ "type": "Feature", "properties": { "name": "100017", "dott_bicycle_capacity": 10.0, "dott_scooter_capacity": 10.0, "dott_total_capacity": 20.0 }, "geometry": { "type": "Point", "coordinates": [ -2.4020892, 51.3911515 ] } },
{ "type": "Feature", "properties": { "name": "100109", "dott_bicycle_capacity": 6.0, "dott_scooter_capacity": 6.0, "dott_total_capacity": 12.0 }, "geometry": { "type": "Point", "coordinates": [ -2.3630251, 51.3839205 ] } },
{ "type": "Feature", "properties": { "name": "100166", "dott_bicycle_capacity": null, "dott_scooter_capacity": 4.0, "dott_total_capacity": 4.0 }, "geometry": { "type": "Point", "coordinates": [ -2.3455937, 51.3808468 ] } },
{ "type": "Feature", "properties": { "name": "100160", "dott_bicycle_capacity": null, "dott_scooter_capacity": 4.0, "dott_total_capacity": 4.0 }, "geometry": { "type": "Point", "coordinates": [ -2.3494537, 51.3753125 ] } },
{ "type": "Feature", "properties": { "name": "100056", "dott_bicycle_capacity": 8.0, "dott_scooter_capacity": 8.0, "dott_total_capacity": 16.0 }, "geometry": { "type": "Point", "coordinates": [ -2.3767806, 51.3827281 ] } },
{ "type": "Feature", "properties": { "name": "100210", "dott_bicycle_capacity": null, "dott_scooter_capacity": 5.0, "dott_total_capacity": 5.0 }, "geometry": { "type": "Point", "coordinates": [ -2.351644, 51.386632 ] } },
{ "type": "Feature", "properties": { "name": "100204", "dott_bicycle_capacity": 20.0, "dott_scooter_capacity": 20.0, "dott_total_capacity": 40.0 }, "geometry": { "type": "Point", "coordinates": [ -2.327565, 51.378666 ] } },
{ "type": "Feature", "properties": { "name": "100042", "dott_bicycle_capacity": 8.0, "dott_scooter_capacity": 8.0, "dott_total_capacity": 16.0 }, "geometry": { "type": "Point", "coordinates": [ -2.3516705, 51.3842217 ] } },
{ "type": "Feature", "properties": { "name": "100061", "dott_bicycle_capacity": null, "dott_scooter_capacity": 8.0, "dott_total_capacity": 8.0 }, "geometry": { "type": "Point", "coordinates": [ -2.3664799, 51.3809726 ] } },
{ "type": "Feature", "properties": { "name": "100060", "dott_bicycle_capacity": 10.0, "dott_scooter_capacity": 10.0, "dott_total_capacity": 20.0 }, "geometry": { "type": "Point", "coordinates": [ -2.3740083, 51.3822285 ] } },
{ "type": "Feature", "properties": { "name": "100094", "dott_bicycle_capacity": null, "dott_scooter_capacity": 10.0, "dott_total_capacity": 10.0 }, "geometry": { "type": "Point", "coordinates": [ -2.359053, 51.382591 ] } },
{ "type": "Feature", "properties": { "name": "100155", "dott_bicycle_capacity": null, "dott_scooter_capacity": 6.0, "dott_total_capacity": 6.0 }, "geometry": { "type": "Point", "coordinates": [ -2.3724099, 51.3681198 ] } },
{ "type": "Feature", "properties": { "name": "100072", "dott_bicycle_capacity": 8.0, "dott_scooter_capacity": 8.0, "dott_total_capacity": 16.0 }, "geometry": { "type": "Point", "coordinates": [ -2.3889585, 51.3861422 ] } },
{ "type": "Feature", "properties": { "name": "100246", "dott_bicycle_capacity": 15.0, "dott_scooter_capacity": 15.0, "dott_total_capacity": 30.0 }, "geometry": { "type": "Point", "coordinates": [ -2.36381, 51.38907 ] } },
{ "type": "Feature", "properties": { "name": "110026", "dott_bicycle_capacity": 8.0, "dott_scooter_capacity": 8.0, "dott_total_capacity": 16.0 }, "geometry": { "type": "Point", "coordinates": [ -2.396549489, 51.37180419 ] } },
{ "type": "Feature", "properties": { "name": "100063", "dott_bicycle_capacity": 10.0, "dott_scooter_capacity": 10.0, "dott_total_capacity": 20.0 }, "geometry": { "type": "Point", "coordinates": [ -2.3661957, 51.3813659 ] } },
{ "type": "Feature", "properties": { "name": "100241", "dott_bicycle_capacity": 30.0, "dott_scooter_capacity": 30.0, "dott_total_capacity": 60.0 }, "geometry": { "type": "Point", "coordinates": [ -2.35779, 51.38183 ] } },
{ "type": "Feature", "properties": { "name": "110054", "dott_bicycle_capacity": 14.0, "dott_scooter_capacity": 14.0, "dott_total_capacity": 28.0 }, "geometry": { "type": "Point", "coordinates": [ -2.367904866, 51.35692265 ] } },
{ "type": "Feature", "properties": { "name": "100251", "dott_bicycle_capacity": 0.0, "dott_scooter_capacity": 0.0, "dott_total_capacity": 0.0 }, "geometry": { "type": "Point", "coordinates": [ -2.3612998, 51.3986401 ] } },
{ "type": "Feature", "properties": { "name": "100253", "dott_bicycle_capacity": 10.0, "dott_scooter_capacity": 10.0, "dott_total_capacity": 20.0 }, "geometry": { "type": "Point", "coordinates": [ -2.3588026, 51.3993513 ] } },
{ "type": "Feature", "properties": { "name": "100032", "dott_bicycle_capacity": 4.0, "dott_scooter_capacity": 4.0, "dott_total_capacity": 8.0 }, "geometry": { "type": "Point", "coordinates": [ -2.388753, 51.391716 ] } },
{ "type": "Feature", "properties": { "name": "100003", "dott_bicycle_capacity": 8.0, "dott_scooter_capacity": 8.0, "dott_total_capacity": 16.0 }, "geometry": { "type": "Point", "coordinates": [ -2.370635, 51.385917 ] } },
{ "type": "Feature", "properties": { "name": "100152", "dott_bicycle_capacity": null, "dott_scooter_capacity": 15.0, "dott_total_capacity": 15.0 }, "geometry": { "type": "Point", "coordinates": [ -2.3762423, 51.3737888 ] } },
{ "type": "Feature", "properties": { "name": "100145", "dott_bicycle_capacity": null, "dott_scooter_capacity": 5.0, "dott_total_capacity": 5.0 }, "geometry": { "type": "Point", "coordinates": [ -2.3614977, 51.3876094 ] } },
{ "type": "Feature", "properties": { "name": "100208", "dott_bicycle_capacity": 8.0, "dott_scooter_capacity": 8.0, "dott_total_capacity": 16.0 }, "geometry": { "type": "Point", "coordinates": [ -2.378873, 51.381896 ] } },
{ "type": "Feature", "properties": { "name": "100047", "dott_bicycle_capacity": null, "dott_scooter_capacity": 6.0, "dott_total_capacity": 6.0 }, "geometry": { "type": "Point", "coordinates": [ -2.3812596, 51.3791454 ] } },
{ "type": "Feature", "properties": { "name": "100019", "dott_bicycle_capacity": 8.0, "dott_scooter_capacity": 8.0, "dott_total_capacity": 16.0 }, "geometry": { "type": "Point", "coordinates": [ -2.324898, 51.3918987 ] } },
{ "type": "Feature", "properties": { "name": "100144", "dott_bicycle_capacity": null, "dott_scooter_capacity": 10.0, "dott_total_capacity": 10.0 }, "geometry": { "type": "Point", "coordinates": [ -2.3727757, 51.3679269 ] } },
{ "type": "Feature", "properties": { "name": "100139", "dott_bicycle_capacity": 12.0, "dott_scooter_capacity": 12.0, "dott_total_capacity": 24.0 }, "geometry": { "type": "Point", "coordinates": [ -2.3685893, 51.3743653 ] } },
{ "type": "Feature", "properties": { "name": "110037", "dott_bicycle_capacity": 12.0, "dott_scooter_capacity": 12.0, "dott_total_capacity": 24.0 }, "geometry": { "type": "Point", "coordinates": [ -2.3788995, 51.360172 ] } },
{ "type": "Feature", "properties": { "name": "100121", "dott_bicycle_capacity": null, "dott_scooter_capacity": 8.0, "dott_total_capacity": 8.0 }, "geometry": { "type": "Point", "coordinates": [ -2.3927165, 51.3955878 ] } },
{ "type": "Feature", "properties": { "name": "100217", "dott_bicycle_capacity": 5.0, "dott_scooter_capacity": 5.0, "dott_total_capacity": 10.0 }, "geometry": { "type": "Point", "coordinates": [ -2.340523, 51.396731 ] } },
{ "type": "Feature", "properties": { "name": "100215", "dott_bicycle_capacity": 12.0, "dott_scooter_capacity": 12.0, "dott_total_capacity": 24.0 }, "geometry": { "type": "Point", "coordinates": [ -2.37115, 51.379807 ] } },
{ "type": "Feature", "properties": { "name": "100248", "dott_bicycle_capacity": 10.0, "dott_scooter_capacity": 10.0, "dott_total_capacity": 20.0 }, "geometry": { "type": "Point", "coordinates": [ -2.362817, 51.386435 ] } },
{ "type": "Feature", "properties": { "name": "100084", "dott_bicycle_capacity": 8.0, "dott_scooter_capacity": 8.0, "dott_total_capacity": 16.0 }, "geometry": { "type": "Point", "coordinates": [ -2.3903693, 51.3998006 ] } },
{ "type": "Feature", "properties": { "name": "100037", "dott_bicycle_capacity": 10.0, "dott_scooter_capacity": 10.0, "dott_total_capacity": 20.0 }, "geometry": { "type": "Point", "coordinates": [ -2.3769366, 51.3852943 ] } },
{ "type": "Feature", "properties": { "name": "100038", "dott_bicycle_capacity": 8.0, "dott_scooter_capacity": 8.0, "dott_total_capacity": 16.0 }, "geometry": { "type": "Point", "coordinates": [ -2.3469378, 51.3822297 ] } },
{ "type": "Feature", "properties": { "name": "100162", "dott_bicycle_capacity": null, "dott_scooter_capacity": 8.0, "dott_total_capacity": 8.0 }, "geometry": { "type": "Point", "coordinates": [ -2.35296, 51.376473 ] } },
{ "type": "Feature", "properties": { "name": "100149", "dott_bicycle_capacity": 10.0, "dott_scooter_capacity": 10.0, "dott_total_capacity": 20.0 }, "geometry": { "type": "Point", "coordinates": [ -2.3685394, 51.376177 ] } },
{ "type": "Feature", "properties": { "name": "110052", "dott_bicycle_capacity": 12.0, "dott_scooter_capacity": 12.0, "dott_total_capacity": 24.0 }, "geometry": { "type": "Point", "coordinates": [ -2.37218134, 51.35710078 ] } },
{ "type": "Feature", "properties": { "name": "100224", "dott_bicycle_capacity": 8.0, "dott_scooter_capacity": 8.0, "dott_total_capacity": 16.0 }, "geometry": { "type": "Point", "coordinates": [ -2.310096, 51.402855 ] } },
{ "type": "Feature", "properties": { "name": "100168", "dott_bicycle_capacity": 8.0, "dott_scooter_capacity": 8.0, "dott_total_capacity": 16.0 }, "geometry": { "type": "Point", "coordinates": [ -2.3640379, 51.3879375 ] } },
{ "type": "Feature", "properties": { "name": "100012", "dott_bicycle_capacity": 8.0, "dott_scooter_capacity": 8.0, "dott_total_capacity": 16.0 }, "geometry": { "type": "Point", "coordinates": [ -2.3472827, 51.3936958 ] } },
{ "type": "Feature", "properties": { "name": "100193", "dott_bicycle_capacity": 6.0, "dott_scooter_capacity": 6.0, "dott_total_capacity": 12.0 }, "geometry": { "type": "Point", "coordinates": [ -2.3418236, 51.4024213 ] } },
{ "type": "Feature", "properties": { "name": "100004", "dott_bicycle_capacity": null, "dott_scooter_capacity": 5.0, "dott_total_capacity": 5.0 }, "geometry": { "type": "Point", "coordinates": [ -2.3699668, 51.3870267 ] } },
{ "type": "Feature", "properties": { "name": "100065", "dott_bicycle_capacity": 16.0, "dott_scooter_capacity": 16.0, "dott_total_capacity": 32.0 }, "geometry": { "type": "Point", "coordinates": [ -2.3655279, 51.3821876 ] } },
{ "type": "Feature", "properties": { "name": "100249", "dott_bicycle_capacity": 10.0, "dott_scooter_capacity": 10.0, "dott_total_capacity": 20.0 }, "geometry": { "type": "Point", "coordinates": [ -2.354539, 51.399945 ] } },
{ "type": "Feature", "properties": { "name": "110035", "dott_bicycle_capacity": 10.0, "dott_scooter_capacity": 10.0, "dott_total_capacity": 20.0 }, "geometry": { "type": "Point", "coordinates": [ -2.300710843, 51.40064063 ] } },
{ "type": "Feature", "properties": { "name": "110036", "dott_bicycle_capacity": 16.0, "dott_scooter_capacity": 16.0, "dott_total_capacity": 32.0 }, "geometry": { "type": "Point", "coordinates": [ -2.381727362, 51.36112807 ] } },
{ "type": "Feature", "properties": { "name": "100147", "dott_bicycle_capacity": null, "dott_scooter_capacity": 5.0, "dott_total_capacity": 5.0 }, "geometry": { "type": "Point", "coordinates": [ -2.368528, 51.3787009 ] } },
{ "type": "Feature", "properties": { "name": "100214", "dott_bicycle_capacity": null, "dott_scooter_capacity": 4.0, "dott_total_capacity": 4.0 }, "geometry": { "type": "Point", "coordinates": [ -2.344971, 51.401906 ] } },
{ "type": "Feature", "properties": { "name": "100220", "dott_bicycle_capacity": 4.0, "dott_scooter_capacity": 4.0, "dott_total_capacity": 8.0 }, "geometry": { "type": "Point", "coordinates": [ -2.325424, 51.40361 ] } },
{ "type": "Feature", "properties": { "name": "100043", "dott_bicycle_capacity": 10.0, "dott_scooter_capacity": 10.0, "dott_total_capacity": 20.0 }, "geometry": { "type": "Point", "coordinates": [ -2.3512526, 51.385368 ] } },
{ "type": "Feature", "properties": { "name": "100173", "dott_bicycle_capacity": null, "dott_scooter_capacity": 8.0, "dott_total_capacity": 8.0 }, "geometry": { "type": "Point", "coordinates": [ -2.3959697, 51.3878929 ] } },
{ "type": "Feature", "properties": { "name": "100016", "dott_bicycle_capacity": 4.0, "dott_scooter_capacity": 4.0, "dott_total_capacity": 8.0 }, "geometry": { "type": "Point", "coordinates": [ -2.3170898, 51.4052499 ] } },
{ "type": "Feature", "properties": { "name": "110051", "dott_bicycle_capacity": 12.0, "dott_scooter_capacity": 12.0, "dott_total_capacity": 24.0 }, "geometry": { "type": "Point", "coordinates": [ -2.3761252, 51.3533202 ] } },
{ "type": "Feature", "properties": { "name": "100102", "dott_bicycle_capacity": null, "dott_scooter_capacity": 10.0, "dott_total_capacity": 10.0 }, "geometry": { "type": "Point", "coordinates": [ -2.3726904, 51.3699253 ] } },
{ "type": "Feature", "properties": { "name": "110024", "dott_bicycle_capacity": 12.0, "dott_scooter_capacity": 12.0, "dott_total_capacity": 24.0 }, "geometry": { "type": "Point", "coordinates": [ -2.3967813, 51.3723883 ] } },
{ "type": "Feature", "properties": { "name": "100075", "dott_bicycle_capacity": 6.0, "dott_scooter_capacity": 6.0, "dott_total_capacity": 12.0 }, "geometry": { "type": "Point", "coordinates": [ -2.3895297, 51.3946471 ] } },
{ "type": "Feature", "properties": { "name": "100164", "dott_bicycle_capacity": null, "dott_scooter_capacity": 10.0, "dott_total_capacity": 10.0 }, "geometry": { "type": "Point", "coordinates": [ -2.3518202, 51.3747111 ] } },
{ "type": "Feature", "properties": { "name": "100097", "dott_bicycle_capacity": 8.0, "dott_scooter_capacity": 8.0, "dott_total_capacity": 16.0 }, "geometry": { "type": "Point", "coordinates": [ -2.3779081, 51.3727476 ] } },
{ "type": "Feature", "properties": { "name": "100024", "dott_bicycle_capacity": 15.0, "dott_scooter_capacity": 15.0, "dott_total_capacity": 30.0 }, "geometry": { "type": "Point", "coordinates": [ -2.359807, 51.378573 ] } },
{ "type": "Feature", "properties": { "name": "100036", "dott_bicycle_capacity": 8.0, "dott_scooter_capacity": 8.0, "dott_total_capacity": 16.0 }, "geometry": { "type": "Point", "coordinates": [ -2.3781609, 51.389182 ] } },
{ "type": "Feature", "properties": { "name": "100050", "dott_bicycle_capacity": 8.0, "dott_scooter_capacity": 8.0, "dott_total_capacity": 16.0 }, "geometry": { "type": "Point", "coordinates": [ -2.3765713, 51.3790604 ] } },
{ "type": "Feature", "properties": { "name": "100011", "dott_bicycle_capacity": 8.0, "dott_scooter_capacity": 8.0, "dott_total_capacity": 16.0 }, "geometry": { "type": "Point", "coordinates": [ -2.3826759, 51.3909407 ] } },
{ "type": "Feature", "properties": { "name": "100234", "dott_bicycle_capacity": 5.0, "dott_scooter_capacity": 5.0, "dott_total_capacity": 10.0 }, "geometry": { "type": "Point", "coordinates": [ -2.361393, 51.37852 ] } },
{ "type": "Feature", "properties": { "name": "100076", "dott_bicycle_capacity": 6.0, "dott_scooter_capacity": 6.0, "dott_total_capacity": 12.0 }, "geometry": { "type": "Point", "coordinates": [ -2.3913834, 51.3961942 ] } },
{ "type": "Feature", "properties": { "name": "100078", "dott_bicycle_capacity": 10.0, "dott_scooter_capacity": 10.0, "dott_total_capacity": 20.0 }, "geometry": { "type": "Point", "coordinates": [ -2.3924687, 51.3965612 ] } },
{ "type": "Feature", "properties": { "name": "100218", "dott_bicycle_capacity": 8.0, "dott_scooter_capacity": 8.0, "dott_total_capacity": 16.0 }, "geometry": { "type": "Point", "coordinates": [ -2.336072, 51.398975 ] } },
{ "type": "Feature", "properties": { "name": "100039", "dott_bicycle_capacity": 6.0, "dott_scooter_capacity": 6.0, "dott_total_capacity": 12.0 }, "geometry": { "type": "Point", "coordinates": [ -2.3565649, 51.3834525 ] } },
{ "type": "Feature", "properties": { "name": "100197", "dott_bicycle_capacity": 10.0, "dott_scooter_capacity": 10.0, "dott_total_capacity": 20.0 }, "geometry": { "type": "Point", "coordinates": [ -2.352864, 51.3916395 ] } },
{ "type": "Feature", "properties": { "name": "100258", "dott_bicycle_capacity": 10.0, "dott_scooter_capacity": 10.0, "dott_total_capacity": 20.0 }, "geometry": { "type": "Point", "coordinates": [ -2.392417, 51.3929911 ] } },
{ "type": "Feature", "properties": { "name": "100244", "dott_bicycle_capacity": 4.0, "dott_scooter_capacity": 4.0, "dott_total_capacity": 8.0 }, "geometry": { "type": "Point", "coordinates": [ -2.36077, 51.39074 ] } },
{ "type": "Feature", "properties": { "name": "100023", "dott_bicycle_capacity": 15.0, "dott_scooter_capacity": 15.0, "dott_total_capacity": 30.0 }, "geometry": { "type": "Point", "coordinates": [ -2.3657846, 51.3699281 ] } },
{ "type": "Feature", "properties": { "name": "100211", "dott_bicycle_capacity": null, "dott_scooter_capacity": 5.0, "dott_total_capacity": 5.0 }, "geometry": { "type": "Point", "coordinates": [ -2.355495, 51.389056 ] } },
{ "type": "Feature", "properties": { "name": "100041", "dott_bicycle_capacity": 6.0, "dott_scooter_capacity": 6.0, "dott_total_capacity": 12.0 }, "geometry": { "type": "Point", "coordinates": [ -2.351231, 51.3837199 ] } },
{ "type": "Feature", "properties": { "name": "100194", "dott_bicycle_capacity": 4.0, "dott_scooter_capacity": 4.0, "dott_total_capacity": 8.0 }, "geometry": { "type": "Point", "coordinates": [ -2.3415628, 51.3986592 ] } },
{ "type": "Feature", "properties": { "name": "100207", "dott_bicycle_capacity": 7.0, "dott_scooter_capacity": 7.0, "dott_total_capacity": 14.0 }, "geometry": { "type": "Point", "coordinates": [ -2.3596916, 51.3856171 ] } },
{ "type": "Feature", "properties": { "name": "100055", "dott_bicycle_capacity": 6.0, "dott_scooter_capacity": 6.0, "dott_total_capacity": 12.0 }, "geometry": { "type": "Point", "coordinates": [ -2.3807538, 51.3821524 ] } },
{ "type": "Feature", "properties": { "name": "100226", "dott_bicycle_capacity": 10.0, "dott_scooter_capacity": 10.0, "dott_total_capacity": 20.0 }, "geometry": { "type": "Point", "coordinates": [ -2.355957, 51.380091 ] } },
{ "type": "Feature", "properties": { "name": "110045", "dott_bicycle_capacity": 7.0, "dott_scooter_capacity": 7.0, "dott_total_capacity": 14.0 }, "geometry": { "type": "Point", "coordinates": [ -2.3725016, 51.3604055 ] } },
{ "type": "Feature", "properties": { "name": "100098", "dott_bicycle_capacity": null, "dott_scooter_capacity": 4.0, "dott_total_capacity": 4.0 }, "geometry": { "type": "Point", "coordinates": [ -2.3829079, 51.3688717 ] } },
{ "type": "Feature", "properties": { "name": "100198", "dott_bicycle_capacity": 10.0, "dott_scooter_capacity": 10.0, "dott_total_capacity": 20.0 }, "geometry": { "type": "Point", "coordinates": [ -2.351389, 51.392021 ] } },
{ "type": "Feature", "properties": { "name": "100172", "dott_bicycle_capacity": null, "dott_scooter_capacity": 5.0, "dott_total_capacity": 5.0 }, "geometry": { "type": "Point", "coordinates": [ -2.3721134, 51.3840983 ] } },
{ "type": "Feature", "properties": { "name": "110028", "dott_bicycle_capacity": 6.0, "dott_scooter_capacity": 6.0, "dott_total_capacity": 12.0 }, "geometry": { "type": "Point", "coordinates": [ -2.3961421, 51.3714093 ] } },
{ "type": "Feature", "properties": { "name": "100221", "dott_bicycle_capacity": null, "dott_scooter_capacity": 0.0, "dott_total_capacity": 0.0 }, "geometry": { "type": "Point", "coordinates": [ -2.31604, 51.408713 ] } },
{ "type": "Feature", "properties": { "name": "100235", "dott_bicycle_capacity": 10.0, "dott_scooter_capacity": 10.0, "dott_total_capacity": 20.0 }, "geometry": { "type": "Point", "coordinates": [ -2.361017, 51.378783 ] } },
{ "type": "Feature", "properties": { "name": "100148", "dott_bicycle_capacity": null, "dott_scooter_capacity": 5.0, "dott_total_capacity": 5.0 }, "geometry": { "type": "Point", "coordinates": [ -2.3682333, 51.3824035 ] } },
{ "type": "Feature", "properties": { "name": "100167", "dott_bicycle_capacity": 8.0, "dott_scooter_capacity": 8.0, "dott_total_capacity": 16.0 }, "geometry": { "type": "Point", "coordinates": [ -2.3674533, 51.3881261 ] } },
{ "type": "Feature", "properties": { "name": "100052", "dott_bicycle_capacity": null, "dott_scooter_capacity": 8.0, "dott_total_capacity": 8.0 }, "geometry": { "type": "Point", "coordinates": [ -2.3846438, 51.3802937 ] } },
{ "type": "Feature", "properties": { "name": "100048", "dott_bicycle_capacity": 6.0, "dott_scooter_capacity": 6.0, "dott_total_capacity": 12.0 }, "geometry": { "type": "Point", "coordinates": [ -2.3620051, 51.3777197 ] } },
{ "type": "Feature", "properties": { "name": "100034", "dott_bicycle_capacity": 10.0, "dott_scooter_capacity": 10.0, "dott_total_capacity": 20.0 }, "geometry": { "type": "Point", "coordinates": [ -2.3619857, 51.3802726 ] } },
{ "type": "Feature", "properties": { "name": "100045", "dott_bicycle_capacity": 10.0, "dott_scooter_capacity": 10.0, "dott_total_capacity": 20.0 }, "geometry": { "type": "Point", "coordinates": [ -2.3474087, 51.3861431 ] } },
{ "type": "Feature", "properties": { "name": "100067", "dott_bicycle_capacity": 10.0, "dott_scooter_capacity": 10.0, "dott_total_capacity": 20.0 }, "geometry": { "type": "Point", "coordinates": [ -2.3705482, 51.3833142 ] } },
{ "type": "Feature", "properties": { "name": "100064", "dott_bicycle_capacity": 8.0, "dott_scooter_capacity": 8.0, "dott_total_capacity": 16.0 }, "geometry": { "type": "Point", "coordinates": [ -2.3658594, 51.3812958 ] } },
{ "type": "Feature", "properties": { "name": "100163", "dott_bicycle_capacity": null, "dott_scooter_capacity": 6.0, "dott_total_capacity": 6.0 }, "geometry": { "type": "Point", "coordinates": [ -2.3533542, 51.3765796 ] } },
{ "type": "Feature", "properties": { "name": "100127", "dott_bicycle_capacity": null, "dott_scooter_capacity": 5.0, "dott_total_capacity": 5.0 }, "geometry": { "type": "Point", "coordinates": [ -2.3675892, 51.3973347 ] } },
{ "type": "Feature", "properties": { "name": "100026", "dott_bicycle_capacity": 6.0, "dott_scooter_capacity": 6.0, "dott_total_capacity": 12.0 }, "geometry": { "type": "Point", "coordinates": [ -2.3697611, 51.3883694 ] } },
{ "type": "Feature", "properties": { "name": "100073", "dott_bicycle_capacity": 8.0, "dott_scooter_capacity": 8.0, "dott_total_capacity": 16.0 }, "geometry": { "type": "Point", "coordinates": [ -2.3782106, 51.3856643 ] } },
{ "type": "Feature", "properties": { "name": "110046", "dott_bicycle_capacity": 10.0, "dott_scooter_capacity": 10.0, "dott_total_capacity": 20.0 }, "geometry": { "type": "Point", "coordinates": [ -2.3719957, 51.3590021 ] } },
{ "type": "Feature", "properties": { "name": "110059", "dott_bicycle_capacity": 14.0, "dott_scooter_capacity": 14.0, "dott_total_capacity": 28.0 }, "geometry": { "type": "Point", "coordinates": [ -2.353531864, 51.3599717 ] } },
{ "type": "Feature", "properties": { "name": "100054", "dott_bicycle_capacity": 6.0, "dott_scooter_capacity": 6.0, "dott_total_capacity": 12.0 }, "geometry": { "type": "Point", "coordinates": [ -2.3814392, 51.3822554 ] } },
{ "type": "Feature", "properties": { "name": "100107", "dott_bicycle_capacity": 4.0, "dott_scooter_capacity": 4.0, "dott_total_capacity": 8.0 }, "geometry": { "type": "Point", "coordinates": [ -2.4000514, 51.3856132 ] } },
{ "type": "Feature", "properties": { "name": "100200", "dott_bicycle_capacity": 20.0, "dott_scooter_capacity": 20.0, "dott_total_capacity": 40.0 }, "geometry": { "type": "Point", "coordinates": [ -2.3257764, 51.3798959 ] } },
{ "type": "Feature", "properties": { "name": "100001", "dott_bicycle_capacity": 30.0, "dott_scooter_capacity": 30.0, "dott_total_capacity": 60.0 }, "geometry": { "type": "Point", "coordinates": [ -2.3584313, 51.381844 ] } },
{ "type": "Feature", "properties": { "name": "100082", "dott_bicycle_capacity": 10.0, "dott_scooter_capacity": 10.0, "dott_total_capacity": 20.0 }, "geometry": { "type": "Point", "coordinates": [ -2.3959013, 51.4015404 ] } },
{ "type": "Feature", "properties": { "name": "100068", "dott_bicycle_capacity": 8.0, "dott_scooter_capacity": 8.0, "dott_total_capacity": 16.0 }, "geometry": { "type": "Point", "coordinates": [ -2.3718756, 51.383348 ] } },
{ "type": "Feature", "properties": { "name": "100158", "dott_bicycle_capacity": null, "dott_scooter_capacity": 6.0, "dott_total_capacity": 6.0 }, "geometry": { "type": "Point", "coordinates": [ -2.3774682, 51.3718571 ] } },
{ "type": "Feature", "properties": { "name": "100077", "dott_bicycle_capacity": 6.0, "dott_scooter_capacity": 6.0, "dott_total_capacity": 12.0 }, "geometry": { "type": "Point", "coordinates": [ -2.3917026, 51.3961312 ] } },
{ "type": "Feature", "properties": { "name": "110042", "dott_bicycle_capacity": 12.0, "dott_scooter_capacity": 12.0, "dott_total_capacity": 24.0 }, "geometry": { "type": "Point", "coordinates": [ -2.3779613, 51.3618251 ] } },
{ "type": "Feature", "properties": { "name": "100242", "dott_bicycle_capacity": 5.0, "dott_scooter_capacity": 5.0, "dott_total_capacity": 10.0 }, "geometry": { "type": "Point", "coordinates": [ -2.35347, 51.395 ] } },
{ "type": "Feature", "properties": { "name": "100123", "dott_bicycle_capacity": null, "dott_scooter_capacity": 0.0, "dott_total_capacity": 0.0 }, "geometry": { "type": "Point", "coordinates": [ -2.3104735, 51.4065882 ] } },
{ "type": "Feature", "properties": { "name": "100170", "dott_bicycle_capacity": null, "dott_scooter_capacity": 8.0, "dott_total_capacity": 8.0 }, "geometry": { "type": "Point", "coordinates": [ -2.3697231, 51.3836007 ] } },
{ "type": "Feature", "properties": { "name": "100020", "dott_bicycle_capacity": 8.0, "dott_scooter_capacity": 8.0, "dott_total_capacity": 16.0 }, "geometry": { "type": "Point", "coordinates": [ -2.3908814, 51.3996434 ] } },
{ "type": "Feature", "properties": { "name": "100053", "dott_bicycle_capacity": 10.0, "dott_scooter_capacity": 10.0, "dott_total_capacity": 20.0 }, "geometry": { "type": "Point", "coordinates": [ -2.387618, 51.380819 ] } },
{ "type": "Feature", "properties": { "name": "100117", "dott_bicycle_capacity": null, "dott_scooter_capacity": 0.0, "dott_total_capacity": 0.0 }, "geometry": { "type": "Point", "coordinates": [ -2.3913642, 51.3870408 ] } },
{ "type": "Feature", "properties": { "name": "100223", "dott_bicycle_capacity": null, "dott_scooter_capacity": 0.0, "dott_total_capacity": 0.0 }, "geometry": { "type": "Point", "coordinates": [ -2.316971, 51.412002 ] } },
{ "type": "Feature", "properties": { "name": "100022", "dott_bicycle_capacity": 4.0, "dott_scooter_capacity": 4.0, "dott_total_capacity": 8.0 }, "geometry": { "type": "Point", "coordinates": [ -2.3486246, 51.3751158 ] } },
{ "type": "Feature", "properties": { "name": "100254", "dott_bicycle_capacity": 10.0, "dott_scooter_capacity": 10.0, "dott_total_capacity": 20.0 }, "geometry": { "type": "Point", "coordinates": [ -2.356459, 51.3979425 ] } },
{ "type": "Feature", "properties": { "name": "100089", "dott_bicycle_capacity": 8.0, "dott_scooter_capacity": 8.0, "dott_total_capacity": 16.0 }, "geometry": { "type": "Point", "coordinates": [ -2.3843516, 51.3878441 ] } },
{ "type": "Feature", "properties": { "name": "100236", "dott_bicycle_capacity": 10.0, "dott_scooter_capacity": 10.0, "dott_total_capacity": 20.0 }, "geometry": { "type": "Point", "coordinates": [ -2.367823, 51.378631 ] } },
{ "type": "Feature", "properties": { "name": "100227", "dott_bicycle_capacity": 0.0, "dott_scooter_capacity": 0.0, "dott_total_capacity": 0.0 }, "geometry": { "type": "Point", "coordinates": [ -2.35697, 51.380046 ] } },
{ "type": "Feature", "properties": { "name": "110061", "dott_bicycle_capacity": null, "dott_scooter_capacity": 4.0, "dott_total_capacity": 4.0 }, "geometry": { "type": "Point", "coordinates": [ -2.344854, 51.362443 ] } },
{ "type": "Feature", "properties": { "name": "100169", "dott_bicycle_capacity": null, "dott_scooter_capacity": 8.0, "dott_total_capacity": 8.0 }, "geometry": { "type": "Point", "coordinates": [ -2.3644828, 51.3837071 ] } },
{ "type": "Feature", "properties": { "name": "100069", "dott_bicycle_capacity": 10.0, "dott_scooter_capacity": 10.0, "dott_total_capacity": 20.0 }, "geometry": { "type": "Point", "coordinates": [ -2.3816812, 51.3844648 ] } },
{ "type": "Feature", "properties": { "name": "100079", "dott_bicycle_capacity": 8.0, "dott_scooter_capacity": 8.0, "dott_total_capacity": 16.0 }, "geometry": { "type": "Point", "coordinates": [ -2.3939881, 51.3974033 ] } },
{ "type": "Feature", "properties": { "name": "100132", "dott_bicycle_capacity": null, "dott_scooter_capacity": 5.0, "dott_total_capacity": 5.0 }, "geometry": { "type": "Point", "coordinates": [ -2.3502683, 51.3967572 ] } },
{ "type": "Feature", "properties": { "name": "100209", "dott_bicycle_capacity": 12.0, "dott_scooter_capacity": 12.0, "dott_total_capacity": 24.0 }, "geometry": { "type": "Point", "coordinates": [ -2.35608, 51.389699 ] } },
{ "type": "Feature", "properties": { "name": "100118", "dott_bicycle_capacity": 8.0, "dott_scooter_capacity": 8.0, "dott_total_capacity": 16.0 }, "geometry": { "type": "Point", "coordinates": [ -2.3787443, 51.3868319 ] } },
{ "type": "Feature", "properties": { "name": "100105", "dott_bicycle_capacity": 6.0, "dott_scooter_capacity": 6.0, "dott_total_capacity": 12.0 }, "geometry": { "type": "Point", "coordinates": [ -2.3551134, 51.3908642 ] } },
{ "type": "Feature", "properties": { "name": "100189", "dott_bicycle_capacity": 6.0, "dott_scooter_capacity": 6.0, "dott_total_capacity": 12.0 }, "geometry": { "type": "Point", "coordinates": [ -2.3593129, 51.382757 ] } },
{ "type": "Feature", "properties": { "name": "110062", "dott_bicycle_capacity": 16.0, "dott_scooter_capacity": 16.0, "dott_total_capacity": 32.0 }, "geometry": { "type": "Point", "coordinates": [ -2.3489489, 51.3724341 ] } },
{ "type": "Feature", "properties": { "name": "100115", "dott_bicycle_capacity": null, "dott_scooter_capacity": 4.0, "dott_total_capacity": 4.0 }, "geometry": { "type": "Point", "coordinates": [ -2.3736872, 51.3810654 ] } },
{ "type": "Feature", "properties": { "name": "100203", "dott_bicycle_capacity": 20.0, "dott_scooter_capacity": 20.0, "dott_total_capacity": 40.0 }, "geometry": { "type": "Point", "coordinates": [ -2.3238297, 51.3770417 ] } },
{ "type": "Feature", "properties": { "name": "110050", "dott_bicycle_capacity": 8.0, "dott_scooter_capacity": 8.0, "dott_total_capacity": 16.0 }, "geometry": { "type": "Point", "coordinates": [ -2.381850012, 51.35328519 ] } },
{ "type": "Feature", "properties": { "name": "100021", "dott_bicycle_capacity": 8.0, "dott_scooter_capacity": 8.0, "dott_total_capacity": 16.0 }, "geometry": { "type": "Point", "coordinates": [ -2.3634267, 51.3878598 ] } },
{ "type": "Feature", "properties": { "name": "100062", "dott_bicycle_capacity": 8.0, "dott_scooter_capacity": 8.0, "dott_total_capacity": 16.0 }, "geometry": { "type": "Point", "coordinates": [ -2.3665358, 51.3812576 ] } },
{ "type": "Feature", "properties": { "name": "100116", "dott_bicycle_capacity": null, "dott_scooter_capacity": 8.0, "dott_total_capacity": 8.0 }, "geometry": { "type": "Point", "coordinates": [ -2.3707002, 51.3805832 ] } },
{ "type": "Feature", "properties": { "name": "100101", "dott_bicycle_capacity": null, "dott_scooter_capacity": 15.0, "dott_total_capacity": 15.0 }, "geometry": { "type": "Point", "coordinates": [ -2.36763, 51.3693126 ] } },
{ "type": "Feature", "properties": { "name": "100245", "dott_bicycle_capacity": 4.0, "dott_scooter_capacity": 4.0, "dott_total_capacity": 8.0 }, "geometry": { "type": "Point", "coordinates": [ -2.359118, 51.392172 ] } },
{ "type": "Feature", "properties": { "name": "110031", "dott_bicycle_capacity": 3.0, "dott_scooter_capacity": 8.0, "dott_total_capacity": 11.0 }, "geometry": { "type": "Point", "coordinates": [ -2.390770959, 51.36898469 ] } },
{ "type": "Feature", "properties": { "name": "100013", "dott_bicycle_capacity": 6.0, "dott_scooter_capacity": 6.0, "dott_total_capacity": 12.0 }, "geometry": { "type": "Point", "coordinates": [ -2.3721282, 51.4030282 ] } },
{ "type": "Feature", "properties": { "name": "110030", "dott_bicycle_capacity": null, "dott_scooter_capacity": 6.0, "dott_total_capacity": 6.0 }, "geometry": { "type": "Point", "coordinates": [ -2.390890808, 51.3701895 ] } },
{ "type": "Feature", "properties": { "name": "100122", "dott_bicycle_capacity": 8.0, "dott_scooter_capacity": 8.0, "dott_total_capacity": 16.0 }, "geometry": { "type": "Point", "coordinates": [ -2.3917354, 51.3958578 ] } },
{ "type": "Feature", "properties": { "name": "100085", "dott_bicycle_capacity": 8.0, "dott_scooter_capacity": 8.0, "dott_total_capacity": 16.0 }, "geometry": { "type": "Point", "coordinates": [ -2.3924172, 51.399497 ] } },
{ "type": "Feature", "properties": { "name": "100257", "dott_bicycle_capacity": 7.0, "dott_scooter_capacity": 7.0, "dott_total_capacity": 14.0 }, "geometry": { "type": "Point", "coordinates": [ -2.3918312, 51.3921561 ] } },
{ "type": "Feature", "properties": { "name": "100192", "dott_bicycle_capacity": null, "dott_scooter_capacity": 4.0, "dott_total_capacity": 4.0 }, "geometry": { "type": "Point", "coordinates": [ -2.3480065, 51.3990646 ] } },
{ "type": "Feature", "properties": { "name": "100201", "dott_bicycle_capacity": 20.0, "dott_scooter_capacity": 20.0, "dott_total_capacity": 40.0 }, "geometry": { "type": "Point", "coordinates": [ -2.326286, 51.378557 ] } },
{ "type": "Feature", "properties": { "name": "100029", "dott_bicycle_capacity": 20.0, "dott_scooter_capacity": 20.0, "dott_total_capacity": 40.0 }, "geometry": { "type": "Point", "coordinates": [ -2.3559989, 51.38071 ] } },
{ "type": "Feature", "properties": { "name": "100051", "dott_bicycle_capacity": 8.0, "dott_scooter_capacity": 8.0, "dott_total_capacity": 16.0 }, "geometry": { "type": "Point", "coordinates": [ -2.3760118, 51.3793633 ] } },
{ "type": "Feature", "properties": { "name": "100126", "dott_bicycle_capacity": null, "dott_scooter_capacity": 0.0, "dott_total_capacity": 0.0 }, "geometry": { "type": "Point", "coordinates": [ -2.3637685, 51.3923028 ] } },
{ "type": "Feature", "properties": { "name": "100046", "dott_bicycle_capacity": 12.0, "dott_scooter_capacity": 12.0, "dott_total_capacity": 24.0 }, "geometry": { "type": "Point", "coordinates": [ -2.3471314, 51.3872118 ] } },
{ "type": "Feature", "properties": { "name": "100128", "dott_bicycle_capacity": null, "dott_scooter_capacity": 10.0, "dott_total_capacity": 10.0 }, "geometry": { "type": "Point", "coordinates": [ -2.3462368, 51.3942724 ] } },
{ "type": "Feature", "properties": { "name": "100250", "dott_bicycle_capacity": 20.0, "dott_scooter_capacity": 20.0, "dott_total_capacity": 40.0 }, "geometry": { "type": "Point", "coordinates": [ -2.3601701, 51.3929553 ] } },
{ "type": "Feature", "properties": { "name": "100080", "dott_bicycle_capacity": 8.0, "dott_scooter_capacity": 8.0, "dott_total_capacity": 16.0 }, "geometry": { "type": "Point", "coordinates": [ -2.3958506, 51.4007212 ] } },
{ "type": "Feature", "properties": { "name": "100035", "dott_bicycle_capacity": 6.0, "dott_scooter_capacity": 6.0, "dott_total_capacity": 12.0 }, "geometry": { "type": "Point", "coordinates": [ -2.3695234, 51.3885259 ] } },
{ "type": "Feature", "properties": { "name": "100178", "dott_bicycle_capacity": 20.0, "dott_scooter_capacity": 20.0, "dott_total_capacity": 40.0 }, "geometry": { "type": "Point", "coordinates": [ -2.3582795, 51.3778724 ] } },
{ "type": "Feature", "properties": { "name": "100252", "dott_bicycle_capacity": 0.0, "dott_scooter_capacity": 0.0, "dott_total_capacity": 0.0 }, "geometry": { "type": "Point", "coordinates": [ -2.359946, 51.3988021 ] } },
{ "type": "Feature", "properties": { "name": "100153", "dott_bicycle_capacity": null, "dott_scooter_capacity": 10.0, "dott_total_capacity": 10.0 }, "geometry": { "type": "Point", "coordinates": [ -2.3671778, 51.3704991 ] } },
{ "type": "Feature", "properties": { "name": "100196", "dott_bicycle_capacity": 10.0, "dott_scooter_capacity": 10.0, "dott_total_capacity": 20.0 }, "geometry": { "type": "Point", "coordinates": [ -2.3533399, 51.3914322 ] } },
{ "type": "Feature", "properties": { "name": "100231", "dott_bicycle_capacity": 10.0, "dott_scooter_capacity": 10.0, "dott_total_capacity": 20.0 }, "geometry": { "type": "Point", "coordinates": [ -2.374372, 51.407865 ] } }
]
}
