{
"type": "FeatureCollection",
"name": "weca_pmt_station_information_20260408T113711Z",
"crs": { "type": "name", "properties": { "name": "urn:ogc:def:crs:OGC:1.3:CRS84" } },
"features": [
{ "type": "Feature", "properties": { "park_id": "110001", "active_status": "Inactive (undergoing audit process)", "audit_status": "Approved and implement", "live_op_total_cap": null, "approved_ua_total_cap": null, "ua_name": "Bath and North East Somerset" }, "geometry": { "type": "Point", "coordinates": [ -2.404662124237589, 51.381261388387514 ] } },
{ "type": "Feature", "properties": { "park_id": "110002", "active_status": "Inactive (undergoing audit process)", "audit_status": "Make changes and resubmit", "live_op_total_cap": null, "approved_ua_total_cap": null, "ua_name": "Bath and North East Somerset" }, "geometry": { "type": "Point", "coordinates": [ -2.4042936, 51.3813452 ] } },
{ "type": "Feature", "properties": { "park_id": "110003", "active_status": "Inactive (undergoing audit process)", "audit_status": "Approved and implement", "live_op_total_cap": null, "approved_ua_total_cap": null, "ua_name": "Bath and North East Somerset" }, "geometry": { "type": "Point", "coordinates": [ -2.4014312, 51.3813812 ] } },
{ "type": "Feature", "properties": { "park_id": "110004", "active_status": "Inactive (undergoing audit process)", "audit_status": "Approved and implement", "live_op_total_cap": null, "approved_ua_total_cap": null, "ua_name": "Bath and North East Somerset" }, "geometry": { "type": "Point", "coordinates": [ -2.3992544, 51.381313599999984 ] } },
{ "type": "Feature", "properties": { "park_id": "110005", "active_status": "Inactive (undergoing audit process)", "audit_status": "Approved and implement", "live_op_total_cap": null, "approved_ua_total_cap": null, "ua_name": "Bath and North East Somerset" }, "geometry": { "type": "Point", "coordinates": [ -2.3980273, 51.3814568 ] } },
{ "type": "Feature", "properties": { "park_id": "110006", "active_status": "Inactive (undergoing audit process)", "audit_status": "Approved and implement", "live_op_total_cap": null, "approved_ua_total_cap": null, "ua_name": "Bath and North East Somerset" }, "geometry": { "type": "Point", "coordinates": [ -2.4062454, 51.3750957 ] } },
{ "type": "Feature", "properties": { "park_id": "110007", "active_status": "Inactive (undergoing audit process)", "audit_status": "Approved and implement", "live_op_total_cap": null, "approved_ua_total_cap": null, "ua_name": "Bath and North East Somerset" }, "geometry": { "type": "Point", "coordinates": [ -2.4053594, 51.3742109 ] } },
{ "type": "Feature", "properties": { "park_id": "110008", "active_status": "Inactive (undergoing audit process)", "audit_status": "Approved and implement", "live_op_total_cap": null, "approved_ua_total_cap": null, "ua_name": "Bath and North East Somerset" }, "geometry": { "type": "Point", "coordinates": [ -2.3954507, 51.3801568 ] } },
{ "type": "Feature", "properties": { "park_id": "110009", "active_status": "Inactive (undergoing audit process)", "audit_status": "Approved and implement", "live_op_total_cap": null, "approved_ua_total_cap": null, "ua_name": "Bath and North East Somerset" }, "geometry": { "type": "Point", "coordinates": [ -2.395634, 51.3799075 ] } },
{ "type": "Feature", "properties": { "park_id": "100295", "active_status": "Inactive (undergoing audit process)", "audit_status": "Make changes and resubmit", "live_op_total_cap": null, "approved_ua_total_cap": null, "ua_name": "Bath and North East Somerset" }, "geometry": { "type": "Point", "coordinates": [ -2.374591799839368, 51.370669024128624 ] } },
{ "type": "Feature", "properties": { "park_id": "110010", "active_status": "Inactive (undergoing audit process)", "audit_status": "Approved and implement", "live_op_total_cap": null, "approved_ua_total_cap": null, "ua_name": "Bath and North East Somerset" }, "geometry": { "type": "Point", "coordinates": [ -2.3953058, 51.3799426 ] } },
{ "type": "Feature", "properties": { "park_id": "110011", "active_status": "Inactive (undergoing audit process)", "audit_status": "Ready for UA review", "live_op_total_cap": null, "approved_ua_total_cap": null, "ua_name": "Bath and North East Somerset" }, "geometry": { "type": "Point", "coordinates": [ -2.395157, 51.3799495 ] } },
{ "type": "Feature", "properties": { "park_id": "100296", "active_status": "Inactive (undergoing audit process)", "audit_status": "Make changes and resubmit", "live_op_total_cap": null, "approved_ua_total_cap": null, "ua_name": "Bath and North East Somerset" }, "geometry": { "type": "Point", "coordinates": [ -2.351480033142747, 51.376098025332468 ] } },
{ "type": "Feature", "properties": { "park_id": "110012", "active_status": "Inactive (undergoing audit process)", "audit_status": "Approved and implement", "live_op_total_cap": null, "approved_ua_total_cap": null, "ua_name": "Bath and North East Somerset" }, "geometry": { "type": "Point", "coordinates": [ -2.3907016, 51.3801206 ] } },
{ "type": "Feature", "properties": { "park_id": "100297", "active_status": "Inactive (undergoing audit process)", "audit_status": "Ready for UA review", "live_op_total_cap": null, "approved_ua_total_cap": null, "ua_name": "Bath and North East Somerset" }, "geometry": { "type": "Point", "coordinates": [ -2.345692961216626, 51.38097567783489 ] } },
{ "type": "Feature", "properties": { "park_id": "110013", "active_status": "Deactivated", "audit_status": "Approved and implement", "live_op_total_cap": 0, "approved_ua_total_cap": 10, "ua_name": "Bath and North East Somerset" }, "geometry": { "type": "Point", "coordinates": [ -2.3903654, 51.3761818 ] } },
{ "type": "Feature", "properties": { "park_id": "110014", "active_status": "Inactive (undergoing audit process)", "audit_status": "Ready for UA review", "live_op_total_cap": null, "approved_ua_total_cap": null, "ua_name": "Bath and North East Somerset" }, "geometry": { "type": "Point", "coordinates": [ -2.390802570182804, 51.376514048375022 ] } },
{ "type": "Feature", "properties": { "park_id": "100298", "active_status": "Inactive (undergoing audit process)", "audit_status": "Ready for UA review", "live_op_total_cap": null, "approved_ua_total_cap": null, "ua_name": "Bath and North East Somerset" }, "geometry": { "type": "Point", "coordinates": [ -2.3455614, 51.381101 ] } },
{ "type": "Feature", "properties": { "park_id": "110015", "active_status": "Inactive (undergoing audit process)", "audit_status": "Approved and implement", "live_op_total_cap": null, "approved_ua_total_cap": null, "ua_name": "Bath and North East Somerset" }, "geometry": { "type": "Point", "coordinates": [ -2.396357576728318, 51.375457464245379 ] } },
{ "type": "Feature", "properties": { "park_id": "110016", "active_status": "Inactive (undergoing audit process)", "audit_status": "Ready for UA review", "live_op_total_cap": null, "approved_ua_total_cap": null, "ua_name": "Bath and North East Somerset" }, "geometry": { "type": "Point", "coordinates": [ -2.3955991, 51.374988 ] } },
{ "type": "Feature", "properties": { "park_id": "100299", "active_status": "Inactive (undergoing audit process)", "audit_status": "Ready for UA review", "live_op_total_cap": null, "approved_ua_total_cap": null, "ua_name": "Bath and North East Somerset" }, "geometry": { "type": "Point", "coordinates": [ -2.378698152614962, 51.387563896695148 ] } },
{ "type": "Feature", "properties": { "park_id": "110169", "active_status": "Inactive (undergoing audit process)", "audit_status": "Approved and implement", "live_op_total_cap": null, "approved_ua_total_cap": null, "ua_name": "Bath and North East Somerset" }, "geometry": { "type": "Point", "coordinates": [ -2.398080240914383, 51.374585064792193 ] } },
{ "type": "Feature", "properties": { "park_id": "100300", "active_status": "Inactive (undergoing audit process)", "audit_status": "Ready for UA review", "live_op_total_cap": null, "approved_ua_total_cap": null, "ua_name": "Bath and North East Somerset" }, "geometry": { "type": "Point", "coordinates": [ -2.3731101, 51.4054618 ] } },
{ "type": "Feature", "properties": { "park_id": "110018", "active_status": "Inactive (undergoing audit process)", "audit_status": "Approved and implement", "live_op_total_cap": null, "approved_ua_total_cap": null, "ua_name": "Bath and North East Somerset" }, "geometry": { "type": "Point", "coordinates": [ -2.400577451403045, 51.375154890632317 ] } },
{ "type": "Feature", "properties": { "park_id": "100301", "active_status": "Inactive (undergoing audit process)", "audit_status": "Make changes and resubmit", "live_op_total_cap": null, "approved_ua_total_cap": null, "ua_name": "Bath and North East Somerset" }, "geometry": { "type": "Point", "coordinates": [ -2.36646370121484, 51.374271629182651 ] } },
{ "type": "Feature", "properties": { "park_id": "110019", "active_status": "Inactive (undergoing audit process)", "audit_status": "Approved and implement", "live_op_total_cap": null, "approved_ua_total_cap": null, "ua_name": "Bath and North East Somerset" }, "geometry": { "type": "Point", "coordinates": [ -2.400642395106505, 51.376205616488242 ] } },
{ "type": "Feature", "properties": { "park_id": "100302", "active_status": "Inactive (undergoing audit process)", "audit_status": "Make changes and resubmit", "live_op_total_cap": null, "approved_ua_total_cap": null, "ua_name": "Bath and North East Somerset" }, "geometry": { "type": "Point", "coordinates": [ -2.3664531, 51.3870748 ] } },
{ "type": "Feature", "properties": { "park_id": "110020", "active_status": "Inactive (undergoing audit process)", "audit_status": "Make changes and resubmit", "live_op_total_cap": null, "approved_ua_total_cap": null, "ua_name": "Bath and North East Somerset" }, "geometry": { "type": "Point", "coordinates": [ -2.400918083575628, 51.376155343464909 ] } },
{ "type": "Feature", "properties": { "park_id": "100303", "active_status": "Inactive (undergoing audit process)", "audit_status": "Ready for UA review", "live_op_total_cap": null, "approved_ua_total_cap": null, "ua_name": "Bath and North East Somerset" }, "geometry": { "type": "Point", "coordinates": [ -2.348322049778876, 51.399463300109417 ] } },
{ "type": "Feature", "properties": { "park_id": "110021", "active_status": "Inactive (undergoing audit process)", "audit_status": "Approved and implement", "live_op_total_cap": null, "approved_ua_total_cap": null, "ua_name": "Bath and North East Somerset" }, "geometry": { "type": "Point", "coordinates": [ -2.402136262881267, 51.376220502240486 ] } },
{ "type": "Feature", "properties": { "park_id": "110022", "active_status": "Inactive (undergoing audit process)", "audit_status": "Approved and implement", "live_op_total_cap": null, "approved_ua_total_cap": null, "ua_name": "Bath and North East Somerset" }, "geometry": { "type": "Point", "coordinates": [ -2.403396682768224, 51.374370404523283 ] } },
{ "type": "Feature", "properties": { "park_id": "110023", "active_status": "Inactive (undergoing audit process)", "audit_status": "Approved and implement", "live_op_total_cap": null, "approved_ua_total_cap": null, "ua_name": "Bath and North East Somerset" }, "geometry": { "type": "Point", "coordinates": [ -2.4006701, 51.3724156 ] } },
{ "type": "Feature", "properties": { "park_id": "110024", "active_status": "Active", "audit_status": "Approved and implement", "live_op_total_cap": null, "approved_ua_total_cap": null, "ua_name": "Bath and North East Somerset" }, "geometry": { "type": "Point", "coordinates": [ -2.3967813, 51.3723883 ] } },
{ "type": "Feature", "properties": { "park_id": "110025", "active_status": "Inactive (undergoing audit process)", "audit_status": "Make changes and resubmit", "live_op_total_cap": null, "approved_ua_total_cap": null, "ua_name": "Bath and North East Somerset" }, "geometry": { "type": "Point", "coordinates": [ -2.3966494, 51.3720765 ] } },
{ "type": "Feature", "properties": { "park_id": "110026", "active_status": "Active", "audit_status": "Approved and implement", "live_op_total_cap": null, "approved_ua_total_cap": null, "ua_name": "Bath and North East Somerset" }, "geometry": { "type": "Point", "coordinates": [ -2.396549489212363, 51.371804187382033 ] } },
{ "type": "Feature", "properties": { "park_id": "110027", "active_status": "Inactive (undergoing audit process)", "audit_status": "Make changes and resubmit", "live_op_total_cap": null, "approved_ua_total_cap": null, "ua_name": "Bath and North East Somerset" }, "geometry": { "type": "Point", "coordinates": [ -2.396581215911551, 51.37187198299403 ] } },
{ "type": "Feature", "properties": { "park_id": "110028", "active_status": "Active", "audit_status": "Approved and implement", "live_op_total_cap": null, "approved_ua_total_cap": null, "ua_name": "Bath and North East Somerset" }, "geometry": { "type": "Point", "coordinates": [ -2.3961421, 51.3714093 ] } },
{ "type": "Feature", "properties": { "park_id": "110029", "active_status": "Inactive (undergoing audit process)", "audit_status": "Approved and implement", "live_op_total_cap": null, "approved_ua_total_cap": null, "ua_name": "Bath and North East Somerset" }, "geometry": { "type": "Point", "coordinates": [ -2.3902841, 51.3710271 ] } },
{ "type": "Feature", "properties": { "park_id": "110030", "active_status": "Active", "audit_status": "Approved and implement", "live_op_total_cap": null, "approved_ua_total_cap": null, "ua_name": "Bath and North East Somerset" }, "geometry": { "type": "Point", "coordinates": [ -2.390890808099898, 51.370189496204233 ] } },
{ "type": "Feature", "properties": { "park_id": "110031", "active_status": "Active", "audit_status": "Approved and implement", "live_op_total_cap": null, "approved_ua_total_cap": null, "ua_name": "Bath and North East Somerset" }, "geometry": { "type": "Point", "coordinates": [ -2.390770959366275, 51.368984690656511 ] } },
{ "type": "Feature", "properties": { "park_id": "110032", "active_status": "Deactivated", "audit_status": "Approved and implement", "live_op_total_cap": null, "approved_ua_total_cap": null, "ua_name": "Bath and North East Somerset" }, "geometry": { "type": "Point", "coordinates": [ -2.3931215, 51.3688948 ] } },
{ "type": "Feature", "properties": { "park_id": "110033", "active_status": "Active", "audit_status": "Approved and implement", "live_op_total_cap": null, "approved_ua_total_cap": null, "ua_name": "Bath and North East Somerset" }, "geometry": { "type": "Point", "coordinates": [ -2.3951277, 51.3701905 ] } },
{ "type": "Feature", "properties": { "park_id": "110034", "active_status": "Active", "audit_status": "Approved and implement", "live_op_total_cap": null, "approved_ua_total_cap": null, "ua_name": "Bath and North East Somerset" }, "geometry": { "type": "Point", "coordinates": [ -2.3940971, 51.3657988 ] } },
{ "type": "Feature", "properties": { "park_id": "110035", "active_status": "Active", "audit_status": "Approved and implement", "live_op_total_cap": null, "approved_ua_total_cap": null, "ua_name": "Bath and North East Somerset" }, "geometry": { "type": "Point", "coordinates": [ -2.30071084295218, 51.400640626940621 ] } },
{ "type": "Feature", "properties": { "park_id": "110036", "active_status": "Active", "audit_status": "Approved and implement", "live_op_total_cap": null, "approved_ua_total_cap": null, "ua_name": "Bath and North East Somerset" }, "geometry": { "type": "Point", "coordinates": [ -2.38172736158455, 51.361128066874251 ] } },
{ "type": "Feature", "properties": { "park_id": "110037", "active_status": "Active", "audit_status": "Approved and implement", "live_op_total_cap": null, "approved_ua_total_cap": null, "ua_name": "Bath and North East Somerset" }, "geometry": { "type": "Point", "coordinates": [ -2.3788995, 51.360172 ] } },
{ "type": "Feature", "properties": { "park_id": "110038", "active_status": "Active", "audit_status": "Approved and implement", "live_op_total_cap": null, "approved_ua_total_cap": null, "ua_name": "Bath and North East Somerset" }, "geometry": { "type": "Point", "coordinates": [ -2.380441416967133, 51.358319568764422 ] } },
{ "type": "Feature", "properties": { "park_id": "110039", "active_status": "Active", "audit_status": "Approved and implement", "live_op_total_cap": null, "approved_ua_total_cap": null, "ua_name": "Bath and North East Somerset" }, "geometry": { "type": "Point", "coordinates": [ -2.3828911, 51.3557289 ] } },
{ "type": "Feature", "properties": { "park_id": "110040", "active_status": "Inactive (undergoing audit process)", "audit_status": "Approved and implement", "live_op_total_cap": null, "approved_ua_total_cap": null, "ua_name": "Bath and North East Somerset" }, "geometry": { "type": "Point", "coordinates": [ -2.378754210183668, 51.356742725348646 ] } },
{ "type": "Feature", "properties": { "park_id": "110041", "active_status": "Inactive (undergoing audit process)", "audit_status": "Ready for UA review", "live_op_total_cap": null, "approved_ua_total_cap": null, "ua_name": "Bath and North East Somerset" }, "geometry": { "type": "Point", "coordinates": [ -2.378664141500022, 51.357045517686856 ] } },
{ "type": "Feature", "properties": { "park_id": "110042", "active_status": "Active", "audit_status": "Approved and implement", "live_op_total_cap": null, "approved_ua_total_cap": null, "ua_name": "Bath and North East Somerset" }, "geometry": { "type": "Point", "coordinates": [ -2.3779613, 51.3618251 ] } },
{ "type": "Feature", "properties": { "park_id": "110043", "active_status": "Inactive (undergoing audit process)", "audit_status": "Approved and implement", "live_op_total_cap": null, "approved_ua_total_cap": null, "ua_name": "Bath and North East Somerset" }, "geometry": { "type": "Point", "coordinates": [ -2.3701448, 51.366964599999989 ] } },
{ "type": "Feature", "properties": { "park_id": "110044", "active_status": "Active", "audit_status": "Approved and implement", "live_op_total_cap": null, "approved_ua_total_cap": null, "ua_name": "Bath and North East Somerset" }, "geometry": { "type": "Point", "coordinates": [ -2.3726837, 51.3599889 ] } },
{ "type": "Feature", "properties": { "park_id": "110045", "active_status": "Active", "audit_status": "Approved and implement", "live_op_total_cap": null, "approved_ua_total_cap": null, "ua_name": "Bath and North East Somerset" }, "geometry": { "type": "Point", "coordinates": [ -2.3725016, 51.3604055 ] } },
{ "type": "Feature", "properties": { "park_id": "110046", "active_status": "Active", "audit_status": "Approved and implement", "live_op_total_cap": null, "approved_ua_total_cap": null, "ua_name": "Bath and North East Somerset" }, "geometry": { "type": "Point", "coordinates": [ -2.3719957, 51.3590021 ] } },
{ "type": "Feature", "properties": { "park_id": "110047", "active_status": "Inactive (undergoing audit process)", "audit_status": "Approved and implement", "live_op_total_cap": null, "approved_ua_total_cap": null, "ua_name": "Bath and North East Somerset" }, "geometry": { "type": "Point", "coordinates": [ -2.3841663, 51.3521276 ] } },
{ "type": "Feature", "properties": { "park_id": "110048", "active_status": "Inactive (undergoing audit process)", "audit_status": "Approved and implement", "live_op_total_cap": null, "approved_ua_total_cap": null, "ua_name": "Bath and North East Somerset" }, "geometry": { "type": "Point", "coordinates": [ -2.384636105576238, 51.351773262305684 ] } },
{ "type": "Feature", "properties": { "park_id": "110049", "active_status": "Active", "audit_status": "Approved and implement", "live_op_total_cap": null, "approved_ua_total_cap": null, "ua_name": "Bath and North East Somerset" }, "geometry": { "type": "Point", "coordinates": [ -2.383586294809316, 51.35314151812576 ] } },
{ "type": "Feature", "properties": { "park_id": "110050", "active_status": "Active", "audit_status": "Approved and implement", "live_op_total_cap": null, "approved_ua_total_cap": null, "ua_name": "Bath and North East Somerset" }, "geometry": { "type": "Point", "coordinates": [ -2.381850012163553, 51.353285185312053 ] } },
{ "type": "Feature", "properties": { "park_id": "110051", "active_status": "Active", "audit_status": "Approved and implement", "live_op_total_cap": null, "approved_ua_total_cap": null, "ua_name": "Bath and North East Somerset" }, "geometry": { "type": "Point", "coordinates": [ -2.3761252, 51.3533202 ] } },
{ "type": "Feature", "properties": { "park_id": "110052", "active_status": "Active", "audit_status": "Approved and implement", "live_op_total_cap": null, "approved_ua_total_cap": null, "ua_name": "Bath and North East Somerset" }, "geometry": { "type": "Point", "coordinates": [ -2.372181339657708, 51.357100776804756 ] } },
{ "type": "Feature", "properties": { "park_id": "110053", "active_status": "Active", "audit_status": "Approved and implement", "live_op_total_cap": null, "approved_ua_total_cap": null, "ua_name": "Bath and North East Somerset" }, "geometry": { "type": "Point", "coordinates": [ -2.368503038606536, 51.356914618714534 ] } },
{ "type": "Feature", "properties": { "park_id": "110054", "active_status": "Active", "audit_status": "Approved and implement", "live_op_total_cap": null, "approved_ua_total_cap": null, "ua_name": "Bath and North East Somerset" }, "geometry": { "type": "Point", "coordinates": [ -2.367904865730192, 51.356922651780593 ] } },
{ "type": "Feature", "properties": { "park_id": "110055", "active_status": "Deactivated", "audit_status": "Approved and implement", "live_op_total_cap": null, "approved_ua_total_cap": null, "ua_name": "Bath and North East Somerset" }, "geometry": { "type": "Point", "coordinates": [ -2.363598246138381, 51.358193308585037 ] } },
{ "type": "Feature", "properties": { "park_id": "110056", "active_status": "Active", "audit_status": "Approved and implement", "live_op_total_cap": null, "approved_ua_total_cap": null, "ua_name": "Bath and North East Somerset" }, "geometry": { "type": "Point", "coordinates": [ -2.360000716207696, 51.358969913514521 ] } },
{ "type": "Feature", "properties": { "park_id": "110057", "active_status": "Inactive (undergoing audit process)", "audit_status": "Approved and implement", "live_op_total_cap": null, "approved_ua_total_cap": null, "ua_name": "Bath and North East Somerset" }, "geometry": { "type": "Point", "coordinates": [ -2.3544016, 51.3619943 ] } },
{ "type": "Feature", "properties": { "park_id": "110058", "active_status": "Active", "audit_status": "Approved and implement", "live_op_total_cap": null, "approved_ua_total_cap": null, "ua_name": "Bath and North East Somerset" }, "geometry": { "type": "Point", "coordinates": [ -2.35383339550663, 51.360388188146139 ] } },
{ "type": "Feature", "properties": { "park_id": "110059", "active_status": "Active", "audit_status": "Approved and implement", "live_op_total_cap": null, "approved_ua_total_cap": null, "ua_name": "Bath and North East Somerset" }, "geometry": { "type": "Point", "coordinates": [ -2.353531864303407, 51.359971699398649 ] } },
{ "type": "Feature", "properties": { "park_id": "110060", "active_status": "Deactivated", "audit_status": "Rejected", "live_op_total_cap": null, "approved_ua_total_cap": null, "ua_name": "Bath and North East Somerset" }, "geometry": { "type": "Point", "coordinates": [ -2.3466979, 51.3599916 ] } },
{ "type": "Feature", "properties": { "park_id": "110061", "active_status": "Active – change requested", "audit_status": "Rejected", "live_op_total_cap": null, "approved_ua_total_cap": null, "ua_name": "Bath and North East Somerset" }, "geometry": { "type": "Point", "coordinates": [ -2.3448588, 51.362405699999989 ] } },
{ "type": "Feature", "properties": { "park_id": "110062", "active_status": "Active", "audit_status": "Approved and implement", "live_op_total_cap": null, "approved_ua_total_cap": null, "ua_name": "Bath and North East Somerset" }, "geometry": { "type": "Point", "coordinates": [ -2.3489489, 51.3724341 ] } },
{ "type": "Feature", "properties": { "park_id": "110063", "active_status": "Inactive (undergoing audit process)", "audit_status": "Make changes and resubmit", "live_op_total_cap": null, "approved_ua_total_cap": null, "ua_name": "Bath and North East Somerset" }, "geometry": { "type": "Point", "coordinates": [ -2.407867, 51.3789684 ] } },
{ "type": "Feature", "properties": { "park_id": "110065", "active_status": "Inactive (undergoing audit process)", "audit_status": "Make changes and resubmit", "live_op_total_cap": null, "approved_ua_total_cap": null, "ua_name": "Bath and North East Somerset" }, "geometry": { "type": "Point", "coordinates": [ -2.3917296, 51.378522 ] } },
{ "type": "Feature", "properties": { "park_id": "110066", "active_status": "Inactive (undergoing audit process)", "audit_status": "Ready for UA review", "live_op_total_cap": null, "approved_ua_total_cap": null, "ua_name": "Bath and North East Somerset" }, "geometry": { "type": "Point", "coordinates": [ -2.3914767, 51.380115299999986 ] } },
{ "type": "Feature", "properties": { "park_id": "110067", "active_status": "Inactive (undergoing audit process)", "audit_status": "Make changes and resubmit", "live_op_total_cap": null, "approved_ua_total_cap": null, "ua_name": "Bath and North East Somerset" }, "geometry": { "type": "Point", "coordinates": [ -2.392219140622322, 51.375170974477051 ] } },
{ "type": "Feature", "properties": { "park_id": "110068", "active_status": "Inactive (undergoing audit process)", "audit_status": "Make changes and resubmit", "live_op_total_cap": null, "approved_ua_total_cap": null, "ua_name": "Bath and North East Somerset" }, "geometry": { "type": "Point", "coordinates": [ -2.398778843642861, 51.380142760949738 ] } },
{ "type": "Feature", "properties": { "park_id": "110069", "active_status": "Inactive (undergoing audit process)", "audit_status": "Make changes and resubmit", "live_op_total_cap": null, "approved_ua_total_cap": null, "ua_name": "Bath and North East Somerset" }, "geometry": { "type": "Point", "coordinates": [ -2.399850151992823, 51.370732790958371 ] } },
{ "type": "Feature", "properties": { "park_id": "110070", "active_status": "Inactive (undergoing audit process)", "audit_status": "Ready for UA review", "live_op_total_cap": null, "approved_ua_total_cap": null, "ua_name": "Bath and North East Somerset" }, "geometry": { "type": "Point", "coordinates": [ -2.389531, 51.369430599999987 ] } },
{ "type": "Feature", "properties": { "park_id": "110071", "active_status": "Inactive (undergoing audit process)", "audit_status": "Ready for UA review", "live_op_total_cap": null, "approved_ua_total_cap": null, "ua_name": "Bath and North East Somerset" }, "geometry": { "type": "Point", "coordinates": [ -2.3959713, 51.3696974 ] } },
{ "type": "Feature", "properties": { "park_id": "110072", "active_status": "Inactive (undergoing audit process)", "audit_status": "Make changes and resubmit", "live_op_total_cap": null, "approved_ua_total_cap": null, "ua_name": "Bath and North East Somerset" }, "geometry": { "type": "Point", "coordinates": [ -2.3841713, 51.367014 ] } },
{ "type": "Feature", "properties": { "park_id": "110073", "active_status": "Inactive (undergoing audit process)", "audit_status": "Make changes and resubmit", "live_op_total_cap": null, "approved_ua_total_cap": null, "ua_name": "Bath and North East Somerset" }, "geometry": { "type": "Point", "coordinates": [ -2.384309758413299, 51.361839979124817 ] } },
{ "type": "Feature", "properties": { "park_id": "110074", "active_status": "Inactive (undergoing audit process)", "audit_status": "Make changes and resubmit", "live_op_total_cap": null, "approved_ua_total_cap": null, "ua_name": "Bath and North East Somerset" }, "geometry": { "type": "Point", "coordinates": [ -2.3842639, 51.3610927 ] } },
{ "type": "Feature", "properties": { "park_id": "110075", "active_status": "Inactive (undergoing audit process)", "audit_status": "Make changes and resubmit", "live_op_total_cap": null, "approved_ua_total_cap": null, "ua_name": "Bath and North East Somerset" }, "geometry": { "type": "Point", "coordinates": [ -2.382420464826863, 51.353730305846902 ] } },
{ "type": "Feature", "properties": { "park_id": "110076", "active_status": "Inactive (undergoing audit process)", "audit_status": "Ready for UA review", "live_op_total_cap": null, "approved_ua_total_cap": null, "ua_name": "Bath and North East Somerset" }, "geometry": { "type": "Point", "coordinates": [ -2.3468005, 51.3605087 ] } },
{ "type": "Feature", "properties": { "park_id": "110077", "active_status": "Inactive (undergoing audit process)", "audit_status": "Make changes and resubmit", "live_op_total_cap": null, "approved_ua_total_cap": null, "ua_name": "Bath and North East Somerset" }, "geometry": { "type": "Point", "coordinates": [ -2.346260219470758, 51.365098535818333 ] } },
{ "type": "Feature", "properties": { "park_id": "100266", "active_status": "Inactive (undergoing audit process)", "audit_status": "Make changes and resubmit", "live_op_total_cap": null, "approved_ua_total_cap": null, "ua_name": "Bath and North East Somerset" }, "geometry": { "type": "Point", "coordinates": [ -2.369519017921504, 51.385769776862439 ] } },
{ "type": "Feature", "properties": { "park_id": "100267", "active_status": "Inactive (undergoing audit process)", "audit_status": "Ready for UA review", "live_op_total_cap": null, "approved_ua_total_cap": null, "ua_name": "Bath and North East Somerset" }, "geometry": { "type": "Point", "coordinates": [ -2.3699394, 51.3869739 ] } },
{ "type": "Feature", "properties": { "park_id": "100268", "active_status": "Inactive (undergoing audit process)", "audit_status": "Make changes and resubmit", "live_op_total_cap": null, "approved_ua_total_cap": null, "ua_name": "Bath and North East Somerset" }, "geometry": { "type": "Point", "coordinates": [ -2.382911837897387, 51.390990648383756 ] } },
{ "type": "Feature", "properties": { "park_id": "100269", "active_status": "Inactive (undergoing audit process)", "audit_status": "Ready for UA review", "live_op_total_cap": null, "approved_ua_total_cap": null, "ua_name": "Bath and North East Somerset" }, "geometry": { "type": "Point", "coordinates": [ -2.3172636, 51.4053646 ] } },
{ "type": "Feature", "properties": { "park_id": "100270", "active_status": "Inactive (undergoing audit process)", "audit_status": "Ready for UA review", "live_op_total_cap": null, "approved_ua_total_cap": null, "ua_name": "Bath and North East Somerset" }, "geometry": { "type": "Point", "coordinates": [ -2.348908, 51.3751407 ] } },
{ "type": "Feature", "properties": { "park_id": "100271", "active_status": "Inactive (undergoing audit process)", "audit_status": "Make changes and resubmit", "live_op_total_cap": null, "approved_ua_total_cap": null, "ua_name": "Bath and North East Somerset" }, "geometry": { "type": "Point", "coordinates": [ -2.36953751243658, 51.388248930540271 ] } },
{ "type": "Feature", "properties": { "park_id": "100272", "active_status": "Inactive (undergoing audit process)", "audit_status": "Ready for UA review", "live_op_total_cap": null, "approved_ua_total_cap": null, "ua_name": "Bath and North East Somerset" }, "geometry": { "type": "Point", "coordinates": [ -2.3564671, 51.383462499999986 ] } },
{ "type": "Feature", "properties": { "park_id": "100273", "active_status": "Inactive (undergoing audit process)", "audit_status": "Ready for UA review", "live_op_total_cap": null, "approved_ua_total_cap": null, "ua_name": "Bath and North East Somerset" }, "geometry": { "type": "Point", "coordinates": [ -2.3477265, 51.3858911 ] } },
{ "type": "Feature", "properties": { "park_id": "100274", "active_status": "Inactive (undergoing audit process)", "audit_status": "Ready for UA review", "live_op_total_cap": null, "approved_ua_total_cap": null, "ua_name": "Bath and North East Somerset" }, "geometry": { "type": "Point", "coordinates": [ -2.391230639873567, 51.3962544308866 ] } },
{ "type": "Feature", "properties": { "park_id": "100275", "active_status": "Inactive (undergoing audit process)", "audit_status": "Ready for UA review", "live_op_total_cap": null, "approved_ua_total_cap": null, "ua_name": "Bath and North East Somerset" }, "geometry": { "type": "Point", "coordinates": [ -2.392385161863257, 51.396565142792838 ] } },
{ "type": "Feature", "properties": { "park_id": "100276", "active_status": "Inactive (undergoing audit process)", "audit_status": "Make changes and resubmit", "live_op_total_cap": null, "approved_ua_total_cap": null, "ua_name": "Bath and North East Somerset" }, "geometry": { "type": "Point", "coordinates": [ -2.395849053022409, 51.400864680110637 ] } },
{ "type": "Feature", "properties": { "park_id": "100277", "active_status": "Inactive (rejected) ", "audit_status": "Rejected", "live_op_total_cap": null, "approved_ua_total_cap": null, "ua_name": "Bath and North East Somerset" }, "geometry": { "type": "Point", "coordinates": [ -2.3640449, 51.3912039 ] } },
{ "type": "Feature", "properties": { "park_id": "100278", "active_status": "Inactive (undergoing audit process)", "audit_status": "Not yet audited (requested)", "live_op_total_cap": null, "approved_ua_total_cap": null, "ua_name": "Bath and North East Somerset" }, "geometry": { "type": "Point", "coordinates": [ -2.3660851, 51.3958674 ] } },
{ "type": "Feature", "properties": { "park_id": "100279", "active_status": "Inactive (undergoing audit process)", "audit_status": "Ready for UA review", "live_op_total_cap": null, "approved_ua_total_cap": null, "ua_name": "Bath and North East Somerset" }, "geometry": { "type": "Point", "coordinates": [ -2.3753845, 51.4064723 ] } },
{ "type": "Feature", "properties": { "park_id": "100280", "active_status": "Inactive (undergoing audit process)", "audit_status": "Make changes and resubmit", "live_op_total_cap": null, "approved_ua_total_cap": null, "ua_name": "Bath and North East Somerset" }, "geometry": { "type": "Point", "coordinates": [ -2.381544178030134, 51.376058388753314 ] } },
{ "type": "Feature", "properties": { "park_id": "100281", "active_status": "Inactive (undergoing audit process)", "audit_status": "Ready for UA review", "live_op_total_cap": null, "approved_ua_total_cap": null, "ua_name": "Bath and North East Somerset" }, "geometry": { "type": "Point", "coordinates": [ -2.3730207, 51.3699496 ] } },
{ "type": "Feature", "properties": { "park_id": "100282", "active_status": "Inactive (undergoing audit process)", "audit_status": "Make changes and resubmit", "live_op_total_cap": null, "approved_ua_total_cap": null, "ua_name": "Bath and North East Somerset" }, "geometry": { "type": "Point", "coordinates": [ -2.321057, 51.3934149 ] } },
{ "type": "Feature", "properties": { "park_id": "100283", "active_status": "Inactive (undergoing audit process)", "audit_status": "Ready for UA review", "live_op_total_cap": null, "approved_ua_total_cap": null, "ua_name": "Bath and North East Somerset" }, "geometry": { "type": "Point", "coordinates": [ -2.362883485412911, 51.383912724110225 ] } },
{ "type": "Feature", "properties": { "park_id": "100284", "active_status": "Inactive (undergoing audit process)", "audit_status": "Make changes and resubmit", "live_op_total_cap": null, "approved_ua_total_cap": null, "ua_name": "Bath and North East Somerset" }, "geometry": { "type": "Point", "coordinates": [ -2.3813374, 51.3803257 ] } },
{ "type": "Feature", "properties": { "park_id": "100285", "active_status": "Inactive (undergoing audit process)", "audit_status": "Ready for UA review", "live_op_total_cap": null, "approved_ua_total_cap": null, "ua_name": "Bath and North East Somerset" }, "geometry": { "type": "Point", "coordinates": [ -2.3914687, 51.3870937 ] } },
{ "type": "Feature", "properties": { "park_id": "100286", "active_status": "Inactive (undergoing audit process)", "audit_status": "Make changes and resubmit", "live_op_total_cap": null, "approved_ua_total_cap": null, "ua_name": "Bath and North East Somerset" }, "geometry": { "type": "Point", "coordinates": [ -2.392579338101787, 51.395664404655086 ] } },
{ "type": "Feature", "properties": { "park_id": "100287", "active_status": "Inactive (rejected)", "audit_status": "Rejected", "live_op_total_cap": null, "approved_ua_total_cap": null, "ua_name": "Bath and North East Somerset" }, "geometry": { "type": "Point", "coordinates": [ -2.3464865, 51.3979505 ] } },
{ "type": "Feature", "properties": { "park_id": "100288", "active_status": "Inactive (undergoing audit process)", "audit_status": "Ready for UA review", "live_op_total_cap": null, "approved_ua_total_cap": null, "ua_name": "Bath and North East Somerset" }, "geometry": { "type": "Point", "coordinates": [ -2.350515697075114, 51.397011160952182 ] } },
{ "type": "Feature", "properties": { "park_id": "100289", "active_status": "Inactive (undergoing audit process)", "audit_status": "Ready for UA review", "live_op_total_cap": null, "approved_ua_total_cap": null, "ua_name": "Bath and North East Somerset" }, "geometry": { "type": "Point", "coordinates": [ -2.3547258, 51.397012 ] } },
{ "type": "Feature", "properties": { "park_id": "100290", "active_status": "Inactive (undergoing audit process)", "audit_status": "Make changes and resubmit", "live_op_total_cap": null, "approved_ua_total_cap": null, "ua_name": "Bath and North East Somerset" }, "geometry": { "type": "Point", "coordinates": [ -2.369271868030637, 51.399605683728907 ] } },
{ "type": "Feature", "properties": { "park_id": "100291", "active_status": "Inactive (undergoing audit process)", "audit_status": "Make changes and resubmit", "live_op_total_cap": null, "approved_ua_total_cap": null, "ua_name": "Bath and North East Somerset" }, "geometry": { "type": "Point", "coordinates": [ -2.3728402, 51.3755361 ] } },
{ "type": "Feature", "properties": { "park_id": "100292", "active_status": "Inactive (undergoing audit process)", "audit_status": "Make changes and resubmit", "live_op_total_cap": null, "approved_ua_total_cap": null, "ua_name": "Bath and North East Somerset" }, "geometry": { "type": "Point", "coordinates": [ -2.377988321843764, 51.376666953121472 ] } },
{ "type": "Feature", "properties": { "park_id": "100293", "active_status": "Inactive (undergoing audit process)", "audit_status": "Make changes and resubmit", "live_op_total_cap": null, "approved_ua_total_cap": null, "ua_name": "Bath and North East Somerset" }, "geometry": { "type": "Point", "coordinates": [ -2.361482355216504, 51.387637216027095 ] } },
{ "type": "Feature", "properties": { "park_id": "100294", "active_status": "Inactive (undergoing audit process)", "audit_status": "Make changes and resubmit", "live_op_total_cap": null, "approved_ua_total_cap": null, "ua_name": "Bath and North East Somerset" }, "geometry": { "type": "Point", "coordinates": [ -2.372311774138628, 51.368132128398507 ] } },
{ "type": "Feature", "properties": { "park_id": "100304", "active_status": "Inactive (undergoing audit process)", "audit_status": "Approved and implement", "live_op_total_cap": null, "approved_ua_total_cap": null, "ua_name": "Bath and North East Somerset" }, "geometry": { "type": "Point", "coordinates": [ -2.368299699552078, 51.392678481604619 ] } },
{ "type": "Feature", "properties": { "park_id": "100305", "active_status": "Inactive (undergoing audit process)", "audit_status": "Approved and implement", "live_op_total_cap": null, "approved_ua_total_cap": null, "ua_name": "Bath and North East Somerset" }, "geometry": { "type": "Point", "coordinates": [ -2.3596701, 51.385736 ] } },
{ "type": "Feature", "properties": { "park_id": "100306", "active_status": "Inactive (undergoing audit process)", "audit_status": "Make changes and resubmit", "live_op_total_cap": null, "approved_ua_total_cap": null, "ua_name": "Bath and North East Somerset" }, "geometry": { "type": "Point", "coordinates": [ -2.350537204539655, 51.388920969502593 ] } },
{ "type": "Feature", "properties": { "park_id": "100307", "active_status": "Inactive (undergoing audit process)", "audit_status": "Make changes and resubmit", "live_op_total_cap": null, "approved_ua_total_cap": null, "ua_name": "Bath and North East Somerset" }, "geometry": { "type": "Point", "coordinates": [ -2.366642545906442, 51.372832370791635 ] } },
{ "type": "Feature", "properties": { "park_id": "100308", "active_status": "Inactive (undergoing audit process)", "audit_status": "Make changes and resubmit", "live_op_total_cap": null, "approved_ua_total_cap": null, "ua_name": "Bath and North East Somerset" }, "geometry": { "type": "Point", "coordinates": [ -2.3661558, 51.371700599999983 ] } },
{ "type": "Feature", "properties": { "park_id": "100309", "active_status": "Inactive (undergoing audit process)", "audit_status": "Make changes and resubmit", "live_op_total_cap": null, "approved_ua_total_cap": null, "ua_name": "Bath and North East Somerset" }, "geometry": { "type": "Point", "coordinates": [ -2.36023, 51.393 ] } },
{ "type": "Feature", "properties": { "park_id": "100310", "active_status": "Inactive (undergoing audit process)", "audit_status": "Make changes and resubmit", "live_op_total_cap": null, "approved_ua_total_cap": null, "ua_name": "Bath and North East Somerset" }, "geometry": { "type": "Point", "coordinates": [ -2.360788590814127, 51.390336326579892 ] } },
{ "type": "Feature", "properties": { "park_id": "110078", "active_status": "Inactive (rejected)", "audit_status": "Rejected", "live_op_total_cap": null, "approved_ua_total_cap": null, "ua_name": "Bath and North East Somerset" }, "geometry": { "type": "Point", "coordinates": [ -2.3825904, 51.3615365 ] } },
{ "type": "Feature", "properties": { "park_id": "110079", "active_status": "Inactive (rejected)", "audit_status": "Rejected", "live_op_total_cap": null, "approved_ua_total_cap": null, "ua_name": "Bath and North East Somerset" }, "geometry": { "type": "Point", "coordinates": [ -2.3827848, 51.3615859 ] } },
{ "type": "Feature", "properties": { "park_id": "110080", "active_status": "Inactive (rejected)", "audit_status": "Rejected", "live_op_total_cap": null, "approved_ua_total_cap": null, "ua_name": "Bath and North East Somerset" }, "geometry": { "type": "Point", "coordinates": [ -2.38438, 51.3616329 ] } },
{ "type": "Feature", "properties": { "park_id": "110081", "active_status": "Inactive (rejected)", "audit_status": "Rejected", "live_op_total_cap": null, "approved_ua_total_cap": null, "ua_name": "Bath and North East Somerset" }, "geometry": { "type": "Point", "coordinates": [ -2.3840063, 51.3602099 ] } },
{ "type": "Feature", "properties": { "park_id": "110082", "active_status": "Inactive (rejected)", "audit_status": "Rejected", "live_op_total_cap": null, "approved_ua_total_cap": null, "ua_name": "Bath and North East Somerset" }, "geometry": { "type": "Point", "coordinates": [ -2.381896, 51.3570328 ] } },
{ "type": "Feature", "properties": { "park_id": "110083", "active_status": "Inactive (rejected)", "audit_status": "Rejected", "live_op_total_cap": null, "approved_ua_total_cap": null, "ua_name": "Bath and North East Somerset" }, "geometry": { "type": "Point", "coordinates": [ -2.3813954, 51.3571974 ] } },
{ "type": "Feature", "properties": { "park_id": "110084", "active_status": "Inactive (rejected)", "audit_status": "Rejected", "live_op_total_cap": null, "approved_ua_total_cap": null, "ua_name": "Bath and North East Somerset" }, "geometry": { "type": "Point", "coordinates": [ -2.3803958, 51.358579499999983 ] } },
{ "type": "Feature", "properties": { "park_id": "110085", "active_status": "Inactive (rejected)", "audit_status": "Rejected", "live_op_total_cap": null, "approved_ua_total_cap": null, "ua_name": "Bath and North East Somerset" }, "geometry": { "type": "Point", "coordinates": [ -2.3806445, 51.3607135 ] } },
{ "type": "Feature", "properties": { "park_id": "110086", "active_status": "Inactive (rejected)", "audit_status": "Rejected", "live_op_total_cap": null, "approved_ua_total_cap": null, "ua_name": "Bath and North East Somerset" }, "geometry": { "type": "Point", "coordinates": [ -2.3788953, 51.359906100000011 ] } },
{ "type": "Feature", "properties": { "park_id": "110087", "active_status": "Inactive (rejected)", "audit_status": "Rejected", "live_op_total_cap": null, "approved_ua_total_cap": null, "ua_name": "Bath and North East Somerset" }, "geometry": { "type": "Point", "coordinates": [ -2.3796215, 51.3594632 ] } },
{ "type": "Feature", "properties": { "park_id": "110088", "active_status": "Inactive (rejected)", "audit_status": "Rejected", "live_op_total_cap": null, "approved_ua_total_cap": null, "ua_name": "Bath and North East Somerset" }, "geometry": { "type": "Point", "coordinates": [ -2.3956036, 51.3801987 ] } },
{ "type": "Feature", "properties": { "park_id": "110089", "active_status": "Inactive (rejected)", "audit_status": "Rejected", "live_op_total_cap": null, "approved_ua_total_cap": null, "ua_name": "Bath and North East Somerset" }, "geometry": { "type": "Point", "coordinates": [ -2.3751315, 51.35878240000001 ] } },
{ "type": "Feature", "properties": { "park_id": "110090", "active_status": "Inactive (rejected)", "audit_status": "Rejected", "live_op_total_cap": null, "approved_ua_total_cap": null, "ua_name": "Bath and North East Somerset" }, "geometry": { "type": "Point", "coordinates": [ -2.3765064, 51.3645048 ] } },
{ "type": "Feature", "properties": { "park_id": "110091", "active_status": "Inactive (rejected)", "audit_status": "Rejected", "live_op_total_cap": null, "approved_ua_total_cap": null, "ua_name": "Bath and North East Somerset" }, "geometry": { "type": "Point", "coordinates": [ -2.3703906, 51.3623427 ] } },
{ "type": "Feature", "properties": { "park_id": "110092", "active_status": "Inactive (rejected)", "audit_status": "Rejected", "live_op_total_cap": null, "approved_ua_total_cap": null, "ua_name": "Bath and North East Somerset" }, "geometry": { "type": "Point", "coordinates": [ -2.3729318, 51.3598407 ] } },
{ "type": "Feature", "properties": { "park_id": "110093", "active_status": "Inactive (rejected)", "audit_status": "Rejected", "live_op_total_cap": null, "approved_ua_total_cap": null, "ua_name": "Bath and North East Somerset" }, "geometry": { "type": "Point", "coordinates": [ -2.3947039, 51.3799426 ] } },
{ "type": "Feature", "properties": { "park_id": "110094", "active_status": "Inactive (rejected)", "audit_status": "Rejected", "live_op_total_cap": null, "approved_ua_total_cap": null, "ua_name": "Bath and North East Somerset" }, "geometry": { "type": "Point", "coordinates": [ -2.3755372, 51.355891099999987 ] } },
{ "type": "Feature", "properties": { "park_id": "110095", "active_status": "Inactive (rejected)", "audit_status": "Rejected", "live_op_total_cap": null, "approved_ua_total_cap": null, "ua_name": "Bath and North East Somerset" }, "geometry": { "type": "Point", "coordinates": [ -2.375308, 51.3561478 ] } },
{ "type": "Feature", "properties": { "park_id": "110096", "active_status": "Inactive (rejected)", "audit_status": "Rejected", "live_op_total_cap": null, "approved_ua_total_cap": null, "ua_name": "Bath and North East Somerset" }, "geometry": { "type": "Point", "coordinates": [ -2.3940575, 51.379879 ] } },
{ "type": "Feature", "properties": { "park_id": "110097", "active_status": "Inactive (rejected)", "audit_status": "Rejected", "live_op_total_cap": null, "approved_ua_total_cap": null, "ua_name": "Bath and North East Somerset" }, "geometry": { "type": "Point", "coordinates": [ -2.3658926, 51.3558839 ] } },
{ "type": "Feature", "properties": { "park_id": "110098", "active_status": "Inactive (rejected)", "audit_status": "Rejected", "live_op_total_cap": null, "approved_ua_total_cap": null, "ua_name": "Bath and North East Somerset" }, "geometry": { "type": "Point", "coordinates": [ -2.3678708, 51.356913599999984 ] } },
{ "type": "Feature", "properties": { "park_id": "110099", "active_status": "Inactive (rejected)", "audit_status": "Rejected", "live_op_total_cap": null, "approved_ua_total_cap": null, "ua_name": "Bath and North East Somerset" }, "geometry": { "type": "Point", "coordinates": [ -2.3634411, 51.3583879 ] } },
{ "type": "Feature", "properties": { "park_id": "110100", "active_status": "Inactive (rejected)", "audit_status": "Rejected", "live_op_total_cap": null, "approved_ua_total_cap": null, "ua_name": "Bath and North East Somerset" }, "geometry": { "type": "Point", "coordinates": [ -2.3598562, 51.3589369 ] } },
{ "type": "Feature", "properties": { "park_id": "110101", "active_status": "Inactive (rejected)", "audit_status": "Rejected", "live_op_total_cap": null, "approved_ua_total_cap": null, "ua_name": "Bath and North East Somerset" }, "geometry": { "type": "Point", "coordinates": [ -2.3650921, 51.3623493 ] } },
{ "type": "Feature", "properties": { "park_id": "110102", "active_status": "Inactive (rejected)", "audit_status": "Rejected", "live_op_total_cap": null, "approved_ua_total_cap": null, "ua_name": "Bath and North East Somerset" }, "geometry": { "type": "Point", "coordinates": [ -2.3939858, 51.379768 ] } },
{ "type": "Feature", "properties": { "park_id": "110103", "active_status": "Inactive (rejected)", "audit_status": "Rejected", "live_op_total_cap": null, "approved_ua_total_cap": null, "ua_name": "Bath and North East Somerset" }, "geometry": { "type": "Point", "coordinates": [ -2.3776574, 51.3676317 ] } },
{ "type": "Feature", "properties": { "park_id": "110104", "active_status": "Inactive (rejected)", "audit_status": "Rejected", "live_op_total_cap": null, "approved_ua_total_cap": null, "ua_name": "Bath and North East Somerset" }, "geometry": { "type": "Point", "coordinates": [ -2.3917222, 51.379979 ] } },
{ "type": "Feature", "properties": { "park_id": "110105", "active_status": "Inactive (rejected)", "audit_status": "Rejected", "live_op_total_cap": null, "approved_ua_total_cap": null, "ua_name": "Bath and North East Somerset" }, "geometry": { "type": "Point", "coordinates": [ -2.366188, 51.371943399999985 ] } },
{ "type": "Feature", "properties": { "park_id": "110106", "active_status": "Inactive (rejected)", "audit_status": "Rejected", "live_op_total_cap": null, "approved_ua_total_cap": null, "ua_name": "Bath and North East Somerset" }, "geometry": { "type": "Point", "coordinates": [ -2.366268, 51.3739875 ] } },
{ "type": "Feature", "properties": { "park_id": "110107", "active_status": "Inactive (rejected)", "audit_status": "Rejected", "live_op_total_cap": null, "approved_ua_total_cap": null, "ua_name": "Bath and North East Somerset" }, "geometry": { "type": "Point", "coordinates": [ -2.3661259, 51.3734492 ] } },
{ "type": "Feature", "properties": { "park_id": "110108", "active_status": "Inactive (rejected)", "audit_status": "Rejected", "live_op_total_cap": null, "approved_ua_total_cap": null, "ua_name": "Bath and North East Somerset" }, "geometry": { "type": "Point", "coordinates": [ -2.3377007, 51.3631691 ] } },
{ "type": "Feature", "properties": { "park_id": "110109", "active_status": "Inactive (rejected)", "audit_status": "Rejected", "live_op_total_cap": null, "approved_ua_total_cap": null, "ua_name": "Bath and North East Somerset" }, "geometry": { "type": "Point", "coordinates": [ -2.3402042, 51.3628863 ] } },
{ "type": "Feature", "properties": { "park_id": "110110", "active_status": "Inactive (rejected)", "audit_status": "Rejected", "live_op_total_cap": null, "approved_ua_total_cap": null, "ua_name": "Bath and North East Somerset" }, "geometry": { "type": "Point", "coordinates": [ -2.3430664, 51.3624912 ] } },
{ "type": "Feature", "properties": { "park_id": "110111", "active_status": "Inactive (rejected)", "audit_status": "Rejected", "live_op_total_cap": null, "approved_ua_total_cap": null, "ua_name": "Bath and North East Somerset" }, "geometry": { "type": "Point", "coordinates": [ -2.3448219, 51.3625867 ] } },
{ "type": "Feature", "properties": { "park_id": "110112", "active_status": "Inactive (rejected)", "audit_status": "Rejected", "live_op_total_cap": null, "approved_ua_total_cap": null, "ua_name": "Bath and North East Somerset" }, "geometry": { "type": "Point", "coordinates": [ -2.3450664, 51.362386 ] } },
{ "type": "Feature", "properties": { "park_id": "110113", "active_status": "Inactive (rejected)", "audit_status": "Rejected", "live_op_total_cap": null, "approved_ua_total_cap": null, "ua_name": "Bath and North East Somerset" }, "geometry": { "type": "Point", "coordinates": [ -2.345165, 51.362556899999987 ] } },
{ "type": "Feature", "properties": { "park_id": "110114", "active_status": "Inactive (rejected)", "audit_status": "Rejected", "live_op_total_cap": null, "approved_ua_total_cap": null, "ua_name": "Bath and North East Somerset" }, "geometry": { "type": "Point", "coordinates": [ -2.3538076, 51.3599011 ] } },
{ "type": "Feature", "properties": { "park_id": "110115", "active_status": "Inactive (rejected)", "audit_status": "Rejected", "live_op_total_cap": null, "approved_ua_total_cap": null, "ua_name": "Bath and North East Somerset" }, "geometry": { "type": "Point", "coordinates": [ -2.3540436, 51.3598618 ] } },
{ "type": "Feature", "properties": { "park_id": "110116", "active_status": "Inactive (rejected)", "audit_status": "Rejected", "live_op_total_cap": null, "approved_ua_total_cap": null, "ua_name": "Bath and North East Somerset" }, "geometry": { "type": "Point", "coordinates": [ -2.3565917, 51.3621361 ] } },
{ "type": "Feature", "properties": { "park_id": "110117", "active_status": "Inactive (rejected)", "audit_status": "Rejected", "live_op_total_cap": null, "approved_ua_total_cap": null, "ua_name": "Bath and North East Somerset" }, "geometry": { "type": "Point", "coordinates": [ -2.3478224, 51.3592217 ] } },
{ "type": "Feature", "properties": { "park_id": "110118", "active_status": "Inactive (rejected)", "audit_status": "Rejected", "live_op_total_cap": null, "approved_ua_total_cap": null, "ua_name": "Bath and North East Somerset" }, "geometry": { "type": "Point", "coordinates": [ -2.347326, 51.359117 ] } },
{ "type": "Feature", "properties": { "park_id": "110119", "active_status": "Inactive (rejected)", "audit_status": "Rejected", "live_op_total_cap": null, "approved_ua_total_cap": null, "ua_name": "Bath and North East Somerset" }, "geometry": { "type": "Point", "coordinates": [ -2.3568951, 51.3593785 ] } },
{ "type": "Feature", "properties": { "park_id": "110120", "active_status": "Inactive (rejected)", "audit_status": "Rejected", "live_op_total_cap": null, "approved_ua_total_cap": null, "ua_name": "Bath and North East Somerset" }, "geometry": { "type": "Point", "coordinates": [ -2.3521192, 51.360267 ] } },
{ "type": "Feature", "properties": { "park_id": "110121", "active_status": "Inactive (rejected)", "audit_status": "Rejected", "live_op_total_cap": null, "approved_ua_total_cap": null, "ua_name": "Bath and North East Somerset" }, "geometry": { "type": "Point", "coordinates": [ -2.3569321, 51.3603011 ] } },
{ "type": "Feature", "properties": { "park_id": "110122", "active_status": "Inactive (rejected)", "audit_status": "Rejected", "live_op_total_cap": null, "approved_ua_total_cap": null, "ua_name": "Bath and North East Somerset" }, "geometry": { "type": "Point", "coordinates": [ -2.3911282, 51.3781662 ] } },
{ "type": "Feature", "properties": { "park_id": "110123", "active_status": "Inactive (rejected)", "audit_status": "Rejected", "live_op_total_cap": null, "approved_ua_total_cap": null, "ua_name": "Bath and North East Somerset" }, "geometry": { "type": "Point", "coordinates": [ -2.3487719, 51.3723495 ] } },
{ "type": "Feature", "properties": { "park_id": "110124", "active_status": "Inactive (rejected)", "audit_status": "Rejected", "live_op_total_cap": null, "approved_ua_total_cap": null, "ua_name": "Bath and North East Somerset" }, "geometry": { "type": "Point", "coordinates": [ -2.351266, 51.374145 ] } },
{ "type": "Feature", "properties": { "park_id": "110125", "active_status": "Inactive (rejected)", "audit_status": "Rejected", "live_op_total_cap": null, "approved_ua_total_cap": null, "ua_name": "Bath and North East Somerset" }, "geometry": { "type": "Point", "coordinates": [ -2.3909311, 51.378111 ] } },
{ "type": "Feature", "properties": { "park_id": "110126", "active_status": "Inactive (rejected)", "audit_status": "Rejected", "live_op_total_cap": null, "approved_ua_total_cap": null, "ua_name": "Bath and North East Somerset" }, "geometry": { "type": "Point", "coordinates": [ -2.3905532, 51.3760956 ] } },
{ "type": "Feature", "properties": { "park_id": "110127", "active_status": "Inactive (rejected)", "audit_status": "Rejected", "live_op_total_cap": null, "approved_ua_total_cap": null, "ua_name": "Bath and North East Somerset" }, "geometry": { "type": "Point", "coordinates": [ -2.3955511, 51.3998432 ] } },
{ "type": "Feature", "properties": { "park_id": "110128", "active_status": "Inactive (rejected)", "audit_status": "Rejected", "live_op_total_cap": null, "approved_ua_total_cap": null, "ua_name": "Bath and North East Somerset" }, "geometry": { "type": "Point", "coordinates": [ -2.3760377, 51.3739521 ] } },
{ "type": "Feature", "properties": { "park_id": "110129", "active_status": "Inactive (rejected)", "audit_status": "Rejected", "live_op_total_cap": null, "approved_ua_total_cap": null, "ua_name": "Bath and North East Somerset" }, "geometry": { "type": "Point", "coordinates": [ -2.3939325, 51.3975125 ] } },
{ "type": "Feature", "properties": { "park_id": "110130", "active_status": "Inactive (rejected)", "audit_status": "Rejected", "live_op_total_cap": null, "approved_ua_total_cap": null, "ua_name": "Bath and North East Somerset" }, "geometry": { "type": "Point", "coordinates": [ -2.3726932, 51.3773202 ] } },
{ "type": "Feature", "properties": { "park_id": "110131", "active_status": "Inactive (rejected)", "audit_status": "Rejected", "live_op_total_cap": null, "approved_ua_total_cap": null, "ua_name": "Bath and North East Somerset" }, "geometry": { "type": "Point", "coordinates": [ -2.3460398, 51.3649399 ] } },
{ "type": "Feature", "properties": { "park_id": "110132", "active_status": "Inactive (rejected)", "audit_status": "Rejected", "live_op_total_cap": null, "approved_ua_total_cap": null, "ua_name": "Bath and North East Somerset" }, "geometry": { "type": "Point", "coordinates": [ -2.3889759, 51.386123 ] } },
{ "type": "Feature", "properties": { "park_id": "110133", "active_status": "Inactive (rejected)", "audit_status": "Rejected", "live_op_total_cap": null, "approved_ua_total_cap": null, "ua_name": "Bath and North East Somerset" }, "geometry": { "type": "Point", "coordinates": [ -2.3883332, 51.3827623 ] } },
{ "type": "Feature", "properties": { "park_id": "110134", "active_status": "Inactive (rejected)", "audit_status": "Rejected", "live_op_total_cap": null, "approved_ua_total_cap": null, "ua_name": "Bath and North East Somerset" }, "geometry": { "type": "Point", "coordinates": [ -2.400975, 51.370519 ] } },
{ "type": "Feature", "properties": { "park_id": "110135", "active_status": "Inactive (rejected)", "audit_status": "Rejected", "live_op_total_cap": null, "approved_ua_total_cap": null, "ua_name": "Bath and North East Somerset" }, "geometry": { "type": "Point", "coordinates": [ -2.3736496, 51.3822041 ] } },
{ "type": "Feature", "properties": { "park_id": "110136", "active_status": "Inactive (rejected)", "audit_status": "Rejected", "live_op_total_cap": null, "approved_ua_total_cap": null, "ua_name": "Bath and North East Somerset" }, "geometry": { "type": "Point", "coordinates": [ -2.3941509, 51.3798623 ] } },
{ "type": "Feature", "properties": { "park_id": "110137", "active_status": "Inactive (rejected)", "audit_status": "Rejected", "live_op_total_cap": null, "approved_ua_total_cap": null, "ua_name": "Bath and North East Somerset" }, "geometry": { "type": "Point", "coordinates": [ -2.3922279, 51.380100899999988 ] } },
{ "type": "Feature", "properties": { "park_id": "110138", "active_status": "Inactive (rejected)", "audit_status": "Rejected", "live_op_total_cap": null, "approved_ua_total_cap": null, "ua_name": "Bath and North East Somerset" }, "geometry": { "type": "Point", "coordinates": [ -2.3910237, 51.3771709 ] } },
{ "type": "Feature", "properties": { "park_id": "110139", "active_status": "Inactive (rejected)", "audit_status": "Rejected", "live_op_total_cap": null, "approved_ua_total_cap": null, "ua_name": "Bath and North East Somerset" }, "geometry": { "type": "Point", "coordinates": [ -2.3906745, 51.3769257 ] } },
{ "type": "Feature", "properties": { "park_id": "110140", "active_status": "Inactive (rejected)", "audit_status": "Rejected", "live_op_total_cap": null, "approved_ua_total_cap": null, "ua_name": "Bath and North East Somerset" }, "geometry": { "type": "Point", "coordinates": [ -2.3942587, 51.374352 ] } },
{ "type": "Feature", "properties": { "park_id": "110141", "active_status": "Inactive (rejected)", "audit_status": "Rejected", "live_op_total_cap": null, "approved_ua_total_cap": null, "ua_name": "Bath and North East Somerset" }, "geometry": { "type": "Point", "coordinates": [ -2.4056732, 51.3740505 ] } },
{ "type": "Feature", "properties": { "park_id": "110142", "active_status": "Inactive (rejected)", "audit_status": "Rejected", "live_op_total_cap": null, "approved_ua_total_cap": null, "ua_name": "Bath and North East Somerset" }, "geometry": { "type": "Point", "coordinates": [ -2.4055163, 51.3739166 ] } },
{ "type": "Feature", "properties": { "park_id": "110143", "active_status": "Inactive (rejected)", "audit_status": "Rejected", "live_op_total_cap": null, "approved_ua_total_cap": null, "ua_name": "Bath and North East Somerset" }, "geometry": { "type": "Point", "coordinates": [ -2.4063527, 51.3751828 ] } },
{ "type": "Feature", "properties": { "park_id": "110144", "active_status": "Inactive (rejected)", "audit_status": "Rejected", "live_op_total_cap": null, "approved_ua_total_cap": null, "ua_name": "Bath and North East Somerset" }, "geometry": { "type": "Point", "coordinates": [ -2.3965434, 51.3755761 ] } },
{ "type": "Feature", "properties": { "park_id": "110145", "active_status": "Inactive (rejected)", "audit_status": "Rejected", "live_op_total_cap": null, "approved_ua_total_cap": null, "ua_name": "Bath and North East Somerset" }, "geometry": { "type": "Point", "coordinates": [ -2.3967754, 51.375731799999983 ] } },
{ "type": "Feature", "properties": { "park_id": "110146", "active_status": "Inactive (rejected)", "audit_status": "Rejected", "live_op_total_cap": null, "approved_ua_total_cap": null, "ua_name": "Bath and North East Somerset" }, "geometry": { "type": "Point", "coordinates": [ -2.400953, 51.3761939 ] } },
{ "type": "Feature", "properties": { "park_id": "110147", "active_status": "Inactive (rejected)", "audit_status": "Rejected", "live_op_total_cap": null, "approved_ua_total_cap": null, "ua_name": "Bath and North East Somerset" }, "geometry": { "type": "Point", "coordinates": [ -2.4002141, 51.3762408 ] } },
{ "type": "Feature", "properties": { "park_id": "110148", "active_status": "Inactive (rejected)", "audit_status": "Rejected", "live_op_total_cap": null, "approved_ua_total_cap": null, "ua_name": "Bath and North East Somerset" }, "geometry": { "type": "Point", "coordinates": [ -2.4021723, 51.3761285 ] } },
{ "type": "Feature", "properties": { "park_id": "110149", "active_status": "Inactive (rejected)", "audit_status": "Rejected", "live_op_total_cap": null, "approved_ua_total_cap": null, "ua_name": "Bath and North East Somerset" }, "geometry": { "type": "Point", "coordinates": [ -2.3997224, 51.3813287 ] } },
{ "type": "Feature", "properties": { "park_id": "110150", "active_status": "Inactive (rejected)", "audit_status": "Rejected", "live_op_total_cap": null, "approved_ua_total_cap": null, "ua_name": "Bath and North East Somerset" }, "geometry": { "type": "Point", "coordinates": [ -2.3991526, 51.372340199999989 ] } },
{ "type": "Feature", "properties": { "park_id": "110151", "active_status": "Inactive (rejected)", "audit_status": "Rejected", "live_op_total_cap": null, "approved_ua_total_cap": null, "ua_name": "Bath and North East Somerset" }, "geometry": { "type": "Point", "coordinates": [ -2.3972049, 51.375113399999989 ] } },
{ "type": "Feature", "properties": { "park_id": "110152", "active_status": "Inactive (rejected)", "audit_status": "Rejected", "live_op_total_cap": null, "approved_ua_total_cap": null, "ua_name": "Bath and North East Somerset" }, "geometry": { "type": "Point", "coordinates": [ -2.4010508, 51.3723463 ] } },
{ "type": "Feature", "properties": { "park_id": "110153", "active_status": "Inactive (rejected)", "audit_status": "Rejected", "live_op_total_cap": null, "approved_ua_total_cap": null, "ua_name": "Bath and North East Somerset" }, "geometry": { "type": "Point", "coordinates": [ -2.4044449, 51.3763617 ] } },
{ "type": "Feature", "properties": { "park_id": "110154", "active_status": "Inactive (rejected)", "audit_status": "Rejected", "live_op_total_cap": null, "approved_ua_total_cap": null, "ua_name": "Bath and North East Somerset" }, "geometry": { "type": "Point", "coordinates": [ -2.4041606, 51.3764111 ] } },
{ "type": "Feature", "properties": { "park_id": "110155", "active_status": "Inactive (rejected)", "audit_status": "Rejected", "live_op_total_cap": null, "approved_ua_total_cap": null, "ua_name": "Bath and North East Somerset" }, "geometry": { "type": "Point", "coordinates": [ -2.4037517, 51.3780987 ] } },
{ "type": "Feature", "properties": { "park_id": "110156", "active_status": "Inactive (rejected)", "audit_status": "Rejected", "live_op_total_cap": null, "approved_ua_total_cap": null, "ua_name": "Bath and North East Somerset" }, "geometry": { "type": "Point", "coordinates": [ -2.4018238, 51.3791838 ] } },
{ "type": "Feature", "properties": { "park_id": "100035", "active_status": "Active", "audit_status": "Approved and implement", "live_op_total_cap": 6, "approved_ua_total_cap": null, "ua_name": "Bath and North East Somerset" }, "geometry": { "type": "Point", "coordinates": [ -2.376936599999965, 51.385294300000055 ] } },
{ "type": "Feature", "properties": { "park_id": "100036", "active_status": "Active", "audit_status": "Approved and implement", "live_op_total_cap": 8, "approved_ua_total_cap": null, "ua_name": "Bath and North East Somerset" }, "geometry": { "type": "Point", "coordinates": [ -2.346937799999978, 51.382229700000039 ] } },
{ "type": "Feature", "properties": { "park_id": "100037", "active_status": "Active", "audit_status": "Approved and implement", "live_op_total_cap": 10, "approved_ua_total_cap": 7, "ua_name": "Bath and North East Somerset" }, "geometry": { "type": "Point", "coordinates": [ -2.356564899999967, 51.383452500000033 ] } },
{ "type": "Feature", "properties": { "park_id": "100038", "active_status": "Active", "audit_status": "Approved and implement", "live_op_total_cap": 8, "approved_ua_total_cap": null, "ua_name": "Bath and North East Somerset" }, "geometry": { "type": "Point", "coordinates": [ -2.35140569999993, 51.381989900000065 ] } },
{ "type": "Feature", "properties": { "park_id": "100039", "active_status": "Active", "audit_status": "Approved and implement", "live_op_total_cap": 6, "approved_ua_total_cap": null, "ua_name": "Bath and North East Somerset" }, "geometry": { "type": "Point", "coordinates": [ -2.351231, 51.383719900000074 ] } },
{ "type": "Feature", "properties": { "park_id": "100040", "active_status": "Active", "audit_status": "Approved and implement", "live_op_total_cap": 8, "approved_ua_total_cap": null, "ua_name": "Bath and North East Somerset" }, "geometry": { "type": "Point", "coordinates": [ -2.351670499999955, 51.384221700000069 ] } },
{ "type": "Feature", "properties": { "park_id": "100041", "active_status": "Active", "audit_status": "Approved and implement", "live_op_total_cap": 6, "approved_ua_total_cap": null, "ua_name": "Bath and North East Somerset" }, "geometry": { "type": "Point", "coordinates": [ -2.351252599999953, 51.385368 ] } },
{ "type": "Feature", "properties": { "park_id": "100042", "active_status": "Active", "audit_status": "Approved and implement", "live_op_total_cap": 8, "approved_ua_total_cap": null, "ua_name": "Bath and North East Somerset" }, "geometry": { "type": "Point", "coordinates": [ -2.34740869999996, 51.386143100000027 ] } },
{ "type": "Feature", "properties": { "park_id": "100043", "active_status": "Active", "audit_status": "Approved and implement", "live_op_total_cap": 10, "approved_ua_total_cap": 8, "ua_name": "Bath and North East Somerset" }, "geometry": { "type": "Point", "coordinates": [ -2.347131399999967, 51.387211800000046 ] } },
{ "type": "Feature", "properties": { "park_id": "100044", "active_status": "Deactivated", "audit_status": "Approved and implement", "live_op_total_cap": 0, "approved_ua_total_cap": null, "ua_name": "Bath and North East Somerset" }, "geometry": { "type": "Point", "coordinates": [ -2.381259599999964, 51.379145400000027 ] } },
{ "type": "Feature", "properties": { "park_id": "100045", "active_status": "Active", "audit_status": "Approved and implement", "live_op_total_cap": 10, "approved_ua_total_cap": null, "ua_name": "Bath and North East Somerset" }, "geometry": { "type": "Point", "coordinates": [ -2.362005099999976, 51.377719700000057 ] } },
{ "type": "Feature", "properties": { "park_id": "100046", "active_status": "Active", "audit_status": "Approved and implement", "live_op_total_cap": 12, "approved_ua_total_cap": null, "ua_name": "Bath and North East Somerset" }, "geometry": { "type": "Point", "coordinates": [ -2.368732799999975, 51.378284700000052 ] } },
{ "type": "Feature", "properties": { "park_id": "100047", "active_status": "Active", "audit_status": "Approved and implement", "live_op_total_cap": 6, "approved_ua_total_cap": null, "ua_name": "Bath and North East Somerset" }, "geometry": { "type": "Point", "coordinates": [ -2.376571299999966, 51.379060400000071 ] } },
{ "type": "Feature", "properties": { "park_id": "100048", "active_status": "Active", "audit_status": "Approved and implement", "live_op_total_cap": 6, "approved_ua_total_cap": null, "ua_name": "Bath and North East Somerset" }, "geometry": { "type": "Point", "coordinates": [ -2.376011799999958, 51.37936330000008 ] } },
{ "type": "Feature", "properties": { "park_id": "100049", "active_status": "Active", "audit_status": "Approved and implement", "live_op_total_cap": 8, "approved_ua_total_cap": null, "ua_name": "Bath and North East Somerset" }, "geometry": { "type": "Point", "coordinates": [ -2.384643799999935, 51.380293700000038 ] } },
{ "type": "Feature", "properties": { "park_id": "100050", "active_status": "Active", "audit_status": "Approved and implement", "live_op_total_cap": 8, "approved_ua_total_cap": null, "ua_name": "Bath and North East Somerset" }, "geometry": { "type": "Point", "coordinates": [ -2.387640899999951, 51.380797500000028 ] } },
{ "type": "Feature", "properties": { "park_id": "100051", "active_status": "Active", "audit_status": "Approved and implement", "live_op_total_cap": 8, "approved_ua_total_cap": null, "ua_name": "Bath and North East Somerset" }, "geometry": { "type": "Point", "coordinates": [ -2.381439199999932, 51.382255400000076 ] } },
{ "type": "Feature", "properties": { "park_id": "100052", "active_status": "Active", "audit_status": "Approved and implement", "live_op_total_cap": 8, "approved_ua_total_cap": null, "ua_name": "Bath and North East Somerset" }, "geometry": { "type": "Point", "coordinates": [ -2.380753799999979, 51.382152400000052 ] } },
{ "type": "Feature", "properties": { "park_id": "100053", "active_status": "Active", "audit_status": "Approved and implement", "live_op_total_cap": 10, "approved_ua_total_cap": null, "ua_name": "Bath and North East Somerset" }, "geometry": { "type": "Point", "coordinates": [ -2.376780599999961, 51.382728100000065 ] } },
{ "type": "Feature", "properties": { "park_id": "100054", "active_status": "Active", "audit_status": "Approved and implement", "live_op_total_cap": 6, "approved_ua_total_cap": null, "ua_name": "Bath and North East Somerset" }, "geometry": { "type": "Point", "coordinates": [ -2.376300199999946, 51.38356310000006 ] } },
{ "type": "Feature", "properties": { "park_id": "100055", "active_status": "Active", "audit_status": "Approved and implement", "live_op_total_cap": 6, "approved_ua_total_cap": null, "ua_name": "Bath and North East Somerset" }, "geometry": { "type": "Point", "coordinates": [ -2.377284, 51.383823 ] } },
{ "type": "Feature", "properties": { "park_id": "100056", "active_status": "Active", "audit_status": "Approved and implement", "live_op_total_cap": 8, "approved_ua_total_cap": null, "ua_name": "Bath and North East Somerset" }, "geometry": { "type": "Point", "coordinates": [ -2.374008299999957, 51.382228500000053 ] } },
{ "type": "Feature", "properties": { "park_id": "100057", "active_status": "Active", "audit_status": "Approved and implement", "live_op_total_cap": 15, "approved_ua_total_cap": null, "ua_name": "Bath and North East Somerset" }, "geometry": { "type": "Point", "coordinates": [ -2.366479899999945, 51.380972600000064 ] } },
{ "type": "Feature", "properties": { "park_id": "100058", "active_status": "Deactivated", "audit_status": "Approved and implement", "live_op_total_cap": 0, "approved_ua_total_cap": 8, "ua_name": "Bath and North East Somerset" }, "geometry": { "type": "Point", "coordinates": [ -2.366535799999951, 51.381257600000026 ] } },
{ "type": "Feature", "properties": { "park_id": "100059", "active_status": "Deactivated", "audit_status": "Approved and implement", "live_op_total_cap": 0, "approved_ua_total_cap": null, "ua_name": "Bath and North East Somerset" }, "geometry": { "type": "Point", "coordinates": [ -2.366195699999935, 51.381365900000048 ] } },
{ "type": "Feature", "properties": { "park_id": "100060", "active_status": "Active", "audit_status": "Approved and implement", "live_op_total_cap": 10, "approved_ua_total_cap": null, "ua_name": "Bath and North East Somerset" }, "geometry": { "type": "Point", "coordinates": [ -2.365859399999977, 51.381295800000032 ] } },
{ "type": "Feature", "properties": { "park_id": "100061", "active_status": "Active", "audit_status": "Approved and implement", "live_op_total_cap": 8, "approved_ua_total_cap": null, "ua_name": "Bath and North East Somerset" }, "geometry": { "type": "Point", "coordinates": [ -2.365527899999961, 51.382187600000066 ] } },
{ "type": "Feature", "properties": { "park_id": "100062", "active_status": "Active", "audit_status": "Approved and implement", "live_op_total_cap": 8, "approved_ua_total_cap": null, "ua_name": "Bath and North East Somerset" }, "geometry": { "type": "Point", "coordinates": [ -2.370548199999973, 51.383314200000029 ] } },
{ "type": "Feature", "properties": { "park_id": "100063", "active_status": "Active", "audit_status": "Approved and implement", "live_op_total_cap": 10, "approved_ua_total_cap": null, "ua_name": "Bath and North East Somerset" }, "geometry": { "type": "Point", "coordinates": [ -2.371875599999953, 51.383348 ] } },
{ "type": "Feature", "properties": { "park_id": "100064", "active_status": "Active", "audit_status": "Approved and implement", "live_op_total_cap": 8, "approved_ua_total_cap": null, "ua_name": "Bath and North East Somerset" }, "geometry": { "type": "Point", "coordinates": [ -2.381681199999946, 51.384464800000046 ] } },
{ "type": "Feature", "properties": { "park_id": "100065", "active_status": "Active", "audit_status": "Approved and implement", "live_op_total_cap": 16, "approved_ua_total_cap": null, "ua_name": "Bath and North East Somerset" }, "geometry": { "type": "Point", "coordinates": [ -2.388376299999948, 51.382743700000049 ] } },
{ "type": "Feature", "properties": { "park_id": "100066", "active_status": "Deactivated", "audit_status": "Approved and implement", "live_op_total_cap": 0, "approved_ua_total_cap": null, "ua_name": "Bath and North East Somerset" }, "geometry": { "type": "Point", "coordinates": [ -2.395772399999942, 51.385078 ] } },
{ "type": "Feature", "properties": { "park_id": "100067", "active_status": "Active", "audit_status": "Approved and implement", "live_op_total_cap": 10, "approved_ua_total_cap": null, "ua_name": "Bath and North East Somerset" }, "geometry": { "type": "Point", "coordinates": [ -2.388958499999944, 51.386142200000052 ] } },
{ "type": "Feature", "properties": { "park_id": "100068", "active_status": "Active", "audit_status": "Approved and implement", "live_op_total_cap": 8, "approved_ua_total_cap": null, "ua_name": "Bath and North East Somerset" }, "geometry": { "type": "Point", "coordinates": [ -2.378210599999932, 51.38566430000003 ] } },
{ "type": "Feature", "properties": { "park_id": "100069", "active_status": "Active", "audit_status": "Approved and implement", "live_op_total_cap": 10, "approved_ua_total_cap": null, "ua_name": "Bath and North East Somerset" }, "geometry": { "type": "Point", "coordinates": [ -2.378484499999956, 51.389264400000059 ] } },
{ "type": "Feature", "properties": { "park_id": "100070", "active_status": "Active", "audit_status": "Approved and implement", "live_op_total_cap": 6, "approved_ua_total_cap": null, "ua_name": "Bath and North East Somerset" }, "geometry": { "type": "Point", "coordinates": [ -2.389529699999969, 51.394647100000043 ] } },
{ "type": "Feature", "properties": { "park_id": "100071", "active_status": "Active", "audit_status": "Approved and implement", "live_op_total_cap": 4, "approved_ua_total_cap": null, "ua_name": "Bath and North East Somerset" }, "geometry": { "type": "Point", "coordinates": [ -2.391383399999938, 51.396194200000082 ] } },
{ "type": "Feature", "properties": { "park_id": "100072", "active_status": "Active", "audit_status": "Approved and implement", "live_op_total_cap": 8, "approved_ua_total_cap": null, "ua_name": "Bath and North East Somerset" }, "geometry": { "type": "Point", "coordinates": [ -2.391702599999974, 51.39613120000007 ] } },
{ "type": "Feature", "properties": { "park_id": "100073", "active_status": "Active", "audit_status": "Approved and implement", "live_op_total_cap": 8, "approved_ua_total_cap": null, "ua_name": "Bath and North East Somerset" }, "geometry": { "type": "Point", "coordinates": [ -2.392468699999938, 51.396561200000065 ] } },
{ "type": "Feature", "properties": { "park_id": "100074", "active_status": "Active", "audit_status": "Approved and implement", "live_op_total_cap": 8, "approved_ua_total_cap": null, "ua_name": "Bath and North East Somerset" }, "geometry": { "type": "Point", "coordinates": [ -2.393988099999945, 51.397403300000065 ] } },
{ "type": "Feature", "properties": { "park_id": "100075", "active_status": "Active", "audit_status": "Approved and implement", "live_op_total_cap": 6, "approved_ua_total_cap": null, "ua_name": "Bath and North East Somerset" }, "geometry": { "type": "Point", "coordinates": [ -2.39585059999996, 51.400721200000078 ] } },
{ "type": "Feature", "properties": { "park_id": "100076", "active_status": "Active", "audit_status": "Approved and implement", "live_op_total_cap": 6, "approved_ua_total_cap": null, "ua_name": "Bath and North East Somerset" }, "geometry": { "type": "Point", "coordinates": [ -2.39914, 51.402145100000041 ] } },
{ "type": "Feature", "properties": { "park_id": "100077", "active_status": "Active", "audit_status": "Approved and implement", "live_op_total_cap": 6, "approved_ua_total_cap": null, "ua_name": "Bath and North East Somerset" }, "geometry": { "type": "Point", "coordinates": [ -2.395901299999935, 51.401540400000044 ] } },
{ "type": "Feature", "properties": { "park_id": "100078", "active_status": "Active", "audit_status": "Approved and implement", "live_op_total_cap": 10, "approved_ua_total_cap": null, "ua_name": "Bath and North East Somerset" }, "geometry": { "type": "Point", "coordinates": [ -2.39362639999996, 51.401318400000036 ] } },
{ "type": "Feature", "properties": { "park_id": "100079", "active_status": "Active", "audit_status": "Approved and implement", "live_op_total_cap": 8, "approved_ua_total_cap": null, "ua_name": "Bath and North East Somerset" }, "geometry": { "type": "Point", "coordinates": [ -2.390369299999975, 51.399800600000049 ] } },
{ "type": "Feature", "properties": { "park_id": "100080", "active_status": "Active", "audit_status": "Approved and implement", "live_op_total_cap": 8, "approved_ua_total_cap": null, "ua_name": "Bath and North East Somerset" }, "geometry": { "type": "Point", "coordinates": [ -2.392417199999954, 51.399497 ] } },
{ "type": "Feature", "properties": { "park_id": "100081", "active_status": "Active", "audit_status": "Approved and implement", "live_op_total_cap": 8, "approved_ua_total_cap": null, "ua_name": "Bath and North East Somerset" }, "geometry": { "type": "Point", "coordinates": [ -2.388353199999926, 51.393133300000045 ] } },
{ "type": "Feature", "properties": { "park_id": "100082", "active_status": "Active", "audit_status": "Approved and implement", "live_op_total_cap": 10, "approved_ua_total_cap": null, "ua_name": "Bath and North East Somerset" }, "geometry": { "type": "Point", "coordinates": [ -2.379842499999938, 51.389686600000061 ] } },
{ "type": "Feature", "properties": { "park_id": "100083", "active_status": "Active", "audit_status": "Approved and implement", "live_op_total_cap": 8, "approved_ua_total_cap": null, "ua_name": "Bath and North East Somerset" }, "geometry": { "type": "Point", "coordinates": [ -2.384351599999945, 51.387844100000052 ] } },
{ "type": "Feature", "properties": { "park_id": "100084", "active_status": "Active", "audit_status": "Approved and implement", "live_op_total_cap": 8, "approved_ua_total_cap": null, "ua_name": "Bath and North East Somerset" }, "geometry": { "type": "Point", "coordinates": [ -2.354266, 51.391222700000071 ] } },
{ "type": "Feature", "properties": { "park_id": "100085", "active_status": "Active", "audit_status": "Approved and implement", "live_op_total_cap": 8, "approved_ua_total_cap": null, "ua_name": "Bath and North East Somerset" }, "geometry": { "type": "Point", "coordinates": [ -2.366164799999979, 51.395919800000058 ] } },
{ "type": "Feature", "properties": { "park_id": "100086", "active_status": "Deactivated", "audit_status": "Approved and implement", "live_op_total_cap": 8, "approved_ua_total_cap": null, "ua_name": "Bath and North East Somerset" }, "geometry": { "type": "Point", "coordinates": [ -2.359053, 51.382591 ] } },
{ "type": "Feature", "properties": { "park_id": "100087", "active_status": "Deactivated", "audit_status": "Approved and implement", "live_op_total_cap": 0, "approved_ua_total_cap": null, "ua_name": "Bath and North East Somerset" }, "geometry": { "type": "Point", "coordinates": [ -2.383483199999944, 51.378014500000063 ] } },
{ "type": "Feature", "properties": { "park_id": "100088", "active_status": "Deactivated", "audit_status": "Approved and implement", "live_op_total_cap": 12, "approved_ua_total_cap": 12, "ua_name": "Bath and North East Somerset" }, "geometry": { "type": "Point", "coordinates": [ -2.377908099999956, 51.372747600000082 ] } },
{ "type": "Feature", "properties": { "park_id": "100089", "active_status": "Active", "audit_status": "Approved and implement", "live_op_total_cap": 8, "approved_ua_total_cap": null, "ua_name": "Bath and North East Somerset" }, "geometry": { "type": "Point", "coordinates": [ -2.382907899999964, 51.368871700000057 ] } },
{ "type": "Feature", "properties": { "park_id": "100090", "active_status": "Active", "audit_status": "Approved and implement", "live_op_total_cap": 6, "approved_ua_total_cap": null, "ua_name": "Bath and North East Somerset" }, "geometry": { "type": "Point", "coordinates": [ -2.370158499999945, 51.366971900000067 ] } },
{ "type": "Feature", "properties": { "park_id": "100091", "active_status": "Deactivated", "audit_status": "Approved and implement", "live_op_total_cap": 0, "approved_ua_total_cap": null, "ua_name": "Bath and North East Somerset" }, "geometry": { "type": "Point", "coordinates": [ -2.36763, 51.369312600000058 ] } },
{ "type": "Feature", "properties": { "park_id": "100092", "active_status": "Active", "audit_status": "Approved and implement", "live_op_total_cap": 5, "approved_ua_total_cap": null, "ua_name": "Bath and North East Somerset" }, "geometry": { "type": "Point", "coordinates": [ -2.372690399999954, 51.369925300000034 ] } },
{ "type": "Feature", "properties": { "park_id": "100093", "active_status": "Deactivated", "audit_status": "Approved and implement", "live_op_total_cap": 0, "approved_ua_total_cap": null, "ua_name": "Bath and North East Somerset" }, "geometry": { "type": "Point", "coordinates": [ -2.339379199999939, 51.390646700000048 ] } },
{ "type": "Feature", "properties": { "park_id": "100094", "active_status": "Active", "audit_status": "Approved and implement", "live_op_total_cap": 10, "approved_ua_total_cap": null, "ua_name": "Bath and North East Somerset" }, "geometry": { "type": "Point", "coordinates": [ -2.334001499999943, 51.391791600000033 ] } },
{ "type": "Feature", "properties": { "park_id": "100095", "active_status": "Deactivated", "audit_status": "Approved and implement", "live_op_total_cap": 0, "approved_ua_total_cap": null, "ua_name": "Bath and North East Somerset" }, "geometry": { "type": "Point", "coordinates": [ -2.355113399999937, 51.390864200000067 ] } },
{ "type": "Feature", "properties": { "park_id": "100096", "active_status": "Deactivated", "audit_status": "Approved and implement", "live_op_total_cap": 0, "approved_ua_total_cap": 5, "ua_name": "Bath and North East Somerset" }, "geometry": { "type": "Point", "coordinates": [ -2.400051399999938, 51.38561320000008 ] } },
{ "type": "Feature", "properties": { "park_id": "100097", "active_status": "Active", "audit_status": "Approved and implement", "live_op_total_cap": 8, "approved_ua_total_cap": null, "ua_name": "Bath and North East Somerset" }, "geometry": { "type": "Point", "coordinates": [ -2.363025099999959, 51.383920500000045 ] } },
{ "type": "Feature", "properties": { "park_id": "100098", "active_status": "Active", "audit_status": "Approved and implement", "live_op_total_cap": 4, "approved_ua_total_cap": null, "ua_name": "Bath and North East Somerset" }, "geometry": { "type": "Point", "coordinates": [ -2.381314, 51.380360800000062 ] } },
{ "type": "Feature", "properties": { "park_id": "100099", "active_status": "Deactivated", "audit_status": "Approved and implement", "live_op_total_cap": 0, "approved_ua_total_cap": null, "ua_name": "Bath and North East Somerset" }, "geometry": { "type": "Point", "coordinates": [ -2.388699, 51.391891 ] } },
{ "type": "Feature", "properties": { "park_id": "100100", "active_status": "Active", "audit_status": "Approved and implement", "live_op_total_cap": 10, "approved_ua_total_cap": null, "ua_name": "Bath and North East Somerset" }, "geometry": { "type": "Point", "coordinates": [ -2.37276369999995, 51.377367900000081 ] } },
{ "type": "Feature", "properties": { "park_id": "100101", "active_status": "Active", "audit_status": "Approved and implement", "live_op_total_cap": 15, "approved_ua_total_cap": null, "ua_name": "Bath and North East Somerset" }, "geometry": { "type": "Point", "coordinates": [ -2.373673899999972, 51.382153200000062 ] } },
{ "type": "Feature", "properties": { "park_id": "100102", "active_status": "Active", "audit_status": "Approved and implement", "live_op_total_cap": 10, "approved_ua_total_cap": null, "ua_name": "Bath and North East Somerset" }, "geometry": { "type": "Point", "coordinates": [ -2.373687199999949, 51.381065400000068 ] } },
{ "type": "Feature", "properties": { "park_id": "100103", "active_status": "Active", "audit_status": "Approved and implement", "live_op_total_cap": 15, "approved_ua_total_cap": null, "ua_name": "Bath and North East Somerset" }, "geometry": { "type": "Point", "coordinates": [ -2.370700199999931, 51.380583200000046 ] } },
{ "type": "Feature", "properties": { "park_id": "100104", "active_status": "Active", "audit_status": "Approved and implement", "live_op_total_cap": 10, "approved_ua_total_cap": null, "ua_name": "Bath and North East Somerset" }, "geometry": { "type": "Point", "coordinates": [ -2.391364199999941, 51.387040800000079 ] } },
{ "type": "Feature", "properties": { "park_id": "100105", "active_status": "Active", "audit_status": "Approved and implement", "live_op_total_cap": 6, "approved_ua_total_cap": null, "ua_name": "Bath and North East Somerset" }, "geometry": { "type": "Point", "coordinates": [ -2.378744299999937, 51.386831900000061 ] } },
{ "type": "Feature", "properties": { "park_id": "100106", "active_status": "Deactivated", "audit_status": "Approved and implement", "live_op_total_cap": 0, "approved_ua_total_cap": null, "ua_name": "Bath and North East Somerset" }, "geometry": { "type": "Point", "coordinates": [ -2.387758899999938, 51.394538 ] } },
{ "type": "Feature", "properties": { "park_id": "100107", "active_status": "Active", "audit_status": "Approved and implement", "live_op_total_cap": 4, "approved_ua_total_cap": null, "ua_name": "Bath and North East Somerset" }, "geometry": { "type": "Point", "coordinates": [ -2.396125599999948, 51.398184800000081 ] } },
{ "type": "Feature", "properties": { "park_id": "100108", "active_status": "Deactivated", "audit_status": "Approved and implement", "live_op_total_cap": 0, "approved_ua_total_cap": null, "ua_name": "Bath and North East Somerset" }, "geometry": { "type": "Point", "coordinates": [ -2.392716499999949, 51.395587800000044 ] } },
{ "type": "Feature", "properties": { "park_id": "100109", "active_status": "Active", "audit_status": "Approved and implement", "live_op_total_cap": 6, "approved_ua_total_cap": null, "ua_name": "Bath and North East Somerset" }, "geometry": { "type": "Point", "coordinates": [ -2.391735399999959, 51.395857800000044 ] } },
{ "type": "Feature", "properties": { "park_id": "100110", "active_status": "Deactivated", "audit_status": "Approved and implement", "live_op_total_cap": 5, "approved_ua_total_cap": null, "ua_name": "Bath and North East Somerset" }, "geometry": { "type": "Point", "coordinates": [ -2.310473499999944, 51.406588200000044 ] } },
{ "type": "Feature", "properties": { "park_id": "100111", "active_status": "Active", "audit_status": "Approved and implement", "live_op_total_cap": 4, "approved_ua_total_cap": null, "ua_name": "Bath and North East Somerset" }, "geometry": { "type": "Point", "coordinates": [ -2.37171509999996, 51.402744700000028 ] } },
{ "type": "Feature", "properties": { "park_id": "100112", "active_status": "Active", "audit_status": "Approved and implement", "live_op_total_cap": 5, "approved_ua_total_cap": null, "ua_name": "Bath and North East Somerset" }, "geometry": { "type": "Point", "coordinates": [ -2.363768499999935, 51.392302800000039 ] } },
{ "type": "Feature", "properties": { "park_id": "100113", "active_status": "Deactivated", "audit_status": "Approved and implement", "live_op_total_cap": 0, "approved_ua_total_cap": null, "ua_name": "Bath and North East Somerset" }, "geometry": { "type": "Point", "coordinates": [ -2.367589199999941, 51.397334700000044 ] } },
{ "type": "Feature", "properties": { "park_id": "100114", "active_status": "Active", "audit_status": "Approved and implement", "live_op_total_cap": 6, "approved_ua_total_cap": null, "ua_name": "Bath and North East Somerset" }, "geometry": { "type": "Point", "coordinates": [ -2.346236799999929, 51.394272400000034 ] } },
{ "type": "Feature", "properties": { "park_id": "100115", "active_status": "Active", "audit_status": "Approved and implement", "live_op_total_cap": 4, "approved_ua_total_cap": null, "ua_name": "Bath and North East Somerset" }, "geometry": { "type": "Point", "coordinates": [ -2.345668799999942, 51.397491800000068 ] } },
{ "type": "Feature", "properties": { "park_id": "100116", "active_status": "Active", "audit_status": "Approved and implement", "live_op_total_cap": 8, "approved_ua_total_cap": null, "ua_name": "Bath and North East Somerset" }, "geometry": { "type": "Point", "coordinates": [ -2.350268299999925, 51.396757200000081 ] } },
{ "type": "Feature", "properties": { "park_id": "100117", "active_status": "Active", "audit_status": "Approved and implement", "live_op_total_cap": 5, "approved_ua_total_cap": null, "ua_name": "Bath and North East Somerset" }, "geometry": { "type": "Point", "coordinates": [ -2.317076899999961, 51.407430400000067 ] } },
{ "type": "Feature", "properties": { "park_id": "100118", "active_status": "Active", "audit_status": "Approved and implement", "live_op_total_cap": 8, "approved_ua_total_cap": null, "ua_name": "Bath and North East Somerset" }, "geometry": { "type": "Point", "coordinates": [ -2.369183899999939, 51.39949990000008 ] } },
{ "type": "Feature", "properties": { "park_id": "100119", "active_status": "Active", "audit_status": "Approved and implement", "live_op_total_cap": 8, "approved_ua_total_cap": null, "ua_name": "Bath and North East Somerset" }, "geometry": { "type": "Point", "coordinates": [ -2.36858929999994, 51.374365300000079 ] } },
{ "type": "Feature", "properties": { "park_id": "100120", "active_status": "Active", "audit_status": "Approved and implement", "live_op_total_cap": 8, "approved_ua_total_cap": null, "ua_name": "Bath and North East Somerset" }, "geometry": { "type": "Point", "coordinates": [ -2.377599, 51.376796 ] } },
{ "type": "Feature", "properties": { "park_id": "100121", "active_status": "Active", "audit_status": "Approved and implement", "live_op_total_cap": 8, "approved_ua_total_cap": null, "ua_name": "Bath and North East Somerset" }, "geometry": { "type": "Point", "coordinates": [ -2.378731699999946, 51.367811300000028 ] } },
{ "type": "Feature", "properties": { "park_id": "100122", "active_status": "Active", "audit_status": "Approved and implement", "live_op_total_cap": 8, "approved_ua_total_cap": null, "ua_name": "Bath and North East Somerset" }, "geometry": { "type": "Point", "coordinates": [ -2.377247199999942, 51.377981400000067 ] } },
{ "type": "Feature", "properties": { "park_id": "100123", "active_status": "Active", "audit_status": "Approved and implement", "live_op_total_cap": 5, "approved_ua_total_cap": null, "ua_name": "Bath and North East Somerset" }, "geometry": { "type": "Point", "coordinates": [ -2.372775699999977, 51.367926900000043 ] } },
{ "type": "Feature", "properties": { "park_id": "100124", "active_status": "Deactivated", "audit_status": "Approved and implement", "live_op_total_cap": 0, "approved_ua_total_cap": null, "ua_name": "Bath and North East Somerset" }, "geometry": { "type": "Point", "coordinates": [ -2.361497699999973, 51.387609400000031 ] } },
{ "type": "Feature", "properties": { "park_id": "100125", "active_status": "Active", "audit_status": "Approved and implement", "live_op_total_cap": 5, "approved_ua_total_cap": null, "ua_name": "Bath and North East Somerset" }, "geometry": { "type": "Point", "coordinates": [ -2.399481099999946, 51.38944280000004 ] } },
{ "type": "Feature", "properties": { "park_id": "100126", "active_status": "Active", "audit_status": "Approved and implement", "live_op_total_cap": 6, "approved_ua_total_cap": null, "ua_name": "Bath and North East Somerset" }, "geometry": { "type": "Point", "coordinates": [ -2.368528, 51.378700900000069 ] } },
{ "type": "Feature", "properties": { "park_id": "100127", "active_status": "Active", "audit_status": "Approved and implement", "live_op_total_cap": 5, "approved_ua_total_cap": null, "ua_name": "Bath and North East Somerset" }, "geometry": { "type": "Point", "coordinates": [ -2.368233299999929, 51.382403500000066 ] } },
{ "type": "Feature", "properties": { "park_id": "100128", "active_status": "Active", "audit_status": "Approved and implement", "live_op_total_cap": 10, "approved_ua_total_cap": null, "ua_name": "Bath and North East Somerset" }, "geometry": { "type": "Point", "coordinates": [ -2.368539399999975, 51.376177 ] } },
{ "type": "Feature", "properties": { "park_id": "100129", "active_status": "Active", "audit_status": "Approved and implement", "live_op_total_cap": 4, "approved_ua_total_cap": null, "ua_name": "Bath and North East Somerset" }, "geometry": { "type": "Point", "coordinates": [ -2.377592799999945, 51.367613600000027 ] } },
{ "type": "Feature", "properties": { "park_id": "100130", "active_status": "Deactivated", "audit_status": "Approved and implement", "live_op_total_cap": 4, "approved_ua_total_cap": null, "ua_name": "Bath and North East Somerset" }, "geometry": { "type": "Point", "coordinates": [ -2.382952899999964, 51.369498 ] } },
{ "type": "Feature", "properties": { "park_id": "100131", "active_status": "Deactivated", "audit_status": "Approved and implement", "live_op_total_cap": 0, "approved_ua_total_cap": null, "ua_name": "Bath and North East Somerset" }, "geometry": { "type": "Point", "coordinates": [ -2.376242299999944, 51.373788800000057 ] } },
{ "type": "Feature", "properties": { "park_id": "100132", "active_status": "Active", "audit_status": "Approved and implement", "live_op_total_cap": 5, "approved_ua_total_cap": null, "ua_name": "Bath and North East Somerset" }, "geometry": { "type": "Point", "coordinates": [ -2.367177799999979, 51.370499100000075 ] } },
{ "type": "Feature", "properties": { "park_id": "100133", "active_status": "Deactivated", "audit_status": "Approved and implement", "live_op_total_cap": 0, "approved_ua_total_cap": null, "ua_name": "Bath and North East Somerset" }, "geometry": { "type": "Point", "coordinates": [ -2.380872099999976, 51.370267600000034 ] } },
{ "type": "Feature", "properties": { "park_id": "100134", "active_status": "Deactivated", "audit_status": "Approved and implement", "live_op_total_cap": 0, "approved_ua_total_cap": null, "ua_name": "Bath and North East Somerset" }, "geometry": { "type": "Point", "coordinates": [ -2.37240989999998, 51.368119800000045 ] } },
{ "type": "Feature", "properties": { "park_id": "100135", "active_status": "Active", "audit_status": "Approved and implement", "live_op_total_cap": 5, "approved_ua_total_cap": null, "ua_name": "Bath and North East Somerset" }, "geometry": { "type": "Point", "coordinates": [ -2.371835899999951, 51.37061650000004 ] } },
{ "type": "Feature", "properties": { "park_id": "100136", "active_status": "Deactivated", "audit_status": "Approved and implement", "live_op_total_cap": 0, "approved_ua_total_cap": null, "ua_name": "Bath and North East Somerset" }, "geometry": { "type": "Point", "coordinates": [ -2.377468199999953, 51.371857100000057 ] } },
{ "type": "Feature", "properties": { "park_id": "100137", "active_status": "Deactivated", "audit_status": "Approved and implement", "live_op_total_cap": 0, "approved_ua_total_cap": 4, "ua_name": "Bath and North East Somerset" }, "geometry": { "type": "Point", "coordinates": [ -2.34945369999997, 51.375312500000064 ] } },
{ "type": "Feature", "properties": { "park_id": "100138", "active_status": "Deactivated", "audit_status": "Approved and implement", "live_op_total_cap": 0, "approved_ua_total_cap": null, "ua_name": "Bath and North East Somerset" }, "geometry": { "type": "Point", "coordinates": [ -2.350871899999959, 51.375778 ] } },
{ "type": "Feature", "properties": { "park_id": "100139", "active_status": "Active", "audit_status": "Approved and implement", "live_op_total_cap": 12, "approved_ua_total_cap": null, "ua_name": "Bath and North East Somerset" }, "geometry": { "type": "Point", "coordinates": [ -2.35296, 51.376473 ] } },
{ "type": "Feature", "properties": { "park_id": "100140", "active_status": "Active", "audit_status": "Approved and implement", "live_op_total_cap": 8, "approved_ua_total_cap": null, "ua_name": "Bath and North East Somerset" }, "geometry": { "type": "Point", "coordinates": [ -2.353354199999956, 51.376579600000071 ] } },
{ "type": "Feature", "properties": { "park_id": "100141", "active_status": "Deactivated", "audit_status": "Approved and implement", "live_op_total_cap": 0, "approved_ua_total_cap": null, "ua_name": "Bath and North East Somerset" }, "geometry": { "type": "Point", "coordinates": [ -2.351820199999963, 51.37471110000007 ] } },
{ "type": "Feature", "properties": { "park_id": "100142", "active_status": "Active", "audit_status": "Approved and implement", "live_op_total_cap": 10, "approved_ua_total_cap": null, "ua_name": "Bath and North East Somerset" }, "geometry": { "type": "Point", "coordinates": [ -2.366039299999954, 51.37119030000008 ] } },
{ "type": "Feature", "properties": { "park_id": "100143", "active_status": "Active", "audit_status": "Approved and implement", "live_op_total_cap": 5, "approved_ua_total_cap": null, "ua_name": "Bath and North East Somerset" }, "geometry": { "type": "Point", "coordinates": [ -2.345593699999938, 51.380846800000029 ] } },
{ "type": "Feature", "properties": { "park_id": "100144", "active_status": "Active", "audit_status": "Approved and implement", "live_op_total_cap": 10, "approved_ua_total_cap": null, "ua_name": "Bath and North East Somerset" }, "geometry": { "type": "Point", "coordinates": [ -2.367453299999966, 51.388126100000079 ] } },
{ "type": "Feature", "properties": { "park_id": "100145", "active_status": "Active", "audit_status": "Approved and implement", "live_op_total_cap": 5, "approved_ua_total_cap": null, "ua_name": "Bath and North East Somerset" }, "geometry": { "type": "Point", "coordinates": [ -2.364037899999971, 51.387937500000078 ] } },
{ "type": "Feature", "properties": { "park_id": "100146", "active_status": "Active", "audit_status": "Approved and implement", "live_op_total_cap": 10, "approved_ua_total_cap": null, "ua_name": "Bath and North East Somerset" }, "geometry": { "type": "Point", "coordinates": [ -2.364482799999962, 51.383707100000038 ] } },
{ "type": "Feature", "properties": { "park_id": "100147", "active_status": "Active", "audit_status": "Approved and implement", "live_op_total_cap": 5, "approved_ua_total_cap": null, "ua_name": "Bath and North East Somerset" }, "geometry": { "type": "Point", "coordinates": [ -2.369723099999931, 51.383600700000045 ] } },
{ "type": "Feature", "properties": { "park_id": "100148", "active_status": "Active", "audit_status": "Approved and implement", "live_op_total_cap": 5, "approved_ua_total_cap": null, "ua_name": "Bath and North East Somerset" }, "geometry": { "type": "Point", "coordinates": [ -2.372113399999932, 51.384098300000062 ] } },
{ "type": "Feature", "properties": { "park_id": "100149", "active_status": "Active", "audit_status": "Approved and implement", "live_op_total_cap": 10, "approved_ua_total_cap": null, "ua_name": "Bath and North East Somerset" }, "geometry": { "type": "Point", "coordinates": [ -2.395969699999966, 51.387892900000054 ] } },
{ "type": "Feature", "properties": { "park_id": "100150", "active_status": "Active", "audit_status": "Approved and implement", "live_op_total_cap": 10, "approved_ua_total_cap": null, "ua_name": "Bath and North East Somerset" }, "geometry": { "type": "Point", "coordinates": [ -2.378777799999966, 51.38739170000008 ] } },
{ "type": "Feature", "properties": { "park_id": "100151", "active_status": "Active", "audit_status": "Approved and implement", "live_op_total_cap": 4, "approved_ua_total_cap": null, "ua_name": "Bath and North East Somerset" }, "geometry": { "type": "Point", "coordinates": [ -2.395575599999972, 51.399890600000049 ] } },
{ "type": "Feature", "properties": { "park_id": "100152", "active_status": "Active", "audit_status": "Approved and implement", "live_op_total_cap": 15, "approved_ua_total_cap": null, "ua_name": "Bath and North East Somerset" }, "geometry": { "type": "Point", "coordinates": [ -2.393238, 51.395196800000065 ] } },
{ "type": "Feature", "properties": { "park_id": "100153", "active_status": "Active", "audit_status": "Approved and implement", "live_op_total_cap": 10, "approved_ua_total_cap": null, "ua_name": "Bath and North East Somerset" }, "geometry": { "type": "Point", "coordinates": [ -2.358279499999981, 51.377872400000058 ] } },
{ "type": "Feature", "properties": { "park_id": "100154", "active_status": "Active", "audit_status": "Approved and implement", "live_op_total_cap": 5, "approved_ua_total_cap": null, "ua_name": "Bath and North East Somerset" }, "geometry": { "type": "Point", "coordinates": [ -2.374686, 51.370544300000063 ] } },
{ "type": "Feature", "properties": { "park_id": "100155", "active_status": "Active", "audit_status": "Approved and implement", "live_op_total_cap": 6, "approved_ua_total_cap": null, "ua_name": "Bath and North East Somerset" }, "geometry": { "type": "Point", "coordinates": [ -2.359312899999964, 51.382757 ] } },
{ "type": "Feature", "properties": { "park_id": "100156", "active_status": "Deactivated", "audit_status": "Approved and implement", "live_op_total_cap": 0, "approved_ua_total_cap": null, "ua_name": "Bath and North East Somerset" }, "geometry": { "type": "Point", "coordinates": [ -2.389675199999942, 51.391479500000059 ] } },
{ "type": "Feature", "properties": { "park_id": "100157", "active_status": "Active", "audit_status": "Approved and implement", "live_op_total_cap": 6, "approved_ua_total_cap": null, "ua_name": "Bath and North East Somerset" }, "geometry": { "type": "Point", "coordinates": [ -2.349051799999927, 51.387670900000046 ] } },
{ "type": "Feature", "properties": { "park_id": "100158", "active_status": "Active", "audit_status": "Approved and implement", "live_op_total_cap": 6, "approved_ua_total_cap": null, "ua_name": "Bath and North East Somerset" }, "geometry": { "type": "Point", "coordinates": [ -2.34800649999994, 51.399064600000031 ] } },
{ "type": "Feature", "properties": { "park_id": "100159", "active_status": "Deactivated", "audit_status": "Approved and implement", "live_op_total_cap": 0, "approved_ua_total_cap": null, "ua_name": "Bath and North East Somerset" }, "geometry": { "type": "Point", "coordinates": [ -2.341823599999941, 51.402421300000071 ] } },
{ "type": "Feature", "properties": { "park_id": "100160", "active_status": "Active", "audit_status": "Approved and implement", "live_op_total_cap": 4, "approved_ua_total_cap": null, "ua_name": "Bath and North East Somerset" }, "geometry": { "type": "Point", "coordinates": [ -2.341562799999963, 51.398659200000054 ] } },
{ "type": "Feature", "properties": { "park_id": "100161", "active_status": "Active", "audit_status": "Approved and implement", "live_op_total_cap": 3, "approved_ua_total_cap": null, "ua_name": "Bath and North East Somerset" }, "geometry": { "type": "Point", "coordinates": [ -2.347099799999967, 51.401734500000032 ] } },
{ "type": "Feature", "properties": { "park_id": "100162", "active_status": "Active", "audit_status": "Approved and implement", "live_op_total_cap": 5, "approved_ua_total_cap": null, "ua_name": "Bath and North East Somerset" }, "geometry": { "type": "Point", "coordinates": [ -2.35333989999998, 51.391432200000054 ] } },
{ "type": "Feature", "properties": { "park_id": "100163", "active_status": "Active", "audit_status": "Approved and implement", "live_op_total_cap": 6, "approved_ua_total_cap": null, "ua_name": "Bath and North East Somerset" }, "geometry": { "type": "Point", "coordinates": [ -2.352864, 51.391639500000053 ] } },
{ "type": "Feature", "properties": { "park_id": "100164", "active_status": "Active", "audit_status": "Approved and implement", "live_op_total_cap": 10, "approved_ua_total_cap": null, "ua_name": "Bath and North East Somerset" }, "geometry": { "type": "Point", "coordinates": [ -2.351389, 51.392021 ] } },
{ "type": "Feature", "properties": { "park_id": "100165", "active_status": "Active", "audit_status": "Approved and implement", "live_op_total_cap": 5, "approved_ua_total_cap": null, "ua_name": "Bath and North East Somerset" }, "geometry": { "type": "Point", "coordinates": [ -2.330175499999939, 51.380820500000027 ] } },
{ "type": "Feature", "properties": { "park_id": "100166", "active_status": "Active", "audit_status": "Approved and implement", "live_op_total_cap": 4, "approved_ua_total_cap": null, "ua_name": "Bath and North East Somerset" }, "geometry": { "type": "Point", "coordinates": [ -2.325776399999938, 51.379895900000065 ] } },
{ "type": "Feature", "properties": { "park_id": "100167", "active_status": "Active", "audit_status": "Approved and implement", "live_op_total_cap": 8, "approved_ua_total_cap": null, "ua_name": "Bath and North East Somerset" }, "geometry": { "type": "Point", "coordinates": [ -2.326286, 51.378557 ] } },
{ "type": "Feature", "properties": { "park_id": "100168", "active_status": "Active", "audit_status": "Approved and implement", "live_op_total_cap": 8, "approved_ua_total_cap": null, "ua_name": "Bath and North East Somerset" }, "geometry": { "type": "Point", "coordinates": [ -2.322888499999976, 51.379794 ] } },
{ "type": "Feature", "properties": { "park_id": "100169", "active_status": "Active", "audit_status": "Approved and implement", "live_op_total_cap": 8, "approved_ua_total_cap": null, "ua_name": "Bath and North East Somerset" }, "geometry": { "type": "Point", "coordinates": [ -2.323829699999976, 51.377041700000063 ] } },
{ "type": "Feature", "properties": { "park_id": "100170", "active_status": "Active", "audit_status": "Approved and implement", "live_op_total_cap": 8, "approved_ua_total_cap": null, "ua_name": "Bath and North East Somerset" }, "geometry": { "type": "Point", "coordinates": [ -2.327565, 51.378666 ] } },
{ "type": "Feature", "properties": { "park_id": "100171", "active_status": "Deactivated", "audit_status": "Approved and implement", "live_op_total_cap": 0, "approved_ua_total_cap": null, "ua_name": "Bath and North East Somerset" }, "geometry": { "type": "Point", "coordinates": [ -2.368331399999931, 51.392713800000081 ] } },
{ "type": "Feature", "properties": { "park_id": "100172", "active_status": "Active", "audit_status": "Approved and implement", "live_op_total_cap": 5, "approved_ua_total_cap": null, "ua_name": "Bath and North East Somerset" }, "geometry": { "type": "Point", "coordinates": [ -2.359691599999962, 51.385617100000047 ] } },
{ "type": "Feature", "properties": { "park_id": "100173", "active_status": "Active", "audit_status": "Approved and implement", "live_op_total_cap": 8, "approved_ua_total_cap": null, "ua_name": "Bath and North East Somerset" }, "geometry": { "type": "Point", "coordinates": [ -2.378873, 51.381896 ] } },
{ "type": "Feature", "properties": { "park_id": "100174", "active_status": "Active", "audit_status": "Approved and implement", "live_op_total_cap": 4, "approved_ua_total_cap": null, "ua_name": "Bath and North East Somerset" }, "geometry": { "type": "Point", "coordinates": [ -2.35608, 51.389699 ] } },
{ "type": "Feature", "properties": { "park_id": "100175", "active_status": "Active", "audit_status": "Approved and implement", "live_op_total_cap": 8, "approved_ua_total_cap": null, "ua_name": "Bath and North East Somerset" }, "geometry": { "type": "Point", "coordinates": [ -2.351644, 51.386632 ] } },
{ "type": "Feature", "properties": { "park_id": "100176", "active_status": "Active", "audit_status": "Approved and implement", "live_op_total_cap": 8, "approved_ua_total_cap": null, "ua_name": "Bath and North East Somerset" }, "geometry": { "type": "Point", "coordinates": [ -2.355495, 51.389056 ] } },
{ "type": "Feature", "properties": { "park_id": "100177", "active_status": "Inactive (rejected)", "audit_status": "Rejected", "live_op_total_cap": null, "approved_ua_total_cap": null, "ua_name": "Bath and North East Somerset" }, "geometry": { "type": "Point", "coordinates": [ -2.344971, 51.401906 ] } },
{ "type": "Feature", "properties": { "park_id": "100178", "active_status": "Active", "audit_status": "Approved and implement", "live_op_total_cap": 20, "approved_ua_total_cap": null, "ua_name": "Bath and North East Somerset" }, "geometry": { "type": "Point", "coordinates": [ -2.37115, 51.379807 ] } },
{ "type": "Feature", "properties": { "park_id": "100179", "active_status": "Active", "audit_status": "Approved and implement", "live_op_total_cap": 10, "approved_ua_total_cap": null, "ua_name": "Bath and North East Somerset" }, "geometry": { "type": "Point", "coordinates": [ -2.362255, 51.379014 ] } },
{ "type": "Feature", "properties": { "park_id": "100180", "active_status": "Inactive (rejected)", "audit_status": "Rejected", "live_op_total_cap": null, "approved_ua_total_cap": null, "ua_name": "Bath and North East Somerset" }, "geometry": { "type": "Point", "coordinates": [ -2.340523, 51.396731 ] } },
{ "type": "Feature", "properties": { "park_id": "100181", "active_status": "Inactive (rejected)", "audit_status": "Rejected", "live_op_total_cap": null, "approved_ua_total_cap": null, "ua_name": "Bath and North East Somerset" }, "geometry": { "type": "Point", "coordinates": [ -2.336072, 51.398975 ] } },
{ "type": "Feature", "properties": { "park_id": "100182", "active_status": "Inactive (rejected)", "audit_status": "Rejected", "live_op_total_cap": null, "approved_ua_total_cap": null, "ua_name": "Bath and North East Somerset" }, "geometry": { "type": "Point", "coordinates": [ -2.329342, 51.401692 ] } },
{ "type": "Feature", "properties": { "park_id": "100183", "active_status": "Inactive (rejected)", "audit_status": "Rejected", "live_op_total_cap": null, "approved_ua_total_cap": null, "ua_name": "Bath and North East Somerset" }, "geometry": { "type": "Point", "coordinates": [ -2.325424, 51.40361 ] } },
{ "type": "Feature", "properties": { "park_id": "100184", "active_status": "Inactive (rejected)", "audit_status": "Rejected", "live_op_total_cap": null, "approved_ua_total_cap": null, "ua_name": "Bath and North East Somerset" }, "geometry": { "type": "Point", "coordinates": [ -2.31604, 51.408713 ] } },
{ "type": "Feature", "properties": { "park_id": "100185", "active_status": "Inactive (rejected)", "audit_status": "Rejected", "live_op_total_cap": null, "approved_ua_total_cap": null, "ua_name": "Bath and North East Somerset" }, "geometry": { "type": "Point", "coordinates": [ -2.316971, 51.412002 ] } },
{ "type": "Feature", "properties": { "park_id": "100186", "active_status": "Inactive (rejected)", "audit_status": "Rejected", "live_op_total_cap": null, "approved_ua_total_cap": null, "ua_name": "Bath and North East Somerset" }, "geometry": { "type": "Point", "coordinates": [ -2.310096, 51.402855 ] } },
{ "type": "Feature", "properties": { "park_id": "100187", "active_status": "Inactive (rejected)", "audit_status": "Rejected", "live_op_total_cap": null, "approved_ua_total_cap": null, "ua_name": "Bath and North East Somerset" }, "geometry": { "type": "Point", "coordinates": [ -2.355957, 51.380091 ] } },
{ "type": "Feature", "properties": { "park_id": "100188", "active_status": "Inactive (rejected)", "audit_status": "Rejected", "live_op_total_cap": null, "approved_ua_total_cap": null, "ua_name": "Bath and North East Somerset" }, "geometry": { "type": "Point", "coordinates": [ -2.35697, 51.380046 ] } },
{ "type": "Feature", "properties": { "park_id": "100189", "active_status": "Active", "audit_status": "Approved and implement", "live_op_total_cap": 6, "approved_ua_total_cap": null, "ua_name": "Bath and North East Somerset" }, "geometry": { "type": "Point", "coordinates": [ -2.357712, 51.380804 ] } },
{ "type": "Feature", "properties": { "park_id": "100190", "active_status": "Active", "audit_status": "Approved and implement", "live_op_total_cap": 20, "approved_ua_total_cap": null, "ua_name": "Bath and North East Somerset" }, "geometry": { "type": "Point", "coordinates": [ -2.361032, 51.383072 ] } },
{ "type": "Feature", "properties": { "park_id": "100191", "active_status": "Active", "audit_status": "Approved and implement", "live_op_total_cap": 10, "approved_ua_total_cap": null, "ua_name": "Bath and North East Somerset" }, "geometry": { "type": "Point", "coordinates": [ -2.374322, 51.407853 ] } },
{ "type": "Feature", "properties": { "park_id": "100192", "active_status": "Active", "audit_status": "Approved and implement", "live_op_total_cap": 4, "approved_ua_total_cap": null, "ua_name": "Bath and North East Somerset" }, "geometry": { "type": "Point", "coordinates": [ -2.361393, 51.37852 ] } },
{ "type": "Feature", "properties": { "park_id": "100193", "active_status": "Active", "audit_status": "Approved and implement", "live_op_total_cap": 4, "approved_ua_total_cap": null, "ua_name": "Bath and North East Somerset" }, "geometry": { "type": "Point", "coordinates": [ -2.361017, 51.378783 ] } },
{ "type": "Feature", "properties": { "park_id": "100194", "active_status": "Active", "audit_status": "Approved and implement", "live_op_total_cap": 4, "approved_ua_total_cap": null, "ua_name": "Bath and North East Somerset" }, "geometry": { "type": "Point", "coordinates": [ -2.367823, 51.378631 ] } },
{ "type": "Feature", "properties": { "park_id": "100195", "active_status": "Active", "audit_status": "Approved and implement", "live_op_total_cap": 4, "approved_ua_total_cap": null, "ua_name": "Bath and North East Somerset" }, "geometry": { "type": "Point", "coordinates": [ -2.366124, 51.383896 ] } },
{ "type": "Feature", "properties": { "park_id": "100196", "active_status": "Active", "audit_status": "Approved and implement", "live_op_total_cap": 10, "approved_ua_total_cap": null, "ua_name": "Bath and North East Somerset" }, "geometry": { "type": "Point", "coordinates": [ -2.353355699999952, 51.391425900000058 ] } },
{ "type": "Feature", "properties": { "park_id": "100197", "active_status": "Active", "audit_status": "Approved and implement", "live_op_total_cap": 10, "approved_ua_total_cap": null, "ua_name": "Bath and North East Somerset" }, "geometry": { "type": "Point", "coordinates": [ -2.352893599999959, 51.391649100000052 ] } },
{ "type": "Feature", "properties": { "park_id": "100198", "active_status": "Active", "audit_status": "Approved and implement", "live_op_total_cap": 10, "approved_ua_total_cap": null, "ua_name": "Bath and North East Somerset" }, "geometry": { "type": "Point", "coordinates": [ -2.351395199999956, 51.392043 ] } },
{ "type": "Feature", "properties": { "park_id": "100199", "active_status": "Active", "audit_status": "Approved and implement", "live_op_total_cap": 15, "approved_ua_total_cap": null, "ua_name": "Bath and North East Somerset" }, "geometry": { "type": "Point", "coordinates": [ -2.330204299999934, 51.380819900000063 ] } },
{ "type": "Feature", "properties": { "park_id": "100200", "active_status": "Active", "audit_status": "Approved and implement", "live_op_total_cap": 20, "approved_ua_total_cap": null, "ua_name": "Bath and North East Somerset" }, "geometry": { "type": "Point", "coordinates": [ -2.32581829999998, 51.379870800000049 ] } },
{ "type": "Feature", "properties": { "park_id": "100201", "active_status": "Active", "audit_status": "Approved and implement", "live_op_total_cap": 20, "approved_ua_total_cap": null, "ua_name": "Bath and North East Somerset" }, "geometry": { "type": "Point", "coordinates": [ -2.326321399999927, 51.378569 ] } },
{ "type": "Feature", "properties": { "park_id": "100202", "active_status": "Active", "audit_status": "Approved and implement", "live_op_total_cap": 20, "approved_ua_total_cap": null, "ua_name": "Bath and North East Somerset" }, "geometry": { "type": "Point", "coordinates": [ -2.322888099999943, 51.379781800000046 ] } },
{ "type": "Feature", "properties": { "park_id": "100203", "active_status": "Active", "audit_status": "Approved and implement", "live_op_total_cap": 20, "approved_ua_total_cap": null, "ua_name": "Bath and North East Somerset" }, "geometry": { "type": "Point", "coordinates": [ -2.323845099999971, 51.377043 ] } },
{ "type": "Feature", "properties": { "park_id": "100204", "active_status": "Active", "audit_status": "Approved and implement", "live_op_total_cap": 20, "approved_ua_total_cap": null, "ua_name": "Bath and North East Somerset" }, "geometry": { "type": "Point", "coordinates": [ -2.327565399999969, 51.37867140000003 ] } },
{ "type": "Feature", "properties": { "park_id": "100205", "active_status": "Active", "audit_status": "Approved and implement", "live_op_total_cap": 10, "approved_ua_total_cap": null, "ua_name": "Bath and North East Somerset" }, "geometry": { "type": "Point", "coordinates": [ -2.368353399999933, 51.392723300000057 ] } },
{ "type": "Feature", "properties": { "park_id": "100206", "active_status": "Deactivated", "audit_status": "Rejected", "live_op_total_cap": 0, "approved_ua_total_cap": null, "ua_name": "Bath and North East Somerset" }, "geometry": { "type": "Point", "coordinates": [ -2.345307799999944, 51.401931500000046 ] } },
{ "type": "Feature", "properties": { "park_id": "100207", "active_status": "Active", "audit_status": "Approved and implement", "live_op_total_cap": 7, "approved_ua_total_cap": null, "ua_name": "Bath and North East Somerset" }, "geometry": { "type": "Point", "coordinates": [ -2.359684099999924, 51.38561750000008 ] } },
{ "type": "Feature", "properties": { "park_id": "100208", "active_status": "Active", "audit_status": "Approved and implement", "live_op_total_cap": 8, "approved_ua_total_cap": null, "ua_name": "Bath and North East Somerset" }, "geometry": { "type": "Point", "coordinates": [ -2.378898299999946, 51.381899900000064 ] } },
{ "type": "Feature", "properties": { "park_id": "100209", "active_status": "Active", "audit_status": "Approved and implement", "live_op_total_cap": 12, "approved_ua_total_cap": null, "ua_name": "Bath and North East Somerset" }, "geometry": { "type": "Point", "coordinates": [ -2.356106799999964, 51.389717900000051 ] } },
{ "type": "Feature", "properties": { "park_id": "100210", "active_status": "Active", "audit_status": "Approved and implement", "live_op_total_cap": 5, "approved_ua_total_cap": null, "ua_name": "Bath and North East Somerset" }, "geometry": { "type": "Point", "coordinates": [ -2.351653899999974, 51.386628200000075 ] } },
{ "type": "Feature", "properties": { "park_id": "100211", "active_status": "Active", "audit_status": "Approved and implement", "live_op_total_cap": 5, "approved_ua_total_cap": null, "ua_name": "Bath and North East Somerset" }, "geometry": { "type": "Point", "coordinates": [ -2.355497399999933, 51.389039400000058 ] } },
{ "type": "Feature", "properties": { "park_id": "100212", "active_status": "Inactive (undergoing audit process)", "audit_status": "Rejected", "live_op_total_cap": null, "approved_ua_total_cap": null, "ua_name": "Bath and North East Somerset" }, "geometry": { "type": "Point", "coordinates": [ -2.351244399999928, 51.392413 ] } },
{ "type": "Feature", "properties": { "park_id": "100213", "active_status": "Deactivated", "audit_status": "Approved and implement", "live_op_total_cap": 0, "approved_ua_total_cap": 7, "ua_name": "Bath and North East Somerset" }, "geometry": { "type": "Point", "coordinates": [ -2.37372739999995, 51.406107300000031 ] } },
{ "type": "Feature", "properties": { "park_id": "100214", "active_status": "Active", "audit_status": "Approved and implement", "live_op_total_cap": 4, "approved_ua_total_cap": null, "ua_name": "Bath and North East Somerset" }, "geometry": { "type": "Point", "coordinates": [ -2.344975099999942, 51.401906300000064 ] } },
{ "type": "Feature", "properties": { "park_id": "100215", "active_status": "Active", "audit_status": "Approved and implement", "live_op_total_cap": 12, "approved_ua_total_cap": null, "ua_name": "Bath and North East Somerset" }, "geometry": { "type": "Point", "coordinates": [ -2.371127099999967, 51.379814500000066 ] } },
{ "type": "Feature", "properties": { "park_id": "100216", "active_status": "Active", "audit_status": "Approved and implement", "live_op_total_cap": 15, "approved_ua_total_cap": null, "ua_name": "Bath and North East Somerset" }, "geometry": { "type": "Point", "coordinates": [ -2.362251699999945, 51.379011600000069 ] } },
{ "type": "Feature", "properties": { "park_id": "100217", "active_status": "Active", "audit_status": "Approved and implement", "live_op_total_cap": 5, "approved_ua_total_cap": null, "ua_name": "Bath and North East Somerset" }, "geometry": { "type": "Point", "coordinates": [ -2.340512699999977, 51.396735700000079 ] } },
{ "type": "Feature", "properties": { "park_id": "100218", "active_status": "Active", "audit_status": "Approved and implement", "live_op_total_cap": 8, "approved_ua_total_cap": null, "ua_name": "Bath and North East Somerset" }, "geometry": { "type": "Point", "coordinates": [ -2.33604239999994, 51.398991200000069 ] } },
{ "type": "Feature", "properties": { "park_id": "100219", "active_status": "Active", "audit_status": "Approved and implement", "live_op_total_cap": 4, "approved_ua_total_cap": null, "ua_name": "Bath and North East Somerset" }, "geometry": { "type": "Point", "coordinates": [ -2.329359099999976, 51.401686300000051 ] } },
{ "type": "Feature", "properties": { "park_id": "100220", "active_status": "Active", "audit_status": "Approved and implement", "live_op_total_cap": 4, "approved_ua_total_cap": null, "ua_name": "Bath and North East Somerset" }, "geometry": { "type": "Point", "coordinates": [ -2.325511199999937, 51.40356 ] } },
{ "type": "Feature", "properties": { "park_id": "100221", "active_status": "Active", "audit_status": "Approved and implement", "live_op_total_cap": 4, "approved_ua_total_cap": null, "ua_name": "Bath and North East Somerset" }, "geometry": { "type": "Point", "coordinates": [ -2.316034799999954, 51.408713600000056 ] } },
{ "type": "Feature", "properties": { "park_id": "100222", "active_status": "Inactive (rejected)", "audit_status": "Rejected", "live_op_total_cap": null, "approved_ua_total_cap": null, "ua_name": "Bath and North East Somerset" }, "geometry": { "type": "Point", "coordinates": [ -2.31724939999998, 51.409913900000049 ] } },
{ "type": "Feature", "properties": { "park_id": "100223", "active_status": "Active", "audit_status": "Approved and implement", "live_op_total_cap": 2, "approved_ua_total_cap": null, "ua_name": "Bath and North East Somerset" }, "geometry": { "type": "Point", "coordinates": [ -2.316971799999976, 51.412001100000055 ] } },
{ "type": "Feature", "properties": { "park_id": "100224", "active_status": "Active", "audit_status": "Approved and implement", "live_op_total_cap": 8, "approved_ua_total_cap": null, "ua_name": "Bath and North East Somerset" }, "geometry": { "type": "Point", "coordinates": [ -2.310043899999926, 51.402819700000066 ] } },
{ "type": "Feature", "properties": { "park_id": "100225", "active_status": "Inactive (rejected)", "audit_status": "Rejected", "live_op_total_cap": null, "approved_ua_total_cap": null, "ua_name": "Bath and North East Somerset" }, "geometry": { "type": "Point", "coordinates": [ -2.309865099999968, 51.402777300000082 ] } },
{ "type": "Feature", "properties": { "park_id": "100226", "active_status": "Active", "audit_status": "Approved and implement", "live_op_total_cap": 10, "approved_ua_total_cap": null, "ua_name": "Bath and North East Somerset" }, "geometry": { "type": "Point", "coordinates": [ -2.355962299999931, 51.380133700000044 ] } },
{ "type": "Feature", "properties": { "park_id": "100227", "active_status": "Active", "audit_status": "Approved and implement", "live_op_total_cap": 6, "approved_ua_total_cap": null, "ua_name": "Bath and North East Somerset" }, "geometry": { "type": "Point", "coordinates": [ -2.35696809999996, 51.380045700000039 ] } },
{ "type": "Feature", "properties": { "park_id": "100228", "active_status": "Active", "audit_status": "Approved and implement", "live_op_total_cap": 10, "approved_ua_total_cap": null, "ua_name": "Bath and North East Somerset" }, "geometry": { "type": "Point", "coordinates": [ -2.357699099999934, 51.380799800000034 ] } },
{ "type": "Feature", "properties": { "park_id": "100229", "active_status": "Active", "audit_status": "Approved and implement", "live_op_total_cap": 5, "approved_ua_total_cap": null, "ua_name": "Bath and North East Somerset" }, "geometry": { "type": "Point", "coordinates": [ -2.361111699999981, 51.383029700000066 ] } },
{ "type": "Feature", "properties": { "park_id": "100230", "active_status": "Inactive (rejected)", "audit_status": "Rejected", "live_op_total_cap": null, "approved_ua_total_cap": null, "ua_name": "Bath and North East Somerset" }, "geometry": { "type": "Point", "coordinates": [ -2.35432789999993, 51.385054500000081 ] } },
{ "type": "Feature", "properties": { "park_id": "100231", "active_status": "Active", "audit_status": "Approved and implement", "live_op_total_cap": 10, "approved_ua_total_cap": null, "ua_name": "Bath and North East Somerset" }, "geometry": { "type": "Point", "coordinates": [ -2.374328599999956, 51.40786380000003 ] } },
{ "type": "Feature", "properties": { "park_id": "100232", "active_status": "Inactive (rejected)", "audit_status": "Rejected", "live_op_total_cap": null, "approved_ua_total_cap": null, "ua_name": "Bath and North East Somerset" }, "geometry": { "type": "Point", "coordinates": [ -2.372791599999971, 51.408037300000046 ] } },
{ "type": "Feature", "properties": { "park_id": "100233", "active_status": "Inactive (contact landowner)", "audit_status": "Audited - private land", "live_op_total_cap": null, "approved_ua_total_cap": null, "ua_name": "Bath and North East Somerset" }, "geometry": { "type": "Point", "coordinates": [ -2.36782379999994, 51.378794700000071 ] } },
{ "type": "Feature", "properties": { "park_id": "100234", "active_status": "Active", "audit_status": "Approved and implement", "live_op_total_cap": 5, "approved_ua_total_cap": null, "ua_name": "Bath and North East Somerset" }, "geometry": { "type": "Point", "coordinates": [ -2.361332499999946, 51.378523800000039 ] } },
{ "type": "Feature", "properties": { "park_id": "100235", "active_status": "Active", "audit_status": "Approved and implement", "live_op_total_cap": 10, "approved_ua_total_cap": null, "ua_name": "Bath and North East Somerset" }, "geometry": { "type": "Point", "coordinates": [ -2.361040099999968, 51.378759 ] } },
{ "type": "Feature", "properties": { "park_id": "100236", "active_status": "Active", "audit_status": "Approved and implement", "live_op_total_cap": 10, "approved_ua_total_cap": null, "ua_name": "Bath and North East Somerset" }, "geometry": { "type": "Point", "coordinates": [ -2.367810299999974, 51.378628900000081 ] } },
{ "type": "Feature", "properties": { "park_id": "100237", "active_status": "Inactive (surplus)", "audit_status": "Approved and implement", "live_op_total_cap": 0, "approved_ua_total_cap": null, "ua_name": "Bath and North East Somerset" }, "geometry": { "type": "Point", "coordinates": [ -2.310275199999978, 51.402827300000069 ] } },
{ "type": "Feature", "properties": { "park_id": "100238", "active_status": "Active", "audit_status": "Approved and implement", "live_op_total_cap": 8, "approved_ua_total_cap": null, "ua_name": "Bath and North East Somerset" }, "geometry": { "type": "Point", "coordinates": [ -2.366123, 51.383897700000034 ] } },
{ "type": "Feature", "properties": { "park_id": "100239", "active_status": "Inactive (rejected)", "audit_status": "Rejected", "live_op_total_cap": null, "approved_ua_total_cap": null, "ua_name": "Bath and North East Somerset" }, "geometry": { "type": "Point", "coordinates": [ -2.364152099999956, 51.391305300000056 ] } },
{ "type": "Feature", "properties": { "park_id": "100240", "active_status": "Inactive (contact landowner)", "audit_status": "Audited - private land", "live_op_total_cap": null, "approved_ua_total_cap": null, "ua_name": "Bath and North East Somerset" }, "geometry": { "type": "Point", "coordinates": [ -2.340199, 51.378595800000028 ] } },
{ "type": "Feature", "properties": { "park_id": "100241", "active_status": "Inactive (undergoing audit process)", "audit_status": "Approved and implement", "live_op_total_cap": null, "approved_ua_total_cap": null, "ua_name": "Bath and North East Somerset" }, "geometry": { "type": "Point", "coordinates": [ -2.35779, 51.38183 ] } },
{ "type": "Feature", "properties": { "park_id": "100242", "active_status": "Inactive (undergoing audit process)", "audit_status": "Approved and implement", "live_op_total_cap": null, "approved_ua_total_cap": null, "ua_name": "Bath and North East Somerset" }, "geometry": { "type": "Point", "coordinates": [ -2.35347, 51.395 ] } },
{ "type": "Feature", "properties": { "park_id": "100243", "active_status": "Inactive (undergoing audit process)", "audit_status": "Approved and implement", "live_op_total_cap": null, "approved_ua_total_cap": null, "ua_name": "Bath and North East Somerset" }, "geometry": { "type": "Point", "coordinates": [ -2.32413, 51.39382 ] } },
{ "type": "Feature", "properties": { "park_id": "100244", "active_status": "Inactive (undergoing audit process)", "audit_status": "Approved and implement", "live_op_total_cap": null, "approved_ua_total_cap": null, "ua_name": "Bath and North East Somerset" }, "geometry": { "type": "Point", "coordinates": [ -2.36077, 51.39074 ] } },
{ "type": "Feature", "properties": { "park_id": "100245", "active_status": "Inactive (undergoing audit process)", "audit_status": "Approved and implement", "live_op_total_cap": null, "approved_ua_total_cap": null, "ua_name": "Bath and North East Somerset" }, "geometry": { "type": "Point", "coordinates": [ -2.35916, 51.39216 ] } },
{ "type": "Feature", "properties": { "park_id": "100246", "active_status": "Inactive (undergoing audit process)", "audit_status": "Approved and implement", "live_op_total_cap": null, "approved_ua_total_cap": null, "ua_name": "Bath and North East Somerset" }, "geometry": { "type": "Point", "coordinates": [ -2.36381, 51.38907 ] } },
{ "type": "Feature", "properties": { "park_id": "100247", "active_status": "Inactive (undergoing audit process)", "audit_status": "Approved and implement", "live_op_total_cap": null, "approved_ua_total_cap": null, "ua_name": "Bath and North East Somerset" }, "geometry": { "type": "Point", "coordinates": [ -2.36354, 51.39671 ] } },
{ "type": "Feature", "properties": { "park_id": "100248", "active_status": "Inactive (undergoing audit process)", "audit_status": "Approved and implement", "live_op_total_cap": null, "approved_ua_total_cap": null, "ua_name": "Bath and North East Somerset" }, "geometry": { "type": "Point", "coordinates": [ -2.36283, 51.38647 ] } },
{ "type": "Feature", "properties": { "park_id": "100249", "active_status": "Inactive (undergoing audit process)", "audit_status": "Approved and implement", "live_op_total_cap": null, "approved_ua_total_cap": null, "ua_name": "Bath and North East Somerset" }, "geometry": { "type": "Point", "coordinates": [ -2.35449449999993, 51.399911900000063 ] } },
{ "type": "Feature", "properties": { "park_id": "100250", "active_status": "Inactive (undergoing audit process)", "audit_status": "Approved and implement", "live_op_total_cap": null, "approved_ua_total_cap": null, "ua_name": "Bath and North East Somerset" }, "geometry": { "type": "Point", "coordinates": [ -2.360170099999948, 51.39295530000004 ] } },
{ "type": "Feature", "properties": { "park_id": "100251", "active_status": "Inactive (undergoing audit process)", "audit_status": "Approved and implement", "live_op_total_cap": null, "approved_ua_total_cap": null, "ua_name": "Bath and North East Somerset" }, "geometry": { "type": "Point", "coordinates": [ -2.361299799999927, 51.39864010000008 ] } },
{ "type": "Feature", "properties": { "park_id": "100252", "active_status": "Inactive (undergoing audit process)", "audit_status": "Approved and implement", "live_op_total_cap": null, "approved_ua_total_cap": null, "ua_name": "Bath and North East Somerset" }, "geometry": { "type": "Point", "coordinates": [ -2.359946, 51.398802100000069 ] } },
{ "type": "Feature", "properties": { "park_id": "100253", "active_status": "Inactive (undergoing audit process)", "audit_status": "Approved and implement", "live_op_total_cap": null, "approved_ua_total_cap": null, "ua_name": "Bath and North East Somerset" }, "geometry": { "type": "Point", "coordinates": [ -2.358802599999933, 51.399351300000035 ] } },
{ "type": "Feature", "properties": { "park_id": "100254", "active_status": "Inactive (undergoing audit process)", "audit_status": "Approved and implement", "live_op_total_cap": null, "approved_ua_total_cap": null, "ua_name": "Bath and North East Somerset" }, "geometry": { "type": "Point", "coordinates": [ -2.356459, 51.397942500000056 ] } },
{ "type": "Feature", "properties": { "park_id": "100255", "active_status": "Inactive (undergoing audit process)", "audit_status": "Approved and implement", "live_op_total_cap": null, "approved_ua_total_cap": null, "ua_name": "Bath and North East Somerset" }, "geometry": { "type": "Point", "coordinates": [ -2.393107599999951, 51.380804600000033 ] } },
{ "type": "Feature", "properties": { "park_id": "100256", "active_status": "Inactive (undergoing audit process)", "audit_status": "Approved and implement", "live_op_total_cap": null, "approved_ua_total_cap": null, "ua_name": "Bath and North East Somerset" }, "geometry": { "type": "Point", "coordinates": [ -2.393696599999942, 51.390544700000078 ] } },
{ "type": "Feature", "properties": { "park_id": "100257", "active_status": "Inactive (undergoing audit process)", "audit_status": "Approved and implement", "live_op_total_cap": null, "approved_ua_total_cap": null, "ua_name": "Bath and North East Somerset" }, "geometry": { "type": "Point", "coordinates": [ -2.391831199999956, 51.392156100000079 ] } },
{ "type": "Feature", "properties": { "park_id": "100258", "active_status": "Inactive (undergoing audit process)", "audit_status": "Approved and implement", "live_op_total_cap": null, "approved_ua_total_cap": null, "ua_name": "Bath and North East Somerset" }, "geometry": { "type": "Point", "coordinates": [ -2.392417, 51.392991100000074 ] } },
{ "type": "Feature", "properties": { "park_id": "100259", "active_status": "Inactive (rejected)", "audit_status": "Rejected", "live_op_total_cap": null, "approved_ua_total_cap": null, "ua_name": "Bath and North East Somerset" }, "geometry": { "type": "Point", "coordinates": [ -2.389141, 51.395119 ] } },
{ "type": "Feature", "properties": { "park_id": "100260", "active_status": "Inactive (rejected)", "audit_status": "Rejected", "live_op_total_cap": null, "approved_ua_total_cap": null, "ua_name": "Bath and North East Somerset" }, "geometry": { "type": "Point", "coordinates": [ -2.366825699999936, 51.392573800000036 ] } },
{ "type": "Feature", "properties": { "park_id": "100261", "active_status": "Inactive (rejected)", "audit_status": "Rejected", "live_op_total_cap": null, "approved_ua_total_cap": null, "ua_name": "Bath and North East Somerset" }, "geometry": { "type": "Point", "coordinates": [ -2.36126239999993, 51.37821450000007 ] } },
{ "type": "Feature", "properties": { "park_id": "100262", "active_status": "Inactive (rejected)", "audit_status": "Rejected", "live_op_total_cap": null, "approved_ua_total_cap": null, "ua_name": "Bath and North East Somerset" }, "geometry": { "type": "Point", "coordinates": [ -2.361157799999944, 51.378218700000048 ] } },
{ "type": "Feature", "properties": { "park_id": "100263", "active_status": "Inactive (rejected)", "audit_status": "Rejected", "live_op_total_cap": null, "approved_ua_total_cap": null, "ua_name": "Bath and North East Somerset" }, "geometry": { "type": "Point", "coordinates": [ -2.360977899999966, 51.377995200000043 ] } },
{ "type": "Feature", "properties": { "park_id": "100264", "active_status": "Inactive (rejected)", "audit_status": "Rejected", "live_op_total_cap": null, "approved_ua_total_cap": null, "ua_name": "Bath and North East Somerset" }, "geometry": { "type": "Point", "coordinates": [ -2.396351699999968, 51.391089300000033 ] } },
{ "type": "Feature", "properties": { "park_id": "100265", "active_status": "Inactive (rejected)", "audit_status": "Rejected", "live_op_total_cap": null, "approved_ua_total_cap": null, "ua_name": "Bath and North East Somerset" }, "geometry": { "type": "Point", "coordinates": [ -2.363184899999965, 51.389557600000046 ] } },
{ "type": "Feature", "properties": { "park_id": "300002", "active_status": "Active", "audit_status": "Approved and implement", "live_op_total_cap": 20, "approved_ua_total_cap": 20, "ua_name": "Bristol, City of" }, "geometry": { "type": "Point", "coordinates": [ -2.59973169999995, 51.452170300000034 ] } },
{ "type": "Feature", "properties": { "park_id": "300003", "active_status": "Active", "audit_status": "Make changes and resubmit", "live_op_total_cap": 4, "approved_ua_total_cap": 4, "ua_name": "Bristol, City of" }, "geometry": { "type": "Point", "coordinates": [ -2.573004899999944, 51.482734100000073 ] } },
{ "type": "Feature", "properties": { "park_id": "300004", "active_status": "Active", "audit_status": "Approved and implement", "live_op_total_cap": 4, "approved_ua_total_cap": 4, "ua_name": "Bristol, City of" }, "geometry": { "type": "Point", "coordinates": [ -2.600659699999937, 51.414650400000028 ] } },
{ "type": "Feature", "properties": { "park_id": "300005", "active_status": "Deactivated", "audit_status": "Rejected", "live_op_total_cap": 0, "approved_ua_total_cap": 0, "ua_name": "Bristol, City of" }, "geometry": { "type": "Point", "coordinates": [ -2.59316, 51.45798 ] } },
{ "type": "Feature", "properties": { "park_id": "300006", "active_status": "Deactivated", "audit_status": "Approved and implement", "live_op_total_cap": 0, "approved_ua_total_cap": 12, "ua_name": "Bristol, City of" }, "geometry": { "type": "Point", "coordinates": [ -2.59624, 51.45852 ] } },
{ "type": "Feature", "properties": { "park_id": "300008", "active_status": "Active", "audit_status": "Make changes and resubmit", "live_op_total_cap": 4, "approved_ua_total_cap": 4, "ua_name": "Bristol, City of" }, "geometry": { "type": "Point", "coordinates": [ -2.543404099999975, 51.468049 ] } },
{ "type": "Feature", "properties": { "park_id": "300009", "active_status": "Deactivated", "audit_status": "Rejected", "live_op_total_cap": 0, "approved_ua_total_cap": 0, "ua_name": "Bristol, City of" }, "geometry": { "type": "Point", "coordinates": [ -2.60859, 51.45774 ] } },
{ "type": "Feature", "properties": { "park_id": "300011", "active_status": "Inactive (rejected)", "audit_status": "Rejected", "live_op_total_cap": 0, "approved_ua_total_cap": 0, "ua_name": "Bristol, City of" }, "geometry": { "type": "Point", "coordinates": [ -2.582990884999958, 51.448364260000062 ] } },
{ "type": "Feature", "properties": { "park_id": "300012", "active_status": "Deactivated", "audit_status": "Rejected", "live_op_total_cap": 0, "approved_ua_total_cap": 0, "ua_name": "Bristol, City of" }, "geometry": { "type": "Point", "coordinates": [ -2.59703, 51.44191 ] } },
{ "type": "Feature", "properties": { "park_id": "300013", "active_status": "Active", "audit_status": "Make changes and resubmit", "live_op_total_cap": 12, "approved_ua_total_cap": 12, "ua_name": "Bristol, City of" }, "geometry": { "type": "Point", "coordinates": [ -2.592597, 51.449696 ] } },
{ "type": "Feature", "properties": { "park_id": "300014", "active_status": "Deactivated", "audit_status": "Rejected", "live_op_total_cap": 0, "approved_ua_total_cap": 0, "ua_name": "Bristol, City of" }, "geometry": { "type": "Point", "coordinates": [ -2.60221, 51.4518 ] } },
{ "type": "Feature", "properties": { "park_id": "300015", "active_status": "Deactivated", "audit_status": "Rejected", "live_op_total_cap": 0, "approved_ua_total_cap": 0, "ua_name": "Bristol, City of" }, "geometry": { "type": "Point", "coordinates": [ -2.61482, 51.45542 ] } },
{ "type": "Feature", "properties": { "park_id": "300016", "active_status": "Deactivated", "audit_status": "Make changes and implement", "live_op_total_cap": 0, "approved_ua_total_cap": 12, "ua_name": "Bristol, City of" }, "geometry": { "type": "Point", "coordinates": [ -2.601205499999935, 51.453073600000039 ] } },
{ "type": "Feature", "properties": { "park_id": "300017", "active_status": "Deactivated", "audit_status": "Rejected", "live_op_total_cap": 0, "approved_ua_total_cap": 0, "ua_name": "Bristol, City of" }, "geometry": { "type": "Point", "coordinates": [ -2.58633, 51.4576 ] } },
{ "type": "Feature", "properties": { "park_id": "300018", "active_status": "Active", "audit_status": "Make changes and resubmit", "live_op_total_cap": 8, "approved_ua_total_cap": 8, "ua_name": "Bristol, City of" }, "geometry": { "type": "Point", "coordinates": [ -2.566616199999942, 51.464410900000075 ] } },
{ "type": "Feature", "properties": { "park_id": "300019", "active_status": "Active", "audit_status": "Approved and implement", "live_op_total_cap": 6, "approved_ua_total_cap": 6, "ua_name": "Bristol, City of" }, "geometry": { "type": "Point", "coordinates": [ -2.531548, 51.479458 ] } },
{ "type": "Feature", "properties": { "park_id": "300020", "active_status": "Deactivated", "audit_status": "Rejected", "live_op_total_cap": 0, "approved_ua_total_cap": 0, "ua_name": "Bristol, City of" }, "geometry": { "type": "Point", "coordinates": [ -2.61363, 51.44215 ] } },
{ "type": "Feature", "properties": { "park_id": "300021", "active_status": "Deactivated", "audit_status": "Rejected", "live_op_total_cap": 0, "approved_ua_total_cap": 0, "ua_name": "Bristol, City of" }, "geometry": { "type": "Point", "coordinates": [ -2.62493, 51.46156 ] } },
{ "type": "Feature", "properties": { "park_id": "300022", "active_status": "Active", "audit_status": "Approved and implement", "live_op_total_cap": 8, "approved_ua_total_cap": 8, "ua_name": "Bristol, City of" }, "geometry": { "type": "Point", "coordinates": [ -2.527029099999936, 51.481707800000038 ] } },
{ "type": "Feature", "properties": { "park_id": "300023", "active_status": "Active", "audit_status": "Make changes and resubmit", "live_op_total_cap": 10, "approved_ua_total_cap": 10, "ua_name": "Bristol, City of" }, "geometry": { "type": "Point", "coordinates": [ -2.598537199999953, 51.441079100000081 ] } },
{ "type": "Feature", "properties": { "park_id": "300024", "active_status": "Active", "audit_status": "Make changes and resubmit", "live_op_total_cap": 8, "approved_ua_total_cap": 8, "ua_name": "Bristol, City of" }, "geometry": { "type": "Point", "coordinates": [ -2.612372199999925, 51.467635800000039 ] } },
{ "type": "Feature", "properties": { "park_id": "300025", "active_status": "Active", "audit_status": "Approved and implement", "live_op_total_cap": 10, "approved_ua_total_cap": 10, "ua_name": "Bristol, City of" }, "geometry": { "type": "Point", "coordinates": [ -2.525321899999938, 51.481807300000071 ] } },
{ "type": "Feature", "properties": { "park_id": "300026", "active_status": "Active", "audit_status": "Approved and implement", "live_op_total_cap": 12, "approved_ua_total_cap": 12, "ua_name": "Bristol, City of" }, "geometry": { "type": "Point", "coordinates": [ -2.590208899999936, 51.448515100000066 ] } },
{ "type": "Feature", "properties": { "park_id": "300027", "active_status": "Active", "audit_status": "Make changes and implement", "live_op_total_cap": 20, "approved_ua_total_cap": 20, "ua_name": "Bristol, City of" }, "geometry": { "type": "Point", "coordinates": [ -2.594981899999937, 51.42088190000004 ] } },
{ "type": "Feature", "properties": { "park_id": "300028", "active_status": "Deactivated", "audit_status": "Rejected", "live_op_total_cap": 0, "approved_ua_total_cap": 0, "ua_name": "Bristol, City of" }, "geometry": { "type": "Point", "coordinates": [ -2.6114, 51.43999 ] } },
{ "type": "Feature", "properties": { "park_id": "300030", "active_status": "Active", "audit_status": "Approved and implement", "live_op_total_cap": 14, "approved_ua_total_cap": 14, "ua_name": "Bristol, City of" }, "geometry": { "type": "Point", "coordinates": [ -2.547221899999954, 51.433583900000031 ] } },
{ "type": "Feature", "properties": { "park_id": "300031", "active_status": "Active", "audit_status": "Make changes and implement", "live_op_total_cap": 4, "approved_ua_total_cap": 4, "ua_name": "Bristol, City of" }, "geometry": { "type": "Point", "coordinates": [ -2.621398799999952, 51.433808700000043 ] } },
{ "type": "Feature", "properties": { "park_id": "300032", "active_status": "Active", "audit_status": "Approved and implement", "live_op_total_cap": 10, "approved_ua_total_cap": 6, "ua_name": "Bristol, City of" }, "geometry": { "type": "Point", "coordinates": [ -2.588216299999942, 51.459703700000034 ] } },
{ "type": "Feature", "properties": { "park_id": "300033", "active_status": "Deactivated", "audit_status": "Rejected", "live_op_total_cap": 0, "approved_ua_total_cap": 0, "ua_name": "Bristol, City of" }, "geometry": { "type": "Point", "coordinates": [ -2.59144, 51.45765 ] } },
{ "type": "Feature", "properties": { "park_id": "300034", "active_status": "Active", "audit_status": "Approved and implement", "live_op_total_cap": 6, "approved_ua_total_cap": 6, "ua_name": "Bristol, City of" }, "geometry": { "type": "Point", "coordinates": [ -2.527981099999977, 51.453433100000041 ] } },
{ "type": "Feature", "properties": { "park_id": "300035", "active_status": "Active", "audit_status": "Make changes and implement", "live_op_total_cap": 6, "approved_ua_total_cap": 6, "ua_name": "Bristol, City of" }, "geometry": { "type": "Point", "coordinates": [ -2.583231, 51.46541540000004 ] } },
{ "type": "Feature", "properties": { "park_id": "300036", "active_status": "Deactivated", "audit_status": "Rejected", "live_op_total_cap": 0, "approved_ua_total_cap": 0, "ua_name": "Bristol, City of" }, "geometry": { "type": "Point", "coordinates": [ -2.62713, 51.43237 ] } },
{ "type": "Feature", "properties": { "park_id": "300037", "active_status": "Active", "audit_status": "Approved and implement", "live_op_total_cap": 4, "approved_ua_total_cap": 4, "ua_name": "Bristol, City of" }, "geometry": { "type": "Point", "coordinates": [ -2.527422199999933, 51.45045250000004 ] } },
{ "type": "Feature", "properties": { "park_id": "300038", "active_status": "Active", "audit_status": "Approved and implement", "live_op_total_cap": 8, "approved_ua_total_cap": 8, "ua_name": "Bristol, City of" }, "geometry": { "type": "Point", "coordinates": [ -2.581013399999961, 51.465994700000067 ] } },
{ "type": "Feature", "properties": { "park_id": "300039", "active_status": "Active", "audit_status": "Approved and implement", "live_op_total_cap": 8, "approved_ua_total_cap": 8, "ua_name": "Bristol, City of" }, "geometry": { "type": "Point", "coordinates": [ -2.613439599999936, 51.427458400000035 ] } },
{ "type": "Feature", "properties": { "park_id": "300041", "active_status": "Active", "audit_status": "Make changes and implement", "live_op_total_cap": 4, "approved_ua_total_cap": 4, "ua_name": "Bristol, City of" }, "geometry": { "type": "Point", "coordinates": [ -2.615164, 51.423695800000075 ] } },
{ "type": "Feature", "properties": { "park_id": "300042", "active_status": "Active", "audit_status": "Approved and implement", "live_op_total_cap": 5, "approved_ua_total_cap": 5, "ua_name": "Bristol, City of" }, "geometry": { "type": "Point", "coordinates": [ -2.597622799999954, 51.46217050000007 ] } },
{ "type": "Feature", "properties": { "park_id": "300043", "active_status": "Active", "audit_status": "Approved and implement", "live_op_total_cap": 12, "approved_ua_total_cap": 12, "ua_name": "Bristol, City of" }, "geometry": { "type": "Point", "coordinates": [ -2.617465299999935, 51.424069200000076 ] } },
{ "type": "Feature", "properties": { "park_id": "300044", "active_status": "Active", "audit_status": "Make changes and resubmit", "live_op_total_cap": 6, "approved_ua_total_cap": 6, "ua_name": "Bristol, City of" }, "geometry": { "type": "Point", "coordinates": [ -2.558248899999967, 51.466409700000042 ] } },
{ "type": "Feature", "properties": { "park_id": "300045", "active_status": "Active", "audit_status": "Approved and implement", "live_op_total_cap": 9, "approved_ua_total_cap": 9, "ua_name": "Bristol, City of" }, "geometry": { "type": "Point", "coordinates": [ -2.597246, 51.463564 ] } },
{ "type": "Feature", "properties": { "park_id": "300046", "active_status": "Deactivated", "audit_status": "Make changes and implement", "live_op_total_cap": 0, "approved_ua_total_cap": 10, "ua_name": "Bristol, City of" }, "geometry": { "type": "Point", "coordinates": [ -2.6166, 51.41872 ] } },
{ "type": "Feature", "properties": { "park_id": "300047", "active_status": "Active", "audit_status": "Ready for UA review", "live_op_total_cap": 0, "approved_ua_total_cap": 0, "ua_name": "Bristol, City of" }, "geometry": { "type": "Point", "coordinates": [ -2.52936, 51.49603 ] } },
{ "type": "Feature", "properties": { "park_id": "300048", "active_status": "Active", "audit_status": "Make changes and implement", "live_op_total_cap": 12, "approved_ua_total_cap": 14, "ua_name": "Bristol, City of" }, "geometry": { "type": "Point", "coordinates": [ -2.602093599999932, 51.461438 ] } },
{ "type": "Feature", "properties": { "park_id": "300049", "active_status": "Active", "audit_status": "Make changes and implement", "live_op_total_cap": 10, "approved_ua_total_cap": 10, "ua_name": "Bristol, City of" }, "geometry": { "type": "Point", "coordinates": [ -2.559318599999926, 51.469282500000077 ] } },
{ "type": "Feature", "properties": { "park_id": "300050", "active_status": "Active", "audit_status": "Ready for UA review", "live_op_total_cap": 0, "approved_ua_total_cap": 0, "ua_name": "Bristol, City of" }, "geometry": { "type": "Point", "coordinates": [ -2.61751, 51.41857 ] } },
{ "type": "Feature", "properties": { "park_id": "300051", "active_status": "Active", "audit_status": "Approved and implement", "live_op_total_cap": 4, "approved_ua_total_cap": 3, "ua_name": "Bristol, City of" }, "geometry": { "type": "Point", "coordinates": [ -2.531907899999965, 51.494662600000026 ] } },
{ "type": "Feature", "properties": { "park_id": "300053", "active_status": "Deactivated", "audit_status": "Rejected", "live_op_total_cap": 0, "approved_ua_total_cap": 0, "ua_name": "Bristol, City of" }, "geometry": { "type": "Point", "coordinates": [ -2.59602, 51.4587 ] } },
{ "type": "Feature", "properties": { "park_id": "300054", "active_status": "Active", "audit_status": "Make changes and implement", "live_op_total_cap": 4, "approved_ua_total_cap": 7, "ua_name": "Bristol, City of" }, "geometry": { "type": "Point", "coordinates": [ -2.616282, 51.456055 ] } },
{ "type": "Feature", "properties": { "park_id": "300055", "active_status": "Inactive (rejected)", "audit_status": "Rejected", "live_op_total_cap": 0, "approved_ua_total_cap": 0, "ua_name": "Bristol, City of" }, "geometry": { "type": "Point", "coordinates": [ -2.617893933999937, 51.417453770000066 ] } },
{ "type": "Feature", "properties": { "park_id": "300056", "active_status": "Active", "audit_status": "Approved and implement", "live_op_total_cap": 12, "approved_ua_total_cap": 12, "ua_name": "Bristol, City of" }, "geometry": { "type": "Point", "coordinates": [ -2.536116799999945, 51.489086100000065 ] } },
{ "type": "Feature", "properties": { "park_id": "300057", "active_status": "Active", "audit_status": "Make changes and implement", "live_op_total_cap": 6, "approved_ua_total_cap": 6, "ua_name": "Bristol, City of" }, "geometry": { "type": "Point", "coordinates": [ -2.563584799999944, 51.453498600000046 ] } },
{ "type": "Feature", "properties": { "park_id": "300058", "active_status": "Deactivated", "audit_status": "Rejected", "live_op_total_cap": 0, "approved_ua_total_cap": 0, "ua_name": "Bristol, City of" }, "geometry": { "type": "Point", "coordinates": [ -2.60775, 51.45599 ] } },
{ "type": "Feature", "properties": { "park_id": "300059", "active_status": "Active", "audit_status": "Make changes and implement", "live_op_total_cap": 12, "approved_ua_total_cap": 12, "ua_name": "Bristol, City of" }, "geometry": { "type": "Point", "coordinates": [ -2.617327399999965, 51.41622140000004 ] } },
{ "type": "Feature", "properties": { "park_id": "300060", "active_status": "Active", "audit_status": "Approved and implement", "live_op_total_cap": 8, "approved_ua_total_cap": 8, "ua_name": "Bristol, City of" }, "geometry": { "type": "Point", "coordinates": [ -2.676136699999972, 51.50426120000003 ] } },
{ "type": "Feature", "properties": { "park_id": "300061", "active_status": "Deactivated", "audit_status": "Approved and implement", "live_op_total_cap": 0, "approved_ua_total_cap": 8, "ua_name": "Bristol, City of" }, "geometry": { "type": "Point", "coordinates": [ -2.59528, 51.45925 ] } },
{ "type": "Feature", "properties": { "park_id": "300063", "active_status": "Inactive (rejected)", "audit_status": "Rejected", "live_op_total_cap": 0, "approved_ua_total_cap": 0, "ua_name": "Bristol, City of" }, "geometry": { "type": "Point", "coordinates": [ -2.598918914999956, 51.446186070000067 ] } },
{ "type": "Feature", "properties": { "park_id": "300064", "active_status": "Active", "audit_status": "Make changes and implement", "live_op_total_cap": 12, "approved_ua_total_cap": 12, "ua_name": "Bristol, City of" }, "geometry": { "type": "Point", "coordinates": [ -2.620364299999949, 51.413099600000066 ] } },
{ "type": "Feature", "properties": { "park_id": "300065", "active_status": "Active", "audit_status": "Approved and implement", "live_op_total_cap": 12, "approved_ua_total_cap": 12, "ua_name": "Bristol, City of" }, "geometry": { "type": "Point", "coordinates": [ -2.678948899999966, 51.503084800000067 ] } },
{ "type": "Feature", "properties": { "park_id": "300066", "active_status": "Deactivated", "audit_status": "Rejected", "live_op_total_cap": 0, "approved_ua_total_cap": 0, "ua_name": "Bristol, City of" }, "geometry": { "type": "Point", "coordinates": [ -2.59661, 51.45198 ] } },
{ "type": "Feature", "properties": { "park_id": "300067", "active_status": "Deactivated", "audit_status": "Rejected", "live_op_total_cap": 0, "approved_ua_total_cap": 0, "ua_name": "Bristol, City of" }, "geometry": { "type": "Point", "coordinates": [ -2.62705, 51.41488 ] } },
{ "type": "Feature", "properties": { "park_id": "300068", "active_status": "Active", "audit_status": "Approved and implement", "live_op_total_cap": 10, "approved_ua_total_cap": 10, "ua_name": "Bristol, City of" }, "geometry": { "type": "Point", "coordinates": [ -2.578476, 51.433887 ] } },
{ "type": "Feature", "properties": { "park_id": "300069", "active_status": "Active", "audit_status": "Make changes and implement", "live_op_total_cap": 9, "approved_ua_total_cap": 9, "ua_name": "Bristol, City of" }, "geometry": { "type": "Point", "coordinates": [ -2.593352, 51.453432 ] } },
{ "type": "Feature", "properties": { "park_id": "300070", "active_status": "Active", "audit_status": "Ready for UA review", "live_op_total_cap": 0, "approved_ua_total_cap": 3, "ua_name": "Bristol, City of" }, "geometry": { "type": "Point", "coordinates": [ -2.61664, 51.44428 ] } },
{ "type": "Feature", "properties": { "park_id": "300071", "active_status": "Active", "audit_status": "Make changes and implement", "live_op_total_cap": 4, "approved_ua_total_cap": 6, "ua_name": "Bristol, City of" }, "geometry": { "type": "Point", "coordinates": [ -2.623166, 51.416922 ] } },
{ "type": "Feature", "properties": { "park_id": "300072", "active_status": "Deactivated", "audit_status": "Approved and implement", "live_op_total_cap": 0, "approved_ua_total_cap": 4, "ua_name": "Bristol, City of" }, "geometry": { "type": "Point", "coordinates": [ -2.634926080999946, 51.507682800000055 ] } },
{ "type": "Feature", "properties": { "park_id": "300073", "active_status": "Active", "audit_status": "Make changes and implement", "live_op_total_cap": 6, "approved_ua_total_cap": 6, "ua_name": "Bristol, City of" }, "geometry": { "type": "Point", "coordinates": [ -2.600473399999942, 51.454060500000026 ] } },
{ "type": "Feature", "properties": { "park_id": "300074", "active_status": "Active", "audit_status": "Approved and implement", "live_op_total_cap": 8, "approved_ua_total_cap": 8, "ua_name": "Bristol, City of" }, "geometry": { "type": "Point", "coordinates": [ -2.617428699999948, 51.443020300000057 ] } },
{ "type": "Feature", "properties": { "park_id": "300076", "active_status": "Active", "audit_status": "Approved and implement", "live_op_total_cap": 13, "approved_ua_total_cap": 0, "ua_name": "Bristol, City of" }, "geometry": { "type": "Point", "coordinates": [ -2.610203499999955, 51.440298700000028 ] } },
{ "type": "Feature", "properties": { "park_id": "300077", "active_status": "Active", "audit_status": "Approved and implement", "live_op_total_cap": 12, "approved_ua_total_cap": 12, "ua_name": "Bristol, City of" }, "geometry": { "type": "Point", "coordinates": [ -2.606097699999964, 51.440362400000026 ] } },
{ "type": "Feature", "properties": { "park_id": "300078", "active_status": "Deactivated", "audit_status": "Rejected", "live_op_total_cap": 0, "approved_ua_total_cap": 0, "ua_name": "Bristol, City of" }, "geometry": { "type": "Point", "coordinates": [ -2.60077, 51.44094 ] } },
{ "type": "Feature", "properties": { "park_id": "300079", "active_status": "Active", "audit_status": " ", "live_op_total_cap": 8, "approved_ua_total_cap": 8, "ua_name": "Bristol, City of" }, "geometry": { "type": "Point", "coordinates": [ -2.612399299999936, 51.444794400000035 ] } },
{ "type": "Feature", "properties": { "park_id": "300080", "active_status": "Active", "audit_status": "Approved and implement", "live_op_total_cap": 6, "approved_ua_total_cap": 6, "ua_name": "Bristol, City of" }, "geometry": { "type": "Point", "coordinates": [ -2.584982799999977, 51.462807500000054 ] } },
{ "type": "Feature", "properties": { "park_id": "300081", "active_status": "Active", "audit_status": "Approved and implement", "live_op_total_cap": 3, "approved_ua_total_cap": 3, "ua_name": "Bristol, City of" }, "geometry": { "type": "Point", "coordinates": [ -2.581510699999967, 51.465259700000047 ] } },
{ "type": "Feature", "properties": { "park_id": "300082", "active_status": "Active", "audit_status": "Make changes and resubmit", "live_op_total_cap": 6, "approved_ua_total_cap": 6, "ua_name": "Bristol, City of" }, "geometry": { "type": "Point", "coordinates": [ -2.619075899999928, 51.455427300000053 ] } },
{ "type": "Feature", "properties": { "park_id": "300083", "active_status": "Active", "audit_status": "Approved and implement", "live_op_total_cap": 8, "approved_ua_total_cap": 8, "ua_name": "Bristol, City of" }, "geometry": { "type": "Point", "coordinates": [ -2.594561599999963, 51.467761300000063 ] } },
{ "type": "Feature", "properties": { "park_id": "300084", "active_status": "Deactivated", "audit_status": "Rejected", "live_op_total_cap": 0, "approved_ua_total_cap": 0, "ua_name": "Bristol, City of" }, "geometry": { "type": "Point", "coordinates": [ -2.58987, 51.46407 ] } },
{ "type": "Feature", "properties": { "park_id": "300085", "active_status": "Active", "audit_status": "Approved and implement", "live_op_total_cap": 5, "approved_ua_total_cap": 5, "ua_name": "Bristol, City of" }, "geometry": { "type": "Point", "coordinates": [ -2.622869799999933, 51.452439600000048 ] } },
{ "type": "Feature", "properties": { "park_id": "300086", "active_status": "Deactivated", "audit_status": "Approved and implement", "live_op_total_cap": 0, "approved_ua_total_cap": 4, "ua_name": "Bristol, City of" }, "geometry": { "type": "Point", "coordinates": [ -2.606321899999955, 51.462714500000061 ] } },
{ "type": "Feature", "properties": { "park_id": "300087", "active_status": "Active", "audit_status": "Make changes and implement", "live_op_total_cap": 10, "approved_ua_total_cap": 10, "ua_name": "Bristol, City of" }, "geometry": { "type": "Point", "coordinates": [ -2.608688499999971, 51.460734200000047 ] } },
{ "type": "Feature", "properties": { "park_id": "300088", "active_status": "Active", "audit_status": "Approved and implement", "live_op_total_cap": 6, "approved_ua_total_cap": 6, "ua_name": "Bristol, City of" }, "geometry": { "type": "Point", "coordinates": [ -2.613863, 51.458305300000063 ] } },
{ "type": "Feature", "properties": { "park_id": "300089", "active_status": "Deactivated", "audit_status": "Approved and implement", "live_op_total_cap": 0, "approved_ua_total_cap": 6, "ua_name": "Bristol, City of" }, "geometry": { "type": "Point", "coordinates": [ -2.598197299999924, 51.460920700000031 ] } },
{ "type": "Feature", "properties": { "park_id": "300090", "active_status": "Deactivated", "audit_status": "Approved and implement", "live_op_total_cap": 0, "approved_ua_total_cap": 15, "ua_name": "Bristol, City of" }, "geometry": { "type": "Point", "coordinates": [ -2.59025, 51.45571 ] } },
{ "type": "Feature", "properties": { "park_id": "300091", "active_status": "Active", "audit_status": "Approved and implement", "live_op_total_cap": 12, "approved_ua_total_cap": 12, "ua_name": "Bristol, City of" }, "geometry": { "type": "Point", "coordinates": [ -2.588345, 51.456435 ] } },
{ "type": "Feature", "properties": { "park_id": "300092", "active_status": "Active", "audit_status": "Approved and implement", "live_op_total_cap": 10, "approved_ua_total_cap": 10, "ua_name": "Bristol, City of" }, "geometry": { "type": "Point", "coordinates": [ -2.596256299999936, 51.449956 ] } },
{ "type": "Feature", "properties": { "park_id": "300093", "active_status": "Active", "audit_status": "Approved and implement", "live_op_total_cap": 6, "approved_ua_total_cap": 6, "ua_name": "Bristol, City of" }, "geometry": { "type": "Point", "coordinates": [ -2.611249399999963, 51.446746 ] } },
{ "type": "Feature", "properties": { "park_id": "300095", "active_status": "Active", "audit_status": "Make changes and resubmit", "live_op_total_cap": 10, "approved_ua_total_cap": 0, "ua_name": "Bristol, City of" }, "geometry": { "type": "Point", "coordinates": [ -2.609879899999953, 51.455102 ] } },
{ "type": "Feature", "properties": { "park_id": "300096", "active_status": "Deactivated", "audit_status": "Rejected", "live_op_total_cap": 0, "approved_ua_total_cap": 0, "ua_name": "Bristol, City of" }, "geometry": { "type": "Point", "coordinates": [ -2.60758, 51.45091 ] } },
{ "type": "Feature", "properties": { "park_id": "300097", "active_status": "Active", "audit_status": "Make changes and implement", "live_op_total_cap": 9, "approved_ua_total_cap": 9, "ua_name": "Bristol, City of" }, "geometry": { "type": "Point", "coordinates": [ -2.614143199999944, 51.453117100000043 ] } },
{ "type": "Feature", "properties": { "park_id": "300098", "active_status": "Deactivated", "audit_status": "Rejected", "live_op_total_cap": 0, "approved_ua_total_cap": 0, "ua_name": "Bristol, City of" }, "geometry": { "type": "Point", "coordinates": [ -2.61809, 51.45222 ] } },
{ "type": "Feature", "properties": { "park_id": "300099", "active_status": "Active", "audit_status": "Make changes and implement", "live_op_total_cap": 9, "approved_ua_total_cap": 9, "ua_name": "Bristol, City of" }, "geometry": { "type": "Point", "coordinates": [ -2.617134, 51.453475 ] } },
{ "type": "Feature", "properties": { "park_id": "300100", "active_status": "Active", "audit_status": "Approved and implement", "live_op_total_cap": 4, "approved_ua_total_cap": 4, "ua_name": "Bristol, City of" }, "geometry": { "type": "Point", "coordinates": [ -2.605182299999967, 51.443330200000048 ] } },
{ "type": "Feature", "properties": { "park_id": "300101", "active_status": "Deactivated", "audit_status": "Rejected", "live_op_total_cap": 0, "approved_ua_total_cap": 0, "ua_name": "Bristol, City of" }, "geometry": { "type": "Point", "coordinates": [ -2.5852, 51.487 ] } },
{ "type": "Feature", "properties": { "park_id": "300102", "active_status": "Active", "audit_status": "Make changes and resubmit", "live_op_total_cap": 10, "approved_ua_total_cap": 10, "ua_name": "Bristol, City of" }, "geometry": { "type": "Point", "coordinates": [ -2.585647799999947, 51.486496 ] } },
{ "type": "Feature", "properties": { "park_id": "300103", "active_status": "Deactivated", "audit_status": "Rejected", "live_op_total_cap": 0, "approved_ua_total_cap": 0, "ua_name": "Bristol, City of" }, "geometry": { "type": "Point", "coordinates": [ -2.58937, 51.47998 ] } },
{ "type": "Feature", "properties": { "park_id": "300104", "active_status": "Deactivated", "audit_status": "Rejected", "live_op_total_cap": 0, "approved_ua_total_cap": 0, "ua_name": "Bristol, City of" }, "geometry": { "type": "Point", "coordinates": [ -2.58954, 51.47921 ] } },
{ "type": "Feature", "properties": { "park_id": "300105", "active_status": "Deactivated", "audit_status": "Approved and implement", "live_op_total_cap": 0, "approved_ua_total_cap": 7, "ua_name": "Bristol, City of" }, "geometry": { "type": "Point", "coordinates": [ -2.590065, 51.477686400000039 ] } },
{ "type": "Feature", "properties": { "park_id": "300106", "active_status": "Deactivated", "audit_status": "Make changes and implement", "live_op_total_cap": 0, "approved_ua_total_cap": 12, "ua_name": "Bristol, City of" }, "geometry": { "type": "Point", "coordinates": [ -2.59008069999993, 51.477089400000068 ] } },
{ "type": "Feature", "properties": { "park_id": "300107", "active_status": "Deactivated", "audit_status": "Approved and implement", "live_op_total_cap": 0, "approved_ua_total_cap": 6, "ua_name": "Bristol, City of" }, "geometry": { "type": "Point", "coordinates": [ -2.590413699999942, 51.47683440000003 ] } },
{ "type": "Feature", "properties": { "park_id": "300108", "active_status": "Deactivated", "audit_status": "Approved and implement", "live_op_total_cap": 0, "approved_ua_total_cap": 4, "ua_name": "Bristol, City of" }, "geometry": { "type": "Point", "coordinates": [ -2.61857, 51.45022 ] } },
{ "type": "Feature", "properties": { "park_id": "300109", "active_status": "Active", "audit_status": "Make changes and implement", "live_op_total_cap": 8, "approved_ua_total_cap": 8, "ua_name": "Bristol, City of" }, "geometry": { "type": "Point", "coordinates": [ -2.591894199999956, 51.472185400000058 ] } },
{ "type": "Feature", "properties": { "park_id": "300110", "active_status": "Active", "audit_status": "Make changes and implement", "live_op_total_cap": 8, "approved_ua_total_cap": 8, "ua_name": "Bristol, City of" }, "geometry": { "type": "Point", "coordinates": [ -2.593251, 51.470937 ] } },
{ "type": "Feature", "properties": { "park_id": "300111", "active_status": "Active", "audit_status": "Make changes and resubmit", "live_op_total_cap": 6, "approved_ua_total_cap": 0, "ua_name": "Bristol, City of" }, "geometry": { "type": "Point", "coordinates": [ -2.593666599999949, 51.470688600000074 ] } },
{ "type": "Feature", "properties": { "park_id": "300112", "active_status": "Deactivated", "audit_status": "Rejected", "live_op_total_cap": 0, "approved_ua_total_cap": 0, "ua_name": "Bristol, City of" }, "geometry": { "type": "Point", "coordinates": [ -2.59349, 51.47031 ] } },
{ "type": "Feature", "properties": { "park_id": "300113", "active_status": "Active", "audit_status": "Make changes and implement", "live_op_total_cap": 8, "approved_ua_total_cap": 8, "ua_name": "Bristol, City of" }, "geometry": { "type": "Point", "coordinates": [ -2.592989399999965, 51.469296100000065 ] } },
{ "type": "Feature", "properties": { "park_id": "300114", "active_status": "Inactive (rejected)", "audit_status": "Rejected", "live_op_total_cap": 0, "approved_ua_total_cap": 0, "ua_name": "Bristol, City of" }, "geometry": { "type": "Point", "coordinates": [ -2.58264, 51.48119 ] } },
{ "type": "Feature", "properties": { "park_id": "300115", "active_status": "Active", "audit_status": "Approved and implement", "live_op_total_cap": 20, "approved_ua_total_cap": 20, "ua_name": "Bristol, City of" }, "geometry": { "type": "Point", "coordinates": [ -2.579889399999956, 51.478566200000046 ] } },
{ "type": "Feature", "properties": { "park_id": "300116", "active_status": "Deactivated", "audit_status": "Approved and implement", "live_op_total_cap": 0, "approved_ua_total_cap": 0, "ua_name": "Bristol, City of" }, "geometry": { "type": "Point", "coordinates": [ -2.59274, 51.4689 ] } },
{ "type": "Feature", "properties": { "park_id": "300117", "active_status": "Active", "audit_status": "Approved and implement", "live_op_total_cap": 23, "approved_ua_total_cap": 23, "ua_name": "Bristol, City of" }, "geometry": { "type": "Point", "coordinates": [ -2.584607, 51.470338 ] } },
{ "type": "Feature", "properties": { "park_id": "300118", "active_status": "Active", "audit_status": "Approved and implement", "live_op_total_cap": 10, "approved_ua_total_cap": 10, "ua_name": "Bristol, City of" }, "geometry": { "type": "Point", "coordinates": [ -2.576631499999962, 51.461048900000037 ] } },
{ "type": "Feature", "properties": { "park_id": "300119", "active_status": "Active", "audit_status": "Approved and implement", "live_op_total_cap": 16, "approved_ua_total_cap": 16, "ua_name": "Bristol, City of" }, "geometry": { "type": "Point", "coordinates": [ -2.573070799999925, 51.463465800000051 ] } },
{ "type": "Feature", "properties": { "park_id": "300120", "active_status": "Active", "audit_status": "Make changes and implement", "live_op_total_cap": 6, "approved_ua_total_cap": 10, "ua_name": "Bristol, City of" }, "geometry": { "type": "Point", "coordinates": [ -2.567304399999955, 51.467914700000051 ] } },
{ "type": "Feature", "properties": { "park_id": "300121", "active_status": "Deactivated", "audit_status": "Approved and implement", "live_op_total_cap": 0, "approved_ua_total_cap": 10, "ua_name": "Bristol, City of" }, "geometry": { "type": "Point", "coordinates": [ -2.56867, 51.46703 ] } },
{ "type": "Feature", "properties": { "park_id": "300122", "active_status": "Active", "audit_status": "Make changes and resubmit", "live_op_total_cap": 4, "approved_ua_total_cap": 4, "ua_name": "Bristol, City of" }, "geometry": { "type": "Point", "coordinates": [ -2.569085899999948, 51.466076900000076 ] } },
{ "type": "Feature", "properties": { "park_id": "300123", "active_status": "Active", "audit_status": "Approved and implement", "live_op_total_cap": 10, "approved_ua_total_cap": 10, "ua_name": "Bristol, City of" }, "geometry": { "type": "Point", "coordinates": [ -2.566991, 51.461644 ] } },
{ "type": "Feature", "properties": { "park_id": "300124", "active_status": "Active", "audit_status": "Make changes and implement", "live_op_total_cap": 6, "approved_ua_total_cap": 6, "ua_name": "Bristol, City of" }, "geometry": { "type": "Point", "coordinates": [ -2.574474799999962, 51.46032660000003 ] } },
{ "type": "Feature", "properties": { "park_id": "300125", "active_status": "Deactivated", "audit_status": "Rejected", "live_op_total_cap": 0, "approved_ua_total_cap": 0, "ua_name": "Bristol, City of" }, "geometry": { "type": "Point", "coordinates": [ -2.57943, 51.45818 ] } },
{ "type": "Feature", "properties": { "park_id": "300126", "active_status": "Active", "audit_status": "Approved and implement", "live_op_total_cap": 16, "approved_ua_total_cap": 16, "ua_name": "Bristol, City of" }, "geometry": { "type": "Point", "coordinates": [ -2.575737799999956, 51.457269900000028 ] } },
{ "type": "Feature", "properties": { "park_id": "300128", "active_status": "Deactivated", "audit_status": "Approved and implement", "live_op_total_cap": 0, "approved_ua_total_cap": 0, "ua_name": "Bristol, City of" }, "geometry": { "type": "Point", "coordinates": [ -2.58322, 51.45663 ] } },
{ "type": "Feature", "properties": { "park_id": "300129", "active_status": "Deactivated", "audit_status": "Approved and implement", "live_op_total_cap": 0, "approved_ua_total_cap": 4, "ua_name": "Bristol, City of" }, "geometry": { "type": "Point", "coordinates": [ -2.56726, 51.45637 ] } },
{ "type": "Feature", "properties": { "park_id": "300130", "active_status": "Deactivated", "audit_status": "Make changes and resubmit", "live_op_total_cap": 0, "approved_ua_total_cap": 4, "ua_name": "Bristol, City of" }, "geometry": { "type": "Point", "coordinates": [ -2.59676, 51.48461 ] } },
{ "type": "Feature", "properties": { "park_id": "300131", "active_status": "Deactivated", "audit_status": "Rejected", "live_op_total_cap": 0, "approved_ua_total_cap": 0, "ua_name": "Bristol, City of" }, "geometry": { "type": "Point", "coordinates": [ -2.60533, 51.47785 ] } },
{ "type": "Feature", "properties": { "park_id": "300132", "active_status": "Active", "audit_status": "Approved and implement", "live_op_total_cap": 6, "approved_ua_total_cap": 6, "ua_name": "Bristol, City of" }, "geometry": { "type": "Point", "coordinates": [ -2.592142, 51.445483200000069 ] } },
{ "type": "Feature", "properties": { "park_id": "300133", "active_status": "Active", "audit_status": "Make changes and implement", "live_op_total_cap": 5, "approved_ua_total_cap": 6, "ua_name": "Bristol, City of" }, "geometry": { "type": "Point", "coordinates": [ -2.611396199999945, 51.473117900000034 ] } },
{ "type": "Feature", "properties": { "park_id": "300134", "active_status": "Active", "audit_status": "Ready for UA review", "live_op_total_cap": 0, "approved_ua_total_cap": 0, "ua_name": "Bristol, City of" }, "geometry": { "type": "Point", "coordinates": [ -2.61305, 51.47089 ] } },
{ "type": "Feature", "properties": { "park_id": "300135", "active_status": "Active", "audit_status": "Approved and implement", "live_op_total_cap": 7, "approved_ua_total_cap": 7, "ua_name": "Bristol, City of" }, "geometry": { "type": "Point", "coordinates": [ -2.614909499999953, 51.470332900000074 ] } },
{ "type": "Feature", "properties": { "park_id": "300136", "active_status": "Inactive (rejected)", "audit_status": "Rejected", "live_op_total_cap": 0, "approved_ua_total_cap": 0, "ua_name": "Bristol, City of" }, "geometry": { "type": "Point", "coordinates": [ -2.614361047999978, 51.469608310000069 ] } },
{ "type": "Feature", "properties": { "park_id": "300137", "active_status": "Deactivated", "audit_status": "Rejected", "live_op_total_cap": 0, "approved_ua_total_cap": 0, "ua_name": "Bristol, City of" }, "geometry": { "type": "Point", "coordinates": [ -2.60975, 51.46474 ] } },
{ "type": "Feature", "properties": { "park_id": "300138", "active_status": "Active", "audit_status": "Make changes and implement", "live_op_total_cap": 4, "approved_ua_total_cap": 4, "ua_name": "Bristol, City of" }, "geometry": { "type": "Point", "coordinates": [ -2.617793699999936, 51.463791800000081 ] } },
{ "type": "Feature", "properties": { "park_id": "300139", "active_status": "Active", "audit_status": "Approved and implement", "live_op_total_cap": 6, "approved_ua_total_cap": 6, "ua_name": "Bristol, City of" }, "geometry": { "type": "Point", "coordinates": [ -2.613760699999943, 51.465286700000036 ] } },
{ "type": "Feature", "properties": { "park_id": "300140", "active_status": "Active", "audit_status": "Approved and implement", "live_op_total_cap": 6, "approved_ua_total_cap": 6, "ua_name": "Bristol, City of" }, "geometry": { "type": "Point", "coordinates": [ -2.621812, 51.462099400000056 ] } },
{ "type": "Feature", "properties": { "park_id": "300141", "active_status": "Active", "audit_status": "Approved and implement", "live_op_total_cap": 10, "approved_ua_total_cap": 10, "ua_name": "Bristol, City of" }, "geometry": { "type": "Point", "coordinates": [ -2.599798299999975, 51.468276100000026 ] } },
{ "type": "Feature", "properties": { "park_id": "300142", "active_status": "Active", "audit_status": "Make changes and implement", "live_op_total_cap": 6, "approved_ua_total_cap": 6, "ua_name": "Bristol, City of" }, "geometry": { "type": "Point", "coordinates": [ -2.598862499999939, 51.476590300000055 ] } },
{ "type": "Feature", "properties": { "park_id": "300143", "active_status": "Active", "audit_status": "Make changes and implement", "live_op_total_cap": 8, "approved_ua_total_cap": 8, "ua_name": "Bristol, City of" }, "geometry": { "type": "Point", "coordinates": [ -2.608307399999944, 51.471907 ] } },
{ "type": "Feature", "properties": { "park_id": "300144", "active_status": "Active", "audit_status": "Approved and implement", "live_op_total_cap": 10, "approved_ua_total_cap": 10, "ua_name": "Bristol, City of" }, "geometry": { "type": "Point", "coordinates": [ -2.61316439999996, 51.468352100000061 ] } },
{ "type": "Feature", "properties": { "park_id": "300145", "active_status": "Deactivated", "audit_status": "Rejected", "live_op_total_cap": 0, "approved_ua_total_cap": 0, "ua_name": "Bristol, City of" }, "geometry": { "type": "Point", "coordinates": [ -2.59493, 51.43983 ] } },
{ "type": "Feature", "properties": { "park_id": "300146", "active_status": "Active", "audit_status": "Approved and implement", "live_op_total_cap": 8, "approved_ua_total_cap": 8, "ua_name": "Bristol, City of" }, "geometry": { "type": "Point", "coordinates": [ -2.608363599999961, 51.433519300000057 ] } },
{ "type": "Feature", "properties": { "park_id": "300147", "active_status": "Active", "audit_status": "Make changes and resubmit", "live_op_total_cap": 6, "approved_ua_total_cap": 6, "ua_name": "Bristol, City of" }, "geometry": { "type": "Point", "coordinates": [ -2.644456, 51.497641100000067 ] } },
{ "type": "Feature", "properties": { "park_id": "300148", "active_status": "Active", "audit_status": " ", "live_op_total_cap": 8, "approved_ua_total_cap": 0, "ua_name": "Bristol, City of" }, "geometry": { "type": "Point", "coordinates": [ -2.62280549999997, 51.440701200000035 ] } },
{ "type": "Feature", "properties": { "park_id": "300149", "active_status": "Deactivated", "audit_status": "Rejected", "live_op_total_cap": 0, "approved_ua_total_cap": 0, "ua_name": "Bristol, City of" }, "geometry": { "type": "Point", "coordinates": [ -2.59907, 51.45468 ] } },
{ "type": "Feature", "properties": { "park_id": "300150", "active_status": "Active", "audit_status": "Ready for UA review", "live_op_total_cap": 0, "approved_ua_total_cap": 0, "ua_name": "Bristol, City of" }, "geometry": { "type": "Point", "coordinates": [ -2.54062, 51.44123 ] } },
{ "type": "Feature", "properties": { "park_id": "300151", "active_status": "Active", "audit_status": "Approved and implement", "live_op_total_cap": 12, "approved_ua_total_cap": 12, "ua_name": "Bristol, City of" }, "geometry": { "type": "Point", "coordinates": [ -2.597493, 51.455892 ] } },
{ "type": "Feature", "properties": { "park_id": "300152", "active_status": "Deactivated", "audit_status": "Make changes and resubmit", "live_op_total_cap": 0, "approved_ua_total_cap": 0, "ua_name": "Bristol, City of" }, "geometry": { "type": "Point", "coordinates": [ -2.5382, 51.441 ] } },
{ "type": "Feature", "properties": { "park_id": "300153", "active_status": "Deactivated", "audit_status": "Rejected", "live_op_total_cap": 0, "approved_ua_total_cap": 0, "ua_name": "Bristol, City of" }, "geometry": { "type": "Point", "coordinates": [ -2.59638, 51.4406 ] } },
{ "type": "Feature", "properties": { "park_id": "300155", "active_status": "Active", "audit_status": "Ready for UA review", "live_op_total_cap": 0, "approved_ua_total_cap": 0, "ua_name": "Bristol, City of" }, "geometry": { "type": "Point", "coordinates": [ -2.63782, 51.49238 ] } },
{ "type": "Feature", "properties": { "park_id": "300156", "active_status": "Active", "audit_status": "Approved and implement", "live_op_total_cap": 5, "approved_ua_total_cap": 5, "ua_name": "Bristol, City of" }, "geometry": { "type": "Point", "coordinates": [ -2.56068879999998, 51.473897700000066 ] } },
{ "type": "Feature", "properties": { "park_id": "300157", "active_status": "Active", "audit_status": "Approved and implement", "live_op_total_cap": 8, "approved_ua_total_cap": 8, "ua_name": "Bristol, City of" }, "geometry": { "type": "Point", "coordinates": [ -2.612354699999969, 51.471740800000077 ] } },
{ "type": "Feature", "properties": { "park_id": "300158", "active_status": "Active", "audit_status": "Make changes and implement", "live_op_total_cap": 6, "approved_ua_total_cap": 6, "ua_name": "Bristol, City of" }, "geometry": { "type": "Point", "coordinates": [ -2.599500199999966, 51.442835900000034 ] } },
{ "type": "Feature", "properties": { "park_id": "300159", "active_status": "Active", "audit_status": "Approved and implement", "live_op_total_cap": 4, "approved_ua_total_cap": 4, "ua_name": "Bristol, City of" }, "geometry": { "type": "Point", "coordinates": [ -2.583311099999946, 51.443241300000068 ] } },
{ "type": "Feature", "properties": { "park_id": "300160", "active_status": "Deactivated", "audit_status": "Rejected", "live_op_total_cap": 0, "approved_ua_total_cap": 0, "ua_name": "Bristol, City of" }, "geometry": { "type": "Point", "coordinates": [ -2.61486, 51.46737 ] } },
{ "type": "Feature", "properties": { "park_id": "300161", "active_status": "Active", "audit_status": "Approved and implement", "live_op_total_cap": 12, "approved_ua_total_cap": 12, "ua_name": "Bristol, City of" }, "geometry": { "type": "Point", "coordinates": [ -2.604766599999948, 51.470084200000031 ] } },
{ "type": "Feature", "properties": { "park_id": "300162", "active_status": "Deactivated", "audit_status": "Rejected", "live_op_total_cap": 0, "approved_ua_total_cap": 0, "ua_name": "Bristol, City of" }, "geometry": { "type": "Point", "coordinates": [ -2.61085, 51.41553 ] } },
{ "type": "Feature", "properties": { "park_id": "300163", "active_status": "Deactivated", "audit_status": "Rejected", "live_op_total_cap": 0, "approved_ua_total_cap": 0, "ua_name": "Bristol, City of" }, "geometry": { "type": "Point", "coordinates": [ -2.58945, 51.43655 ] } },
{ "type": "Feature", "properties": { "park_id": "300164", "active_status": "Active", "audit_status": "Make changes and implement", "live_op_total_cap": 6, "approved_ua_total_cap": 6, "ua_name": "Bristol, City of" }, "geometry": { "type": "Point", "coordinates": [ -2.620055799999932, 51.509392600000069 ] } },
{ "type": "Feature", "properties": { "park_id": "300165", "active_status": "Deactivated", "audit_status": "Make changes and resubmit", "live_op_total_cap": 0, "approved_ua_total_cap": 0, "ua_name": "Bristol, City of" }, "geometry": { "type": "Point", "coordinates": [ -2.5936, 51.43621 ] } },
{ "type": "Feature", "properties": { "park_id": "300166", "active_status": "Active", "audit_status": "Approved and implement", "live_op_total_cap": 8, "approved_ua_total_cap": 8, "ua_name": "Bristol, City of" }, "geometry": { "type": "Point", "coordinates": [ -2.604827899999975, 51.430885400000079 ] } },
{ "type": "Feature", "properties": { "park_id": "300167", "active_status": "Active", "audit_status": "Make changes and implement", "live_op_total_cap": 6, "approved_ua_total_cap": 6, "ua_name": "Bristol, City of" }, "geometry": { "type": "Point", "coordinates": [ -2.622658199999933, 51.508660600000042 ] } },
{ "type": "Feature", "properties": { "park_id": "300168", "active_status": "Active", "audit_status": "Approved and implement", "live_op_total_cap": 10, "approved_ua_total_cap": 10, "ua_name": "Bristol, City of" }, "geometry": { "type": "Point", "coordinates": [ -2.564728199999934, 51.430712700000072 ] } },
{ "type": "Feature", "properties": { "park_id": "300169", "active_status": "Active", "audit_status": "Ready for UA review", "live_op_total_cap": 0, "approved_ua_total_cap": 0, "ua_name": "Bristol, City of" }, "geometry": { "type": "Point", "coordinates": [ -2.59292, 51.43835 ] } },
{ "type": "Feature", "properties": { "park_id": "300170", "active_status": "Active", "audit_status": "Approved and implement", "live_op_total_cap": 13, "approved_ua_total_cap": 13, "ua_name": "Bristol, City of" }, "geometry": { "type": "Point", "coordinates": [ -2.600316499999963, 51.430179800000076 ] } },
{ "type": "Feature", "properties": { "park_id": "300171", "active_status": "Active", "audit_status": "Make changes and resubmit", "live_op_total_cap": 4, "approved_ua_total_cap": 3, "ua_name": "Bristol, City of" }, "geometry": { "type": "Point", "coordinates": [ -2.60112179999993, 51.499120100000027 ] } },
{ "type": "Feature", "properties": { "park_id": "300172", "active_status": "Deactivated", "audit_status": "Rejected", "live_op_total_cap": 0, "approved_ua_total_cap": 0, "ua_name": "Bristol, City of" }, "geometry": { "type": "Point", "coordinates": [ -2.61986, 51.48963 ] } },
{ "type": "Feature", "properties": { "park_id": "300173", "active_status": "Active", "audit_status": "Approved and implement", "live_op_total_cap": 7, "approved_ua_total_cap": 6, "ua_name": "Bristol, City of" }, "geometry": { "type": "Point", "coordinates": [ -2.553350199999954, 51.451622 ] } },
{ "type": "Feature", "properties": { "park_id": "300174", "active_status": "Active", "audit_status": "Make changes and resubmit", "live_op_total_cap": 4, "approved_ua_total_cap": 4, "ua_name": "Bristol, City of" }, "geometry": { "type": "Point", "coordinates": [ -2.626986, 51.514102300000047 ] } },
{ "type": "Feature", "properties": { "park_id": "300175", "active_status": "Active", "audit_status": "Approved and implement", "live_op_total_cap": 6, "approved_ua_total_cap": 6, "ua_name": "Bristol, City of" }, "geometry": { "type": "Point", "coordinates": [ -2.611797799999977, 51.445336500000053 ] } },
{ "type": "Feature", "properties": { "park_id": "300176", "active_status": "Active", "audit_status": "Approved and implement", "live_op_total_cap": 6, "approved_ua_total_cap": 6, "ua_name": "Bristol, City of" }, "geometry": { "type": "Point", "coordinates": [ -2.61390849999998, 51.49856230000006 ] } },
{ "type": "Feature", "properties": { "park_id": "300177", "active_status": "Active", "audit_status": "Make changes and implement", "live_op_total_cap": 6, "approved_ua_total_cap": 6, "ua_name": "Bristol, City of" }, "geometry": { "type": "Point", "coordinates": [ -2.608645199999955, 51.500784900000042 ] } },
{ "type": "Feature", "properties": { "park_id": "300178", "active_status": "Active", "audit_status": "Make changes and implement", "live_op_total_cap": 8, "approved_ua_total_cap": 8, "ua_name": "Bristol, City of" }, "geometry": { "type": "Point", "coordinates": [ -2.616420299999959, 51.498316100000068 ] } },
{ "type": "Feature", "properties": { "park_id": "300179", "active_status": "Active", "audit_status": "Approved and implement", "live_op_total_cap": 12, "approved_ua_total_cap": 12, "ua_name": "Bristol, City of" }, "geometry": { "type": "Point", "coordinates": [ -2.635006899999951, 51.508641600000033 ] } },
{ "type": "Feature", "properties": { "park_id": "300180", "active_status": "Active", "audit_status": "Approved and implement", "live_op_total_cap": 6, "approved_ua_total_cap": 5, "ua_name": "Bristol, City of" }, "geometry": { "type": "Point", "coordinates": [ -2.634464099999946, 51.506804200000033 ] } },
{ "type": "Feature", "properties": { "park_id": "200004", "active_status": "Active", "audit_status": "Approved and implement", "live_op_total_cap": 8, "approved_ua_total_cap": null, "ua_name": "South Gloucestershire" }, "geometry": { "type": "Point", "coordinates": [ -2.573203086999968, 51.509887700000036 ] } },
{ "type": "Feature", "properties": { "park_id": "200005", "active_status": "Active", "audit_status": "Approved and implement", "live_op_total_cap": 20, "approved_ua_total_cap": null, "ua_name": "South Gloucestershire" }, "geometry": { "type": "Point", "coordinates": [ -2.486349105999977, 51.484794620000059 ] } },
{ "type": "Feature", "properties": { "park_id": "200006", "active_status": "Inactive (rejected)", "audit_status": "Rejected", "live_op_total_cap": 0, "approved_ua_total_cap": null, "ua_name": "South Gloucestershire" }, "geometry": { "type": "Point", "coordinates": [ -2.572726010999929, 51.510173800000075 ] } },
{ "type": "Feature", "properties": { "park_id": "200007", "active_status": "Active", "audit_status": "Approved and implement", "live_op_total_cap": 10, "approved_ua_total_cap": null, "ua_name": "South Gloucestershire" }, "geometry": { "type": "Point", "coordinates": [ -2.485143899999969, 51.482673650000038 ] } },
{ "type": "Feature", "properties": { "park_id": "200008", "active_status": "Active", "audit_status": "Approved and implement", "live_op_total_cap": 15, "approved_ua_total_cap": null, "ua_name": "South Gloucestershire" }, "geometry": { "type": "Point", "coordinates": [ -2.572288989999947, 51.510608670000067 ] } },
{ "type": "Feature", "properties": { "park_id": "200009", "active_status": "Active", "audit_status": "Audited - private land", "live_op_total_cap": 12, "approved_ua_total_cap": null, "ua_name": "South Gloucestershire" }, "geometry": { "type": "Point", "coordinates": [ -2.545998095999948, 51.499423980000074 ] } },
{ "type": "Feature", "properties": { "park_id": "200010", "active_status": "Active", "audit_status": "Approved and implement", "live_op_total_cap": 10, "approved_ua_total_cap": null, "ua_name": "South Gloucestershire" }, "geometry": { "type": "Point", "coordinates": [ -2.498991965999949, 51.472553250000033 ] } },
{ "type": "Feature", "properties": { "park_id": "200011", "active_status": "Active", "audit_status": "Approved and implement", "live_op_total_cap": 15, "approved_ua_total_cap": null, "ua_name": "South Gloucestershire" }, "geometry": { "type": "Point", "coordinates": [ -2.491997003999927, 51.469467160000079 ] } },
{ "type": "Feature", "properties": { "park_id": "200012", "active_status": "Active", "audit_status": "Approved and implement", "live_op_total_cap": 10, "approved_ua_total_cap": null, "ua_name": "South Gloucestershire" }, "geometry": { "type": "Point", "coordinates": [ -2.49005699199995, 51.469753270000069 ] } },
{ "type": "Feature", "properties": { "park_id": "200013", "active_status": "Active", "audit_status": "Approved and implement", "live_op_total_cap": 12, "approved_ua_total_cap": null, "ua_name": "South Gloucestershire" }, "geometry": { "type": "Point", "coordinates": [ -2.49233, 51.46531 ] } },
{ "type": "Feature", "properties": { "park_id": "200014", "active_status": "Inactive (rejected)", "audit_status": "Rejected", "live_op_total_cap": 0, "approved_ua_total_cap": null, "ua_name": "South Gloucestershire" }, "geometry": { "type": "Point", "coordinates": [ -2.552607058999968, 51.533630370000026 ] } },
{ "type": "Feature", "properties": { "park_id": "200015", "active_status": "Inactive (rejected)", "audit_status": "Rejected", "live_op_total_cap": 0, "approved_ua_total_cap": null, "ua_name": "South Gloucestershire" }, "geometry": { "type": "Point", "coordinates": [ -2.549412011999948, 51.534412380000049 ] } },
{ "type": "Feature", "properties": { "park_id": "200016", "active_status": "Active", "audit_status": "Audited - private land", "live_op_total_cap": 18, "approved_ua_total_cap": null, "ua_name": "South Gloucestershire" }, "geometry": { "type": "Point", "coordinates": [ -2.546150922999971, 51.499351500000046 ] } },
{ "type": "Feature", "properties": { "park_id": "200017", "active_status": "Active", "audit_status": "Approved and implement", "live_op_total_cap": 6, "approved_ua_total_cap": null, "ua_name": "South Gloucestershire" }, "geometry": { "type": "Point", "coordinates": [ -2.489675044999956, 51.467433930000027 ] } },
{ "type": "Feature", "properties": { "park_id": "200018", "active_status": "Deactivated", "audit_status": "Approved and implement", "live_op_total_cap": 0, "approved_ua_total_cap": null, "ua_name": "South Gloucestershire" }, "geometry": { "type": "Point", "coordinates": [ -2.492341041999964, 51.492115020000028 ] } },
{ "type": "Feature", "properties": { "park_id": "200019", "active_status": "Active", "audit_status": "Approved and implement", "live_op_total_cap": 8, "approved_ua_total_cap": null, "ua_name": "South Gloucestershire" }, "geometry": { "type": "Point", "coordinates": [ -2.509305953999956, 51.486370090000037 ] } },
{ "type": "Feature", "properties": { "park_id": "200020", "active_status": "Active", "audit_status": "Approved and implement", "live_op_total_cap": 7, "approved_ua_total_cap": null, "ua_name": "South Gloucestershire" }, "geometry": { "type": "Point", "coordinates": [ -2.502027034999969, 51.488498690000029 ] } },
{ "type": "Feature", "properties": { "park_id": "200021", "active_status": "Active", "audit_status": "Approved and implement", "live_op_total_cap": 6, "approved_ua_total_cap": null, "ua_name": "South Gloucestershire" }, "geometry": { "type": "Point", "coordinates": [ -2.582245110999963, 51.502315520000082 ] } },
{ "type": "Feature", "properties": { "park_id": "200022", "active_status": "Active", "audit_status": "Approved and implement", "live_op_total_cap": 6, "approved_ua_total_cap": null, "ua_name": "South Gloucestershire" }, "geometry": { "type": "Point", "coordinates": [ -2.52043294899994, 51.440940860000069 ] } },
{ "type": "Feature", "properties": { "park_id": "200023", "active_status": "Active", "audit_status": "Approved and implement", "live_op_total_cap": 8, "approved_ua_total_cap": null, "ua_name": "South Gloucestershire" }, "geometry": { "type": "Point", "coordinates": [ -2.521836041999961, 51.442771910000033 ] } },
{ "type": "Feature", "properties": { "park_id": "200024", "active_status": "Active", "audit_status": "Approved and implement", "live_op_total_cap": 8, "approved_ua_total_cap": null, "ua_name": "South Gloucestershire" }, "geometry": { "type": "Point", "coordinates": [ -2.505897998999956, 51.487171170000067 ] } },
{ "type": "Feature", "properties": { "park_id": "200025", "active_status": "Active", "audit_status": "Approved and implement", "live_op_total_cap": 10, "approved_ua_total_cap": null, "ua_name": "South Gloucestershire" }, "geometry": { "type": "Point", "coordinates": [ -2.502866982999933, 51.488483430000031 ] } },
{ "type": "Feature", "properties": { "park_id": "200026", "active_status": "Active", "audit_status": "Approved and implement", "live_op_total_cap": 10, "approved_ua_total_cap": null, "ua_name": "South Gloucestershire" }, "geometry": { "type": "Point", "coordinates": [ -2.503159045999951, 51.489391330000046 ] } },
{ "type": "Feature", "properties": { "park_id": "200027", "active_status": "Inactive (rejected)", "audit_status": "Rejected", "live_op_total_cap": 0, "approved_ua_total_cap": null, "ua_name": "South Gloucestershire" }, "geometry": { "type": "Point", "coordinates": [ -2.561265944999946, 51.542968750000057 ] } },
{ "type": "Feature", "properties": { "park_id": "200028", "active_status": "Deactivated", "audit_status": "Approved and implement", "live_op_total_cap": 0, "approved_ua_total_cap": null, "ua_name": "South Gloucestershire" }, "geometry": { "type": "Point", "coordinates": [ -2.505109071999925, 51.487644200000034 ] } },
{ "type": "Feature", "properties": { "park_id": "200029", "active_status": "Active", "audit_status": "Approved and implement", "live_op_total_cap": 10, "approved_ua_total_cap": null, "ua_name": "South Gloucestershire" }, "geometry": { "type": "Point", "coordinates": [ -2.504854917999978, 51.48773956000008 ] } },
{ "type": "Feature", "properties": { "park_id": "200030", "active_status": "Active", "audit_status": "Approved and implement", "live_op_total_cap": 5, "approved_ua_total_cap": null, "ua_name": "South Gloucestershire" }, "geometry": { "type": "Point", "coordinates": [ -2.504057883999963, 51.487258910000037 ] } },
{ "type": "Feature", "properties": { "park_id": "200031", "active_status": "Active", "audit_status": "Approved and implement", "live_op_total_cap": 8, "approved_ua_total_cap": null, "ua_name": "South Gloucestershire" }, "geometry": { "type": "Point", "coordinates": [ -2.505352019999975, 51.485496520000027 ] } },
{ "type": "Feature", "properties": { "park_id": "200032", "active_status": "Active", "audit_status": "Approved and implement", "live_op_total_cap": 20, "approved_ua_total_cap": null, "ua_name": "South Gloucestershire" }, "geometry": { "type": "Point", "coordinates": [ -2.50259590099995, 51.489341740000043 ] } },
{ "type": "Feature", "properties": { "park_id": "200033", "active_status": "Active", "audit_status": "Approved and implement", "live_op_total_cap": 8, "approved_ua_total_cap": null, "ua_name": "South Gloucestershire" }, "geometry": { "type": "Point", "coordinates": [ -2.498928069999977, 51.497261050000077 ] } },
{ "type": "Feature", "properties": { "park_id": "200034", "active_status": "Active", "audit_status": "Approved and implement", "live_op_total_cap": 12, "approved_ua_total_cap": null, "ua_name": "South Gloucestershire" }, "geometry": { "type": "Point", "coordinates": [ -2.497716903999958, 51.497768400000041 ] } },
{ "type": "Feature", "properties": { "park_id": "200035", "active_status": "Deactivated", "audit_status": "Approved and implement", "live_op_total_cap": 0, "approved_ua_total_cap": null, "ua_name": "South Gloucestershire" }, "geometry": { "type": "Point", "coordinates": [ -2.504117965999967, 51.487716670000054 ] } },
{ "type": "Feature", "properties": { "park_id": "200036", "active_status": "Active", "audit_status": "Approved and implement", "live_op_total_cap": 6, "approved_ua_total_cap": null, "ua_name": "South Gloucestershire" }, "geometry": { "type": "Point", "coordinates": [ -2.505497931999969, 51.485282900000072 ] } },
{ "type": "Feature", "properties": { "park_id": "200037", "active_status": "Active", "audit_status": "Approved and implement", "live_op_total_cap": 8, "approved_ua_total_cap": null, "ua_name": "South Gloucestershire" }, "geometry": { "type": "Point", "coordinates": [ -2.506655930999955, 51.481357570000057 ] } },
{ "type": "Feature", "properties": { "park_id": "200038", "active_status": "Active", "audit_status": "Approved and implement", "live_op_total_cap": 20, "approved_ua_total_cap": null, "ua_name": "South Gloucestershire" }, "geometry": { "type": "Point", "coordinates": [ -2.507201909999935, 51.479831700000034 ] } },
{ "type": "Feature", "properties": { "park_id": "200039", "active_status": "Deactivated", "audit_status": "Rejected", "live_op_total_cap": 0, "approved_ua_total_cap": null, "ua_name": "South Gloucestershire" }, "geometry": { "type": "Point", "coordinates": [ -2.508173942999974, 51.47529602000003 ] } },
{ "type": "Feature", "properties": { "park_id": "200040", "active_status": "Active", "audit_status": "Approved and implement", "live_op_total_cap": 8, "approved_ua_total_cap": null, "ua_name": "South Gloucestershire" }, "geometry": { "type": "Point", "coordinates": [ -2.508167027999946, 51.475131990000079 ] } },
{ "type": "Feature", "properties": { "park_id": "200041", "active_status": "Active", "audit_status": "Approved and implement", "live_op_total_cap": 16, "approved_ua_total_cap": null, "ua_name": "South Gloucestershire" }, "geometry": { "type": "Point", "coordinates": [ -2.507920026999955, 51.478340150000065 ] } },
{ "type": "Feature", "properties": { "park_id": "200042", "active_status": "Deactivated", "audit_status": "Approved and implement", "live_op_total_cap": 0, "approved_ua_total_cap": null, "ua_name": "South Gloucestershire" }, "geometry": { "type": "Point", "coordinates": [ -2.508090018999951, 51.475559230000044 ] } },
{ "type": "Feature", "properties": { "park_id": "200043", "active_status": "Active", "audit_status": "Approved and implement", "live_op_total_cap": 20, "approved_ua_total_cap": null, "ua_name": "South Gloucestershire" }, "geometry": { "type": "Point", "coordinates": [ -2.51082, 51.46809 ] } },
{ "type": "Feature", "properties": { "park_id": "200044", "active_status": "Inactive (rejected)", "audit_status": "Rejected", "live_op_total_cap": 0, "approved_ua_total_cap": null, "ua_name": "South Gloucestershire" }, "geometry": { "type": "Point", "coordinates": [ -2.546835898999973, 51.517116550000026 ] } },
{ "type": "Feature", "properties": { "park_id": "200045", "active_status": "Inactive (rejected)", "audit_status": "Rejected", "live_op_total_cap": 0, "approved_ua_total_cap": null, "ua_name": "South Gloucestershire" }, "geometry": { "type": "Point", "coordinates": [ -2.534610986999951, 51.516220090000047 ] } },
{ "type": "Feature", "properties": { "park_id": "200046", "active_status": "Deactivated", "audit_status": "Rejected", "live_op_total_cap": 0, "approved_ua_total_cap": null, "ua_name": "South Gloucestershire" }, "geometry": { "type": "Point", "coordinates": [ -2.490093945999945, 51.493755340000064 ] } },
{ "type": "Feature", "properties": { "park_id": "200047", "active_status": "Active", "audit_status": "Approved and implement", "live_op_total_cap": 15, "approved_ua_total_cap": null, "ua_name": "South Gloucestershire" }, "geometry": { "type": "Point", "coordinates": [ -2.538602113999957, 51.519691470000055 ] } },
{ "type": "Feature", "properties": { "park_id": "200048", "active_status": "Active", "audit_status": "Approved and implement", "live_op_total_cap": 20, "approved_ua_total_cap": null, "ua_name": "South Gloucestershire" }, "geometry": { "type": "Point", "coordinates": [ -2.48788, 51.49458 ] } },
{ "type": "Feature", "properties": { "park_id": "200049", "active_status": "Active", "audit_status": "Approved and implement", "live_op_total_cap": 15, "approved_ua_total_cap": null, "ua_name": "South Gloucestershire" }, "geometry": { "type": "Point", "coordinates": [ -2.54629, 51.52131 ] } },
{ "type": "Feature", "properties": { "park_id": "200050", "active_status": "Active", "audit_status": "Approved and implement", "live_op_total_cap": 12, "approved_ua_total_cap": null, "ua_name": "South Gloucestershire" }, "geometry": { "type": "Point", "coordinates": [ -2.48229, 51.49745 ] } },
{ "type": "Feature", "properties": { "park_id": "200051", "active_status": "Active", "audit_status": "Approved and implement", "live_op_total_cap": 6, "approved_ua_total_cap": null, "ua_name": "South Gloucestershire" }, "geometry": { "type": "Point", "coordinates": [ -2.553736924999953, 51.524326320000057 ] } },
{ "type": "Feature", "properties": { "park_id": "200052", "active_status": "Inactive (rejected)", "audit_status": "Audited - private land", "live_op_total_cap": 0, "approved_ua_total_cap": null, "ua_name": "South Gloucestershire" }, "geometry": { "type": "Point", "coordinates": [ -2.476054906999934, 51.49311447000008 ] } },
{ "type": "Feature", "properties": { "park_id": "200053", "active_status": "Active", "audit_status": "Approved and implement", "live_op_total_cap": 6, "approved_ua_total_cap": null, "ua_name": "South Gloucestershire" }, "geometry": { "type": "Point", "coordinates": [ -2.559482097999933, 51.523509980000028 ] } },
{ "type": "Feature", "properties": { "park_id": "200054", "active_status": "Active", "audit_status": "Approved and implement", "live_op_total_cap": 8, "approved_ua_total_cap": null, "ua_name": "South Gloucestershire" }, "geometry": { "type": "Point", "coordinates": [ -2.475313901999925, 51.492519380000033 ] } },
{ "type": "Feature", "properties": { "park_id": "200055", "active_status": "Active", "audit_status": "Approved and implement", "live_op_total_cap": 20, "approved_ua_total_cap": null, "ua_name": "South Gloucestershire" }, "geometry": { "type": "Point", "coordinates": [ -2.553553103999946, 51.542800900000032 ] } },
{ "type": "Feature", "properties": { "park_id": "200056", "active_status": "Active", "audit_status": "Approved and implement", "live_op_total_cap": 5, "approved_ua_total_cap": null, "ua_name": "South Gloucestershire" }, "geometry": { "type": "Point", "coordinates": [ -2.558515071999977, 51.543003080000062 ] } },
{ "type": "Feature", "properties": { "park_id": "200057", "active_status": "Inactive (rejected)", "audit_status": "Rejected", "live_op_total_cap": 0, "approved_ua_total_cap": null, "ua_name": "South Gloucestershire" }, "geometry": { "type": "Point", "coordinates": [ -2.474664926999935, 51.491870880000079 ] } },
{ "type": "Feature", "properties": { "park_id": "200058", "active_status": "Active", "audit_status": "Approved and implement", "live_op_total_cap": 20, "approved_ua_total_cap": null, "ua_name": "South Gloucestershire" }, "geometry": { "type": "Point", "coordinates": [ -2.560272931999975, 51.539299010000036 ] } },
{ "type": "Feature", "properties": { "park_id": "200059", "active_status": "Active", "audit_status": "Approved and implement", "live_op_total_cap": 20, "approved_ua_total_cap": null, "ua_name": "South Gloucestershire" }, "geometry": { "type": "Point", "coordinates": [ -2.485840081999925, 51.484489440000061 ] } },
{ "type": "Feature", "properties": { "park_id": "200060", "active_status": "Inactive (rejected)", "audit_status": "Rejected", "live_op_total_cap": 0, "approved_ua_total_cap": null, "ua_name": "South Gloucestershire" }, "geometry": { "type": "Point", "coordinates": [ -2.564861058999952, 51.543113710000057 ] } },
{ "type": "Feature", "properties": { "park_id": "200061", "active_status": "Active", "audit_status": "Approved and implement", "live_op_total_cap": 10, "approved_ua_total_cap": null, "ua_name": "South Gloucestershire" }, "geometry": { "type": "Point", "coordinates": [ -2.542721986999936, 51.522926330000075 ] } },
{ "type": "Feature", "properties": { "park_id": "200062", "active_status": "Active", "audit_status": "Approved and implement", "live_op_total_cap": 20, "approved_ua_total_cap": null, "ua_name": "South Gloucestershire" }, "geometry": { "type": "Point", "coordinates": [ -2.571438073999957, 51.516452790000073 ] } },
{ "type": "Feature", "properties": { "park_id": "200063", "active_status": "Active", "audit_status": "Approved and implement", "live_op_total_cap": 15, "approved_ua_total_cap": null, "ua_name": "South Gloucestershire" }, "geometry": { "type": "Point", "coordinates": [ -2.548991918999945, 51.507915500000081 ] } },
{ "type": "Feature", "properties": { "park_id": "200064", "active_status": "Active", "audit_status": "Approved and implement", "live_op_total_cap": 8, "approved_ua_total_cap": null, "ua_name": "South Gloucestershire" }, "geometry": { "type": "Point", "coordinates": [ -2.564357041999926, 51.505558010000072 ] } },
{ "type": "Feature", "properties": { "park_id": "200065", "active_status": "Deactivated", "audit_status": "Rejected", "live_op_total_cap": 0, "approved_ua_total_cap": null, "ua_name": "South Gloucestershire" }, "geometry": { "type": "Point", "coordinates": [ -2.546587943999953, 51.513736720000054 ] } },
{ "type": "Feature", "properties": { "park_id": "200066", "active_status": "Active", "audit_status": "Approved and implement", "live_op_total_cap": 15, "approved_ua_total_cap": null, "ua_name": "South Gloucestershire" }, "geometry": { "type": "Point", "coordinates": [ -2.569427012999938, 51.501880650000032 ] } },
{ "type": "Feature", "properties": { "park_id": "200067", "active_status": "Active", "audit_status": "Audited - private land", "live_op_total_cap": 20, "approved_ua_total_cap": null, "ua_name": "South Gloucestershire" }, "geometry": { "type": "Point", "coordinates": [ -2.544480084999975, 51.513515470000073 ] } },
{ "type": "Feature", "properties": { "park_id": "200068", "active_status": "Active", "audit_status": "Approved and implement", "live_op_total_cap": 15, "approved_ua_total_cap": null, "ua_name": "South Gloucestershire" }, "geometry": { "type": "Point", "coordinates": [ -2.57044005399996, 51.500972750000074 ] } },
{ "type": "Feature", "properties": { "park_id": "200069", "active_status": "Active", "audit_status": "Approved and implement", "live_op_total_cap": 13, "approved_ua_total_cap": null, "ua_name": "South Gloucestershire" }, "geometry": { "type": "Point", "coordinates": [ -2.552164077999976, 51.511146550000035 ] } },
{ "type": "Feature", "properties": { "park_id": "200070", "active_status": "Inactive (rejected)", "audit_status": "Rejected", "live_op_total_cap": 0, "approved_ua_total_cap": null, "ua_name": "South Gloucestershire" }, "geometry": { "type": "Point", "coordinates": [ -2.571362971999974, 51.49976730000003 ] } },
{ "type": "Feature", "properties": { "park_id": "200071", "active_status": "Active", "audit_status": "Approved and implement", "live_op_total_cap": 20, "approved_ua_total_cap": null, "ua_name": "South Gloucestershire" }, "geometry": { "type": "Point", "coordinates": [ -2.558175086999938, 51.507354740000039 ] } },
{ "type": "Feature", "properties": { "park_id": "200072", "active_status": "Active", "audit_status": "Approved and implement", "live_op_total_cap": 8, "approved_ua_total_cap": null, "ua_name": "South Gloucestershire" }, "geometry": { "type": "Point", "coordinates": [ -2.550494908999951, 51.508285520000072 ] } },
{ "type": "Feature", "properties": { "park_id": "200073", "active_status": "Active", "audit_status": "Audited - private land", "live_op_total_cap": 10, "approved_ua_total_cap": null, "ua_name": "South Gloucestershire" }, "geometry": { "type": "Point", "coordinates": [ -2.544094085999973, 51.497238160000052 ] } },
{ "type": "Feature", "properties": { "park_id": "200074", "active_status": "Active", "audit_status": "Approved and implement", "live_op_total_cap": 20, "approved_ua_total_cap": null, "ua_name": "South Gloucestershire" }, "geometry": { "type": "Point", "coordinates": [ -2.566256045999978, 51.53963852000004 ] } },
{ "type": "Feature", "properties": { "park_id": "200075", "active_status": "Inactive (rejected)", "audit_status": "Rejected", "live_op_total_cap": 0, "approved_ua_total_cap": null, "ua_name": "South Gloucestershire" }, "geometry": { "type": "Point", "coordinates": [ -2.56477999699996, 51.540374760000077 ] } },
{ "type": "Feature", "properties": { "park_id": "200076", "active_status": "Active", "audit_status": "Approved and implement", "live_op_total_cap": 20, "approved_ua_total_cap": null, "ua_name": "South Gloucestershire" }, "geometry": { "type": "Point", "coordinates": [ -2.564740895999932, 51.536853790000066 ] } },
{ "type": "Feature", "properties": { "park_id": "200077", "active_status": "Active", "audit_status": "Approved and implement", "live_op_total_cap": 20, "approved_ua_total_cap": null, "ua_name": "South Gloucestershire" }, "geometry": { "type": "Point", "coordinates": [ -2.562781095999981, 51.535240170000066 ] } },
{ "type": "Feature", "properties": { "park_id": "200078", "active_status": "Active", "audit_status": "Approved and implement", "live_op_total_cap": 20, "approved_ua_total_cap": null, "ua_name": "South Gloucestershire" }, "geometry": { "type": "Point", "coordinates": [ -2.56693, 51.51308 ] } },
{ "type": "Feature", "properties": { "park_id": "200079", "active_status": "Active", "audit_status": "Approved and implement", "live_op_total_cap": 10, "approved_ua_total_cap": null, "ua_name": "South Gloucestershire" }, "geometry": { "type": "Point", "coordinates": [ -2.514317035999966, 51.448291780000034 ] } },
{ "type": "Feature", "properties": { "park_id": "200080", "active_status": "Active", "audit_status": "Approved and implement", "live_op_total_cap": 16, "approved_ua_total_cap": null, "ua_name": "South Gloucestershire" }, "geometry": { "type": "Point", "coordinates": [ -2.518130063999934, 51.449539180000045 ] } },
{ "type": "Feature", "properties": { "park_id": "200081", "active_status": "Active", "audit_status": "Approved and implement", "live_op_total_cap": 20, "approved_ua_total_cap": null, "ua_name": "South Gloucestershire" }, "geometry": { "type": "Point", "coordinates": [ -2.562789916999975, 51.534873960000027 ] } },
{ "type": "Feature", "properties": { "park_id": "200082", "active_status": "Active", "audit_status": "Approved and implement", "live_op_total_cap": 6, "approved_ua_total_cap": null, "ua_name": "South Gloucestershire" }, "geometry": { "type": "Point", "coordinates": [ -2.495402097999943, 51.461685180000075 ] } },
{ "type": "Feature", "properties": { "park_id": "200083", "active_status": "Inactive (rejected)", "audit_status": "Rejected", "live_op_total_cap": 0, "approved_ua_total_cap": null, "ua_name": "South Gloucestershire" }, "geometry": { "type": "Point", "coordinates": [ -2.490205049999929, 51.490299220000054 ] } },
{ "type": "Feature", "properties": { "park_id": "200084", "active_status": "Active", "audit_status": "Approved and implement", "live_op_total_cap": 8, "approved_ua_total_cap": null, "ua_name": "South Gloucestershire" }, "geometry": { "type": "Point", "coordinates": [ -2.585758923999947, 51.504180910000059 ] } },
{ "type": "Feature", "properties": { "park_id": "200085", "active_status": "Active", "audit_status": "Approved and implement", "live_op_total_cap": 16, "approved_ua_total_cap": null, "ua_name": "South Gloucestershire" }, "geometry": { "type": "Point", "coordinates": [ -2.507420062999927, 51.451190950000068 ] } },
{ "type": "Feature", "properties": { "park_id": "200086", "active_status": "Active", "audit_status": "Approved and implement", "live_op_total_cap": 16, "approved_ua_total_cap": null, "ua_name": "South Gloucestershire" }, "geometry": { "type": "Point", "coordinates": [ -2.512156009999956, 51.451881410000055 ] } },
{ "type": "Feature", "properties": { "park_id": "200087", "active_status": "Inactive (rejected)", "audit_status": "Rejected", "live_op_total_cap": 0, "approved_ua_total_cap": null, "ua_name": "South Gloucestershire" }, "geometry": { "type": "Point", "coordinates": [ -2.56389403299994, 51.534049990000028 ] } },
{ "type": "Feature", "properties": { "park_id": "200088", "active_status": "Active", "audit_status": "Approved and implement", "live_op_total_cap": 20, "approved_ua_total_cap": null, "ua_name": "South Gloucestershire" }, "geometry": { "type": "Point", "coordinates": [ -2.561542033999956, 51.532863620000057 ] } },
{ "type": "Feature", "properties": { "park_id": "200089", "active_status": "Inactive (rejected)", "audit_status": "Rejected", "live_op_total_cap": 0, "approved_ua_total_cap": null, "ua_name": "South Gloucestershire" }, "geometry": { "type": "Point", "coordinates": [ -2.559087991999945, 51.533111570000074 ] } },
{ "type": "Feature", "properties": { "park_id": "200090", "active_status": "Deactivated", "audit_status": "Approved and implement", "live_op_total_cap": 0, "approved_ua_total_cap": null, "ua_name": "South Gloucestershire" }, "geometry": { "type": "Point", "coordinates": [ -2.562771081999927, 51.532260890000032 ] } },
{ "type": "Feature", "properties": { "park_id": "200091", "active_status": "Active", "audit_status": "Approved and implement", "live_op_total_cap": 6, "approved_ua_total_cap": null, "ua_name": "South Gloucestershire" }, "geometry": { "type": "Point", "coordinates": [ -2.552208899999926, 51.533630370000026 ] } },
{ "type": "Feature", "properties": { "park_id": "200092", "active_status": "Active", "audit_status": "Approved and implement", "live_op_total_cap": 6, "approved_ua_total_cap": null, "ua_name": "South Gloucestershire" }, "geometry": { "type": "Point", "coordinates": [ -2.51066, 51.49359 ] } },
{ "type": "Feature", "properties": { "park_id": "200093", "active_status": "Inactive (rejected)", "audit_status": "Rejected", "live_op_total_cap": 0, "approved_ua_total_cap": null, "ua_name": "South Gloucestershire" }, "geometry": { "type": "Point", "coordinates": [ -2.579173087999948, 51.501194 ] } },
{ "type": "Feature", "properties": { "park_id": "200094", "active_status": "Inactive (rejected)", "audit_status": "Rejected", "live_op_total_cap": 0, "approved_ua_total_cap": null, "ua_name": "South Gloucestershire" }, "geometry": { "type": "Point", "coordinates": [ -2.504034995999973, 51.481086730000072 ] } },
{ "type": "Feature", "properties": { "park_id": "200095", "active_status": "Active", "audit_status": "Approved and implement", "live_op_total_cap": 10, "approved_ua_total_cap": null, "ua_name": "South Gloucestershire" }, "geometry": { "type": "Point", "coordinates": [ -2.579413890999945, 51.501232150000078 ] } },
{ "type": "Feature", "properties": { "park_id": "200096", "active_status": "Active", "audit_status": "Approved and implement", "live_op_total_cap": 20, "approved_ua_total_cap": null, "ua_name": "South Gloucestershire" }, "geometry": { "type": "Point", "coordinates": [ -2.511751889999971, 51.486148830000047 ] } },
{ "type": "Feature", "properties": { "park_id": "200097", "active_status": "Active", "audit_status": "Approved and implement", "live_op_total_cap": 10, "approved_ua_total_cap": null, "ua_name": "South Gloucestershire" }, "geometry": { "type": "Point", "coordinates": [ -2.579394101999981, 51.502037050000069 ] } },
{ "type": "Feature", "properties": { "park_id": "200098", "active_status": "Deactivated", "audit_status": "Rejected", "live_op_total_cap": 0, "approved_ua_total_cap": null, "ua_name": "South Gloucestershire" }, "geometry": { "type": "Point", "coordinates": [ -2.499968051999929, 51.480304720000049 ] } },
{ "type": "Feature", "properties": { "park_id": "200099", "active_status": "Inactive (rejected)", "audit_status": "Rejected", "live_op_total_cap": 0, "approved_ua_total_cap": null, "ua_name": "South Gloucestershire" }, "geometry": { "type": "Point", "coordinates": [ -2.587482928999975, 51.534683230000041 ] } },
{ "type": "Feature", "properties": { "park_id": "200100", "active_status": "Active", "audit_status": "Approved and implement", "live_op_total_cap": 15, "approved_ua_total_cap": null, "ua_name": "South Gloucestershire" }, "geometry": { "type": "Point", "coordinates": [ -2.597872018999965, 51.528488160000052 ] } },
{ "type": "Feature", "properties": { "park_id": "200101", "active_status": "Active", "audit_status": "Approved and implement", "live_op_total_cap": 15, "approved_ua_total_cap": null, "ua_name": "South Gloucestershire" }, "geometry": { "type": "Point", "coordinates": [ -2.586149930999966, 51.52694321000007 ] } },
{ "type": "Feature", "properties": { "park_id": "200102", "active_status": "Active", "audit_status": "Approved and implement", "live_op_total_cap": 15, "approved_ua_total_cap": null, "ua_name": "South Gloucestershire" }, "geometry": { "type": "Point", "coordinates": [ -2.577121018999947, 51.529495240000074 ] } },
{ "type": "Feature", "properties": { "park_id": "200103", "active_status": "Active", "audit_status": "Approved and implement", "live_op_total_cap": 20, "approved_ua_total_cap": null, "ua_name": "South Gloucestershire" }, "geometry": { "type": "Point", "coordinates": [ -2.582285880999962, 51.537883760000057 ] } },
{ "type": "Feature", "properties": { "park_id": "200104", "active_status": "Active", "audit_status": "Approved and implement", "live_op_total_cap": 5, "approved_ua_total_cap": null, "ua_name": "South Gloucestershire" }, "geometry": { "type": "Point", "coordinates": [ -2.571033, 51.533116 ] } },
{ "type": "Feature", "properties": { "park_id": "200105", "active_status": "Inactive (rejected)", "audit_status": "Rejected", "live_op_total_cap": 0, "approved_ua_total_cap": null, "ua_name": "South Gloucestershire" }, "geometry": { "type": "Point", "coordinates": [ -2.574837922999961, 51.52562714000004 ] } },
{ "type": "Feature", "properties": { "park_id": "200106", "active_status": "Active", "audit_status": "Approved and implement", "live_op_total_cap": 20, "approved_ua_total_cap": null, "ua_name": "South Gloucestershire" }, "geometry": { "type": "Point", "coordinates": [ -2.575943946999928, 51.530925750000051 ] } },
{ "type": "Feature", "properties": { "park_id": "200107", "active_status": "Active", "audit_status": "Approved and implement", "live_op_total_cap": 6, "approved_ua_total_cap": null, "ua_name": "South Gloucestershire" }, "geometry": { "type": "Point", "coordinates": [ -2.559694051999941, 51.497169490000033 ] } },
{ "type": "Feature", "properties": { "park_id": "200108", "active_status": "Deactivated", "audit_status": "Rejected", "live_op_total_cap": 0, "approved_ua_total_cap": null, "ua_name": "South Gloucestershire" }, "geometry": { "type": "Point", "coordinates": [ -2.560163974999966, 51.49745560000008 ] } },
{ "type": "Feature", "properties": { "park_id": "200109", "active_status": "Deactivated", "audit_status": "Rejected", "live_op_total_cap": 0, "approved_ua_total_cap": null, "ua_name": "South Gloucestershire" }, "geometry": { "type": "Point", "coordinates": [ -2.559540032999962, 51.49769211000006 ] } },
{ "type": "Feature", "properties": { "park_id": "200110", "active_status": "Active", "audit_status": "Audited - private land", "live_op_total_cap": 10, "approved_ua_total_cap": null, "ua_name": "South Gloucestershire" }, "geometry": { "type": "Point", "coordinates": [ -2.558698892999928, 51.49672699000007 ] } },
{ "type": "Feature", "properties": { "park_id": "200111", "active_status": "Deactivated", "audit_status": "Rejected", "live_op_total_cap": 0, "approved_ua_total_cap": null, "ua_name": "South Gloucestershire" }, "geometry": { "type": "Point", "coordinates": [ -2.559031009999956, 51.496936800000071 ] } },
{ "type": "Feature", "properties": { "park_id": "200112", "active_status": "Active", "audit_status": "Approved and implement", "live_op_total_cap": 10, "approved_ua_total_cap": null, "ua_name": "South Gloucestershire" }, "geometry": { "type": "Point", "coordinates": [ -2.561554908999938, 51.499008180000033 ] } },
{ "type": "Feature", "properties": { "park_id": "200113", "active_status": "Active", "audit_status": "Approved and implement", "live_op_total_cap": 10, "approved_ua_total_cap": null, "ua_name": "South Gloucestershire" }, "geometry": { "type": "Point", "coordinates": [ -2.560214995999956, 51.500324250000062 ] } },
{ "type": "Feature", "properties": { "park_id": "200114", "active_status": "Active", "audit_status": "Approved and implement", "live_op_total_cap": 20, "approved_ua_total_cap": null, "ua_name": "South Gloucestershire" }, "geometry": { "type": "Point", "coordinates": [ -2.556257009999968, 51.496795650000081 ] } },
{ "type": "Feature", "properties": { "park_id": "200115", "active_status": "Active", "audit_status": "Approved and implement", "live_op_total_cap": 15, "approved_ua_total_cap": null, "ua_name": "South Gloucestershire" }, "geometry": { "type": "Point", "coordinates": [ -2.54383397099997, 51.499347690000036 ] } },
{ "type": "Feature", "properties": { "park_id": "200116", "active_status": "Active", "audit_status": "Approved and implement", "live_op_total_cap": 20, "approved_ua_total_cap": null, "ua_name": "South Gloucestershire" }, "geometry": { "type": "Point", "coordinates": [ -2.542958020999947, 51.496623990000046 ] } },
{ "type": "Feature", "properties": { "park_id": "200117", "active_status": "Active", "audit_status": "Approved and implement", "live_op_total_cap": 8, "approved_ua_total_cap": null, "ua_name": "South Gloucestershire" }, "geometry": { "type": "Point", "coordinates": [ -2.576824902999931, 51.531604770000058 ] } },
{ "type": "Feature", "properties": { "park_id": "200118", "active_status": "Deactivated", "audit_status": "Approved and implement", "live_op_total_cap": 0, "approved_ua_total_cap": null, "ua_name": "South Gloucestershire" }, "geometry": { "type": "Point", "coordinates": [ -2.539344071999949, 51.528617860000054 ] } },
{ "type": "Feature", "properties": { "park_id": "200119", "active_status": "Active", "audit_status": "Approved and implement", "live_op_total_cap": 16, "approved_ua_total_cap": null, "ua_name": "South Gloucestershire" }, "geometry": { "type": "Point", "coordinates": [ -2.576822995999976, 51.505897520000076 ] } },
{ "type": "Feature", "properties": { "park_id": "200120", "active_status": "Active", "audit_status": "Approved and implement", "live_op_total_cap": 8, "approved_ua_total_cap": null, "ua_name": "South Gloucestershire" }, "geometry": { "type": "Point", "coordinates": [ -2.548151015999963, 51.528434750000031 ] } },
{ "type": "Feature", "properties": { "park_id": "200121", "active_status": "Active", "audit_status": "Approved and implement", "live_op_total_cap": 6, "approved_ua_total_cap": null, "ua_name": "South Gloucestershire" }, "geometry": { "type": "Point", "coordinates": [ -2.525648116999946, 51.501525880000031 ] } },
{ "type": "Feature", "properties": { "park_id": "200122", "active_status": "Active", "audit_status": "Approved and implement", "live_op_total_cap": 8, "approved_ua_total_cap": null, "ua_name": "South Gloucestershire" }, "geometry": { "type": "Point", "coordinates": [ -2.505249976999949, 51.499351500000046 ] } },
{ "type": "Feature", "properties": { "park_id": "200123", "active_status": "Active", "audit_status": "Approved and implement", "live_op_total_cap": 10, "approved_ua_total_cap": null, "ua_name": "South Gloucestershire" }, "geometry": { "type": "Point", "coordinates": [ -2.488751887999967, 51.496242520000067 ] } },
{ "type": "Feature", "properties": { "park_id": "200124", "active_status": "Active", "audit_status": "Approved and implement", "live_op_total_cap": 10, "approved_ua_total_cap": null, "ua_name": "South Gloucestershire" }, "geometry": { "type": "Point", "coordinates": [ -2.546565055999963, 51.518901820000053 ] } },
{ "type": "Feature", "properties": { "park_id": "200125", "active_status": "Active", "audit_status": "Approved and implement", "live_op_total_cap": 6, "approved_ua_total_cap": null, "ua_name": "South Gloucestershire" }, "geometry": { "type": "Point", "coordinates": [ -2.506612061999931, 51.500164030000064 ] } },
{ "type": "Feature", "properties": { "park_id": "200126", "active_status": "Active", "audit_status": "Approved and implement", "live_op_total_cap": 16, "approved_ua_total_cap": null, "ua_name": "South Gloucestershire" }, "geometry": { "type": "Point", "coordinates": [ -2.54351210599998, 51.518909450000081 ] } },
{ "type": "Feature", "properties": { "park_id": "200127", "active_status": "Deactivated", "audit_status": "Rejected", "live_op_total_cap": 0, "approved_ua_total_cap": null, "ua_name": "South Gloucestershire" }, "geometry": { "type": "Point", "coordinates": [ -2.556832074999932, 51.542816160000029 ] } },
{ "type": "Feature", "properties": { "park_id": "200128", "active_status": "Active", "audit_status": "Approved and implement", "live_op_total_cap": 10, "approved_ua_total_cap": null, "ua_name": "South Gloucestershire" }, "geometry": { "type": "Point", "coordinates": [ -2.558170079999968, 51.543426510000074 ] } },
{ "type": "Feature", "properties": { "park_id": "200129", "active_status": "Active", "audit_status": "Approved and implement", "live_op_total_cap": 5, "approved_ua_total_cap": null, "ua_name": "South Gloucestershire" }, "geometry": { "type": "Point", "coordinates": [ -2.549963950999938, 51.524341580000055 ] } },
{ "type": "Feature", "properties": { "park_id": "200130", "active_status": "Active", "audit_status": "Approved and implement", "live_op_total_cap": 10, "approved_ua_total_cap": null, "ua_name": "South Gloucestershire" }, "geometry": { "type": "Point", "coordinates": [ -2.597038983999937, 51.529182430000048 ] } },
{ "type": "Feature", "properties": { "park_id": "200131", "active_status": "Active", "audit_status": "Approved and implement", "live_op_total_cap": 20, "approved_ua_total_cap": null, "ua_name": "South Gloucestershire" }, "geometry": { "type": "Point", "coordinates": [ -2.591288089999978, 51.528617860000054 ] } },
{ "type": "Feature", "properties": { "park_id": "200132", "active_status": "Active", "audit_status": "Approved and implement", "live_op_total_cap": 20, "approved_ua_total_cap": null, "ua_name": "South Gloucestershire" }, "geometry": { "type": "Point", "coordinates": [ -2.56220602999997, 51.508682250000049 ] } },
{ "type": "Feature", "properties": { "park_id": "200133", "active_status": "Inactive (rejected)", "audit_status": "Rejected", "live_op_total_cap": 0, "approved_ua_total_cap": null, "ua_name": "South Gloucestershire" }, "geometry": { "type": "Point", "coordinates": [ -2.555214881999973, 51.525508880000075 ] } },
{ "type": "Feature", "properties": { "park_id": "200134", "active_status": "Deactivated", "audit_status": "Approved and implement", "live_op_total_cap": 0, "approved_ua_total_cap": 20, "ua_name": "South Gloucestershire" }, "geometry": { "type": "Point", "coordinates": [ -2.554366111999968, 51.521392820000074 ] } },
{ "type": "Feature", "properties": { "park_id": "200135", "active_status": "Active", "audit_status": "Approved and implement", "live_op_total_cap": 15, "approved_ua_total_cap": null, "ua_name": "South Gloucestershire" }, "geometry": { "type": "Point", "coordinates": [ -2.532629012999962, 51.527320860000032 ] } },
{ "type": "Feature", "properties": { "park_id": "200136", "active_status": "Active", "audit_status": "Approved and implement", "live_op_total_cap": 15, "approved_ua_total_cap": null, "ua_name": "South Gloucestershire" }, "geometry": { "type": "Point", "coordinates": [ -2.509505986999955, 51.46283722000004 ] } },
{ "type": "Feature", "properties": { "park_id": "200137", "active_status": "Active", "audit_status": "Approved and implement", "live_op_total_cap": 10, "approved_ua_total_cap": null, "ua_name": "South Gloucestershire" }, "geometry": { "type": "Point", "coordinates": [ -2.499146937999967, 51.46196365000003 ] } },
{ "type": "Feature", "properties": { "park_id": "200138", "active_status": "Active", "audit_status": "Approved and implement", "live_op_total_cap": 10, "approved_ua_total_cap": null, "ua_name": "South Gloucestershire" }, "geometry": { "type": "Point", "coordinates": [ -2.49314308199996, 51.461204530000032 ] } },
{ "type": "Feature", "properties": { "park_id": "200139", "active_status": "Active", "audit_status": "Approved and implement", "live_op_total_cap": 20, "approved_ua_total_cap": null, "ua_name": "South Gloucestershire" }, "geometry": { "type": "Point", "coordinates": [ -2.490216016999966, 51.461185460000081 ] } },
{ "type": "Feature", "properties": { "park_id": "200140", "active_status": "Active", "audit_status": "Approved and implement", "live_op_total_cap": 11, "approved_ua_total_cap": null, "ua_name": "South Gloucestershire" }, "geometry": { "type": "Point", "coordinates": [ -2.488220929999954, 51.460491180000076 ] } },
{ "type": "Feature", "properties": { "park_id": "200141", "active_status": "Deactivated", "audit_status": "Rejected", "live_op_total_cap": 0, "approved_ua_total_cap": null, "ua_name": "South Gloucestershire" }, "geometry": { "type": "Point", "coordinates": [ -2.565512895999973, 51.505821230000038 ] } },
{ "type": "Feature", "properties": { "park_id": "200142", "active_status": "Active", "audit_status": "Approved and implement", "live_op_total_cap": 8, "approved_ua_total_cap": null, "ua_name": "South Gloucestershire" }, "geometry": { "type": "Point", "coordinates": [ -2.564600944999938, 51.50757980000003 ] } },
{ "type": "Feature", "properties": { "park_id": "200143", "active_status": "Deactivated", "audit_status": "Rejected", "live_op_total_cap": 0, "approved_ua_total_cap": null, "ua_name": "South Gloucestershire" }, "geometry": { "type": "Point", "coordinates": [ -2.567414998999936, 51.50366211000005 ] } },
{ "type": "Feature", "properties": { "park_id": "200144", "active_status": "Deactivated", "audit_status": "Rejected", "live_op_total_cap": 0, "approved_ua_total_cap": null, "ua_name": "South Gloucestershire" }, "geometry": { "type": "Point", "coordinates": [ -2.571212052999954, 51.508823390000032 ] } },
{ "type": "Feature", "properties": { "park_id": "200145", "active_status": "Inactive (rejected)", "audit_status": "Rejected", "live_op_total_cap": 0, "approved_ua_total_cap": null, "ua_name": "South Gloucestershire" }, "geometry": { "type": "Point", "coordinates": [ -2.57036590599995, 51.506019590000051 ] } },
{ "type": "Feature", "properties": { "park_id": "200146", "active_status": "Active", "audit_status": "Approved and implement", "live_op_total_cap": 4, "approved_ua_total_cap": null, "ua_name": "South Gloucestershire" }, "geometry": { "type": "Point", "coordinates": [ -2.570620059999953, 51.504783630000077 ] } },
{ "type": "Feature", "properties": { "park_id": "200147", "active_status": "Active", "audit_status": "Approved and implement", "live_op_total_cap": 20, "approved_ua_total_cap": null, "ua_name": "South Gloucestershire" }, "geometry": { "type": "Point", "coordinates": [ -2.533519982999962, 51.525821690000043 ] } },
{ "type": "Feature", "properties": { "park_id": "200148", "active_status": "Active", "audit_status": "Approved and implement", "live_op_total_cap": 4, "approved_ua_total_cap": null, "ua_name": "South Gloucestershire" }, "geometry": { "type": "Point", "coordinates": [ -2.492311000999962, 51.482170100000076 ] } },
{ "type": "Feature", "properties": { "park_id": "200149", "active_status": "Deactivated", "audit_status": "Rejected", "live_op_total_cap": 0, "approved_ua_total_cap": null, "ua_name": "South Gloucestershire" }, "geometry": { "type": "Point", "coordinates": [ -2.50148510899993, 51.480995180000036 ] } },
{ "type": "Feature", "properties": { "park_id": "200150", "active_status": "Deactivated", "audit_status": "Approved and implement", "live_op_total_cap": 0, "approved_ua_total_cap": 20, "ua_name": "South Gloucestershire" }, "geometry": { "type": "Point", "coordinates": [ -2.570060014999967, 51.514522550000038 ] } },
{ "type": "Feature", "properties": { "park_id": "200151", "active_status": "Active", "audit_status": "Approved and implement", "live_op_total_cap": 10, "approved_ua_total_cap": null, "ua_name": "South Gloucestershire" }, "geometry": { "type": "Point", "coordinates": [ -2.571295022999948, 51.509193420000031 ] } },
{ "type": "Feature", "properties": { "park_id": "200152", "active_status": "Active", "audit_status": "Approved and implement", "live_op_total_cap": 10, "approved_ua_total_cap": null, "ua_name": "South Gloucestershire" }, "geometry": { "type": "Point", "coordinates": [ -2.493869065999945, 51.483875270000055 ] } },
{ "type": "Feature", "properties": { "park_id": "200153", "active_status": "Active", "audit_status": "Approved and implement", "live_op_total_cap": 6, "approved_ua_total_cap": null, "ua_name": "South Gloucestershire" }, "geometry": { "type": "Point", "coordinates": [ -2.57704210299994, 51.506023410000068 ] } },
{ "type": "Feature", "properties": { "park_id": "200154", "active_status": "Active", "audit_status": "Approved and implement", "live_op_total_cap": 8, "approved_ua_total_cap": null, "ua_name": "South Gloucestershire" }, "geometry": { "type": "Point", "coordinates": [ -2.521374940999976, 51.449104310000052 ] } },
{ "type": "Feature", "properties": { "park_id": "200155", "active_status": "Active", "audit_status": "Approved and implement", "live_op_total_cap": 20, "approved_ua_total_cap": null, "ua_name": "South Gloucestershire" }, "geometry": { "type": "Point", "coordinates": [ -2.51893210399993, 51.449985500000082 ] } },
{ "type": "Feature", "properties": { "park_id": "200156", "active_status": "Active", "audit_status": "Approved and implement", "live_op_total_cap": 20, "approved_ua_total_cap": null, "ua_name": "South Gloucestershire" }, "geometry": { "type": "Point", "coordinates": [ -2.571892976999948, 51.51539230000003 ] } },
{ "type": "Feature", "properties": { "park_id": "200157", "active_status": "Deactivated", "audit_status": "Approved and implement", "live_op_total_cap": 0, "approved_ua_total_cap": null, "ua_name": "South Gloucestershire" }, "geometry": { "type": "Point", "coordinates": [ -2.486804007999979, 51.49038696000008 ] } },
{ "type": "Feature", "properties": { "park_id": "200158", "active_status": "Deactivated", "audit_status": "Rejected", "live_op_total_cap": 0, "approved_ua_total_cap": null, "ua_name": "South Gloucestershire" }, "geometry": { "type": "Point", "coordinates": [ -2.495331048999958, 51.488098140000034 ] } },
{ "type": "Feature", "properties": { "park_id": "200159", "active_status": "Active", "audit_status": "Approved and implement", "live_op_total_cap": 20, "approved_ua_total_cap": null, "ua_name": "South Gloucestershire" }, "geometry": { "type": "Point", "coordinates": [ -2.510727881999969, 51.486347200000068 ] } },
{ "type": "Feature", "properties": { "park_id": "200160", "active_status": "Inactive (rejected)", "audit_status": "Rejected", "live_op_total_cap": 0, "approved_ua_total_cap": null, "ua_name": "South Gloucestershire" }, "geometry": { "type": "Point", "coordinates": [ -2.509609937999926, 51.486545560000081 ] } },
{ "type": "Feature", "properties": { "park_id": "200161", "active_status": "Active", "audit_status": "Approved and implement", "live_op_total_cap": 6, "approved_ua_total_cap": null, "ua_name": "South Gloucestershire" }, "geometry": { "type": "Point", "coordinates": [ -2.508958100999962, 51.492485050000028 ] } },
{ "type": "Feature", "properties": { "park_id": "200162", "active_status": "Inactive (rejected)", "audit_status": "Rejected", "live_op_total_cap": 0, "approved_ua_total_cap": null, "ua_name": "South Gloucestershire" }, "geometry": { "type": "Point", "coordinates": [ -2.484354972999938, 51.489322660000028 ] } },
{ "type": "Feature", "properties": { "park_id": "200163", "active_status": "Inactive (rejected)", "audit_status": "Rejected", "live_op_total_cap": 0, "approved_ua_total_cap": null, "ua_name": "South Gloucestershire" }, "geometry": { "type": "Point", "coordinates": [ -2.52040505399998, 51.500679020000064 ] } },
{ "type": "Feature", "properties": { "park_id": "200164", "active_status": "Deactivated", "audit_status": "Approved and implement", "live_op_total_cap": 0, "approved_ua_total_cap": null, "ua_name": "South Gloucestershire" }, "geometry": { "type": "Point", "coordinates": [ -2.542467116999944, 51.49599838000006 ] } },
{ "type": "Feature", "properties": { "park_id": "200165", "active_status": "Active", "audit_status": "Approved and implement", "live_op_total_cap": 6, "approved_ua_total_cap": null, "ua_name": "South Gloucestershire" }, "geometry": { "type": "Point", "coordinates": [ -2.51969790499993, 51.504070280000064 ] } },
{ "type": "Feature", "properties": { "park_id": "200166", "active_status": "Active", "audit_status": "Approved and implement", "live_op_total_cap": 15, "approved_ua_total_cap": null, "ua_name": "South Gloucestershire" }, "geometry": { "type": "Point", "coordinates": [ -2.506489991999956, 51.499481200000048 ] } },
{ "type": "Feature", "properties": { "park_id": "200167", "active_status": "Inactive (rejected)", "audit_status": "Rejected", "live_op_total_cap": 0, "approved_ua_total_cap": null, "ua_name": "South Gloucestershire" }, "geometry": { "type": "Point", "coordinates": [ -2.517796992999934, 51.499481200000048 ] } },
{ "type": "Feature", "properties": { "park_id": "200168", "active_status": "Active", "audit_status": "Approved and implement", "live_op_total_cap": 20, "approved_ua_total_cap": null, "ua_name": "South Gloucestershire" }, "geometry": { "type": "Point", "coordinates": [ -2.498193025999967, 51.489868160000071 ] } },
{ "type": "Feature", "properties": { "park_id": "200169", "active_status": "Active", "audit_status": "Approved and implement", "live_op_total_cap": 10, "approved_ua_total_cap": null, "ua_name": "South Gloucestershire" }, "geometry": { "type": "Point", "coordinates": [ -2.56354999499996, 51.522697450000067 ] } },
{ "type": "Feature", "properties": { "park_id": "200170", "active_status": "Active", "audit_status": "Approved and implement", "live_op_total_cap": 10, "approved_ua_total_cap": null, "ua_name": "South Gloucestershire" }, "geometry": { "type": "Point", "coordinates": [ -2.503118991999941, 51.493301390000056 ] } },
{ "type": "Feature", "properties": { "park_id": "200171", "active_status": "Deactivated", "audit_status": "Rejected", "live_op_total_cap": 0, "approved_ua_total_cap": null, "ua_name": "South Gloucestershire" }, "geometry": { "type": "Point", "coordinates": [ -2.498025893999966, 51.488636020000058 ] } },
{ "type": "Feature", "properties": { "park_id": "200172", "active_status": "Deactivated", "audit_status": "Rejected", "live_op_total_cap": 0, "approved_ua_total_cap": null, "ua_name": "South Gloucestershire" }, "geometry": { "type": "Point", "coordinates": [ -2.490354060999948, 51.495231630000035 ] } },
{ "type": "Feature", "properties": { "park_id": "200173", "active_status": "Inactive (rejected)", "audit_status": "Rejected", "live_op_total_cap": 0, "approved_ua_total_cap": null, "ua_name": "South Gloucestershire" }, "geometry": { "type": "Point", "coordinates": [ -2.476619004999975, 51.482215880000069 ] } },
{ "type": "Feature", "properties": { "park_id": "200174", "active_status": "Active", "audit_status": "Approved and implement", "live_op_total_cap": 10, "approved_ua_total_cap": null, "ua_name": "South Gloucestershire" }, "geometry": { "type": "Point", "coordinates": [ -2.517043113999932, 51.503234860000077 ] } },
{ "type": "Feature", "properties": { "park_id": "200175", "active_status": "Active", "audit_status": "Approved and implement", "live_op_total_cap": 4, "approved_ua_total_cap": null, "ua_name": "South Gloucestershire" }, "geometry": { "type": "Point", "coordinates": [ -2.49952101699995, 51.479019170000072 ] } },
{ "type": "Feature", "properties": { "park_id": "200176", "active_status": "Deactivated", "audit_status": "Rejected", "live_op_total_cap": 0, "approved_ua_total_cap": null, "ua_name": "South Gloucestershire" }, "geometry": { "type": "Point", "coordinates": [ -2.503678082999954, 51.499355320000063 ] } },
{ "type": "Feature", "properties": { "park_id": "200177", "active_status": "Active", "audit_status": "Approved and implement", "live_op_total_cap": 8, "approved_ua_total_cap": null, "ua_name": "South Gloucestershire" }, "geometry": { "type": "Point", "coordinates": [ -2.500034093999943, 51.487033840000038 ] } },
{ "type": "Feature", "properties": { "park_id": "200178", "active_status": "Active", "audit_status": "Approved and implement", "live_op_total_cap": 6, "approved_ua_total_cap": null, "ua_name": "South Gloucestershire" }, "geometry": { "type": "Point", "coordinates": [ -2.534122943999932, 51.525100710000061 ] } },
{ "type": "Feature", "properties": { "park_id": "200179", "active_status": "Inactive (rejected)", "audit_status": "Rejected", "live_op_total_cap": 0, "approved_ua_total_cap": null, "ua_name": "South Gloucestershire" }, "geometry": { "type": "Point", "coordinates": [ -2.485003947999928, 51.483039860000076 ] } },
{ "type": "Feature", "properties": { "park_id": "200180", "active_status": "Active", "audit_status": "Approved and implement", "live_op_total_cap": 6, "approved_ua_total_cap": null, "ua_name": "South Gloucestershire" }, "geometry": { "type": "Point", "coordinates": [ -2.499630927999931, 51.498771670000053 ] } },
{ "type": "Feature", "properties": { "park_id": "200181", "active_status": "Active", "audit_status": "Approved and implement", "live_op_total_cap": 5, "approved_ua_total_cap": null, "ua_name": "South Gloucestershire" }, "geometry": { "type": "Point", "coordinates": [ -2.49005198499998, 51.490295410000044 ] } },
{ "type": "Feature", "properties": { "park_id": "200182", "active_status": "Active", "audit_status": "Approved and implement", "live_op_total_cap": 12, "approved_ua_total_cap": null, "ua_name": "South Gloucestershire" }, "geometry": { "type": "Point", "coordinates": [ -2.49232006099993, 51.481315610000081 ] } },
{ "type": "Feature", "properties": { "park_id": "200183", "active_status": "Active", "audit_status": "Approved and implement", "live_op_total_cap": 20, "approved_ua_total_cap": null, "ua_name": "South Gloucestershire" }, "geometry": { "type": "Point", "coordinates": [ -2.538126944999931, 51.507553100000052 ] } },
{ "type": "Feature", "properties": { "park_id": "200184", "active_status": "Inactive (rejected)", "audit_status": "Rejected", "live_op_total_cap": 0, "approved_ua_total_cap": null, "ua_name": "South Gloucestershire" }, "geometry": { "type": "Point", "coordinates": [ -2.480850934999978, 51.48354340000003 ] } },
{ "type": "Feature", "properties": { "park_id": "200185", "active_status": "Active", "audit_status": "Approved and implement", "live_op_total_cap": 10, "approved_ua_total_cap": null, "ua_name": "South Gloucestershire" }, "geometry": { "type": "Point", "coordinates": [ -2.587452887999973, 51.503482820000045 ] } },
{ "type": "Feature", "properties": { "park_id": "200186", "active_status": "Active", "audit_status": "Approved and implement", "live_op_total_cap": 20, "approved_ua_total_cap": null, "ua_name": "South Gloucestershire" }, "geometry": { "type": "Point", "coordinates": [ -2.578108071999964, 51.503768920000027 ] } },
{ "type": "Feature", "properties": { "park_id": "200187", "active_status": "Active", "audit_status": "Approved and implement", "live_op_total_cap": 10, "approved_ua_total_cap": null, "ua_name": "South Gloucestershire" }, "geometry": { "type": "Point", "coordinates": [ -2.487656115999926, 51.45996094000003 ] } },
{ "type": "Feature", "properties": { "park_id": "200188", "active_status": "Deactivated", "audit_status": "Rejected", "live_op_total_cap": 0, "approved_ua_total_cap": null, "ua_name": "South Gloucestershire" }, "geometry": { "type": "Point", "coordinates": [ -2.500140904999967, 51.489112850000026 ] } },
{ "type": "Feature", "properties": { "park_id": "200189", "active_status": "Active", "audit_status": "Approved and implement", "live_op_total_cap": 10, "approved_ua_total_cap": null, "ua_name": "South Gloucestershire" }, "geometry": { "type": "Point", "coordinates": [ -2.486108064999939, 51.460468290000051 ] } },
{ "type": "Feature", "properties": { "park_id": "200190", "active_status": "Active", "audit_status": "Approved and implement", "live_op_total_cap": 20, "approved_ua_total_cap": null, "ua_name": "South Gloucestershire" }, "geometry": { "type": "Point", "coordinates": [ -2.506526946999941, 51.451675420000072 ] } },
{ "type": "Feature", "properties": { "park_id": "200191", "active_status": "Active", "audit_status": "Approved and implement", "live_op_total_cap": 10, "approved_ua_total_cap": null, "ua_name": "South Gloucestershire" }, "geometry": { "type": "Point", "coordinates": [ -2.556294917999935, 51.508705140000075 ] } },
{ "type": "Feature", "properties": { "park_id": "200192", "active_status": "Inactive (surplus)", "audit_status": "Approved and implement", "live_op_total_cap": 0, "approved_ua_total_cap": 6, "ua_name": "South Gloucestershire" }, "geometry": { "type": "Point", "coordinates": [ -2.50760698299996, 51.478088380000031 ] } },
{ "type": "Feature", "properties": { "park_id": "200193", "active_status": "Active", "audit_status": "Approved and implement", "live_op_total_cap": 5, "approved_ua_total_cap": null, "ua_name": "South Gloucestershire" }, "geometry": { "type": "Point", "coordinates": [ -2.490354060999948, 51.499935150000056 ] } },
{ "type": "Feature", "properties": { "park_id": "200194", "active_status": "Deactivated", "audit_status": "Rejected", "live_op_total_cap": 0, "approved_ua_total_cap": null, "ua_name": "South Gloucestershire" }, "geometry": { "type": "Point", "coordinates": [ -2.542270898999959, 51.496849060000045 ] } },
{ "type": "Feature", "properties": { "park_id": "200195", "active_status": "Active", "audit_status": "Approved and implement", "live_op_total_cap": 10, "approved_ua_total_cap": null, "ua_name": "South Gloucestershire" }, "geometry": { "type": "Point", "coordinates": [ -2.488580941999942, 51.504917140000032 ] } },
{ "type": "Feature", "properties": { "park_id": "200196", "active_status": "Inactive (rejected)", "audit_status": "Rejected", "live_op_total_cap": 0, "approved_ua_total_cap": null, "ua_name": "South Gloucestershire" }, "geometry": { "type": "Point", "coordinates": [ -2.557439088999956, 51.541591640000036 ] } },
{ "type": "Feature", "properties": { "park_id": "200197", "active_status": "Active", "audit_status": "Approved and implement", "live_op_total_cap": 20, "approved_ua_total_cap": null, "ua_name": "South Gloucestershire" }, "geometry": { "type": "Point", "coordinates": [ -2.503328084999964, 51.488792420000038 ] } },
{ "type": "Feature", "properties": { "park_id": "200198", "active_status": "Active", "audit_status": "Approved and implement", "live_op_total_cap": 20, "approved_ua_total_cap": null, "ua_name": "South Gloucestershire" }, "geometry": { "type": "Point", "coordinates": [ -2.532664060999934, 51.524730680000062 ] } },
{ "type": "Feature", "properties": { "park_id": "200199", "active_status": "Deactivated", "audit_status": "Rejected", "live_op_total_cap": 0, "approved_ua_total_cap": null, "ua_name": "South Gloucestershire" }, "geometry": { "type": "Point", "coordinates": [ -2.500618934999977, 51.489051820000043 ] } },
{ "type": "Feature", "properties": { "park_id": "200200", "active_status": "Deactivated", "audit_status": "Rejected", "live_op_total_cap": 0, "approved_ua_total_cap": null, "ua_name": "South Gloucestershire" }, "geometry": { "type": "Point", "coordinates": [ -2.485579966999978, 51.494171140000049 ] } },
{ "type": "Feature", "properties": { "park_id": "200201", "active_status": "Inactive (rejected)", "audit_status": "Rejected", "live_op_total_cap": 0, "approved_ua_total_cap": null, "ua_name": "South Gloucestershire" }, "geometry": { "type": "Point", "coordinates": [ -2.57700800899994, 51.505455020000056 ] } },
{ "type": "Feature", "properties": { "park_id": "200202", "active_status": "Active", "audit_status": "Approved and implement", "live_op_total_cap": 10, "approved_ua_total_cap": null, "ua_name": "South Gloucestershire" }, "geometry": { "type": "Point", "coordinates": [ -2.547188996999978, 51.535923 ] } },
{ "type": "Feature", "properties": { "park_id": "200203", "active_status": "Active", "audit_status": "Approved and implement", "live_op_total_cap": 8, "approved_ua_total_cap": null, "ua_name": "South Gloucestershire" }, "geometry": { "type": "Point", "coordinates": [ -2.57666301699993, 51.506511690000082 ] } },
{ "type": "Feature", "properties": { "park_id": "210123", "active_status": "Inactive (rejected)", "audit_status": "Rejected", "live_op_total_cap": 0, "approved_ua_total_cap": null, "ua_name": "South Gloucestershire" }, "geometry": { "type": "Point", "coordinates": [ -2.504914199999973, 51.450854400000026 ] } },
{ "type": "Feature", "properties": { "park_id": "210124", "active_status": "Active", "audit_status": "Approved and implement", "live_op_total_cap": 10, "approved_ua_total_cap": null, "ua_name": "South Gloucestershire" }, "geometry": { "type": "Point", "coordinates": [ -2.505785, 51.450796400000058 ] } },
{ "type": "Feature", "properties": { "park_id": "210125", "active_status": "Deactivated", "audit_status": "Approved and implement", "live_op_total_cap": 0, "approved_ua_total_cap": null, "ua_name": "South Gloucestershire" }, "geometry": { "type": "Point", "coordinates": [ -2.519233199999974, 51.441254600000036 ] } },
{ "type": "Feature", "properties": { "park_id": "210126", "active_status": "Inactive (surplus)", "audit_status": "Approved and implement", "live_op_total_cap": null, "approved_ua_total_cap": null, "ua_name": "South Gloucestershire" }, "geometry": { "type": "Point", "coordinates": [ -2.519077099999947, 51.437317600000029 ] } },
{ "type": "Feature", "properties": { "park_id": "210127", "active_status": "Deactivated", "audit_status": "Approved and implement", "live_op_total_cap": 0, "approved_ua_total_cap": 12, "ua_name": "South Gloucestershire" }, "geometry": { "type": "Point", "coordinates": [ -2.519209499999931, 51.43717440000006 ] } },
{ "type": "Feature", "properties": { "park_id": "210128", "active_status": "Active", "audit_status": "Approved and implement", "live_op_total_cap": 12, "approved_ua_total_cap": null, "ua_name": "South Gloucestershire" }, "geometry": { "type": "Point", "coordinates": [ -2.521254799999952, 51.437643 ] } },
{ "type": "Feature", "properties": { "park_id": "210129", "active_status": "Deactivated", "audit_status": "Approved and implement", "live_op_total_cap": null, "approved_ua_total_cap": null, "ua_name": "South Gloucestershire" }, "geometry": { "type": "Point", "coordinates": [ -2.52158339999994, 51.443957100000034 ] } },
{ "type": "Feature", "properties": { "park_id": "210130", "active_status": "Active", "audit_status": "Approved and implement", "live_op_total_cap": 6, "approved_ua_total_cap": null, "ua_name": "South Gloucestershire" }, "geometry": { "type": "Point", "coordinates": [ -2.513378499999931, 51.444495300000028 ] } },
{ "type": "Feature", "properties": { "park_id": "210131", "active_status": "Active", "audit_status": "Approved and implement", "live_op_total_cap": 10, "approved_ua_total_cap": null, "ua_name": "South Gloucestershire" }, "geometry": { "type": "Point", "coordinates": [ -2.499400199999968, 51.47459740000005 ] } },
{ "type": "Feature", "properties": { "park_id": "210132", "active_status": "Active", "audit_status": "Approved and implement", "live_op_total_cap": 14, "approved_ua_total_cap": null, "ua_name": "South Gloucestershire" }, "geometry": { "type": "Point", "coordinates": [ -2.553233499999976, 51.502666400000066 ] } },
{ "type": "Feature", "properties": { "park_id": "210133", "active_status": "Active", "audit_status": "Approved and implement", "live_op_total_cap": 15, "approved_ua_total_cap": null, "ua_name": "South Gloucestershire" }, "geometry": { "type": "Point", "coordinates": [ -2.553033899999946, 51.503260500000067 ] } },
{ "type": "Feature", "properties": { "park_id": "210134", "active_status": "Active", "audit_status": "Approved and implement", "live_op_total_cap": 40, "approved_ua_total_cap": null, "ua_name": "South Gloucestershire" }, "geometry": { "type": "Point", "coordinates": [ -2.554661, 51.500729900000067 ] } },
{ "type": "Feature", "properties": { "park_id": "210135", "active_status": "Active", "audit_status": "Approved and implement", "live_op_total_cap": 20, "approved_ua_total_cap": null, "ua_name": "South Gloucestershire" }, "geometry": { "type": "Point", "coordinates": [ -2.552138599999978, 51.500180300000068 ] } },
{ "type": "Feature", "properties": { "park_id": "210136", "active_status": "Active", "audit_status": "Approved and implement", "live_op_total_cap": 30, "approved_ua_total_cap": null, "ua_name": "South Gloucestershire" }, "geometry": { "type": "Point", "coordinates": [ -2.55061539999997, 51.499914300000057 ] } },
{ "type": "Feature", "properties": { "park_id": "210137", "active_status": "Active", "audit_status": "Approved and implement", "live_op_total_cap": 30, "approved_ua_total_cap": null, "ua_name": "South Gloucestershire" }, "geometry": { "type": "Point", "coordinates": [ -2.550522799999953, 51.499285900000075 ] } },
{ "type": "Feature", "properties": { "park_id": "210138", "active_status": "Active", "audit_status": "Approved and implement", "live_op_total_cap": 20, "approved_ua_total_cap": null, "ua_name": "South Gloucestershire" }, "geometry": { "type": "Point", "coordinates": [ -2.549768699999959, 51.498976700000071 ] } },
{ "type": "Feature", "properties": { "park_id": "210139", "active_status": "Active", "audit_status": "Approved and implement", "live_op_total_cap": 30, "approved_ua_total_cap": null, "ua_name": "South Gloucestershire" }, "geometry": { "type": "Point", "coordinates": [ -2.549631799999929, 51.500423 ] } },
{ "type": "Feature", "properties": { "park_id": "210140", "active_status": "Active", "audit_status": "Approved and implement", "live_op_total_cap": 10, "approved_ua_total_cap": null, "ua_name": "South Gloucestershire" }, "geometry": { "type": "Point", "coordinates": [ -2.550723299999959, 51.500997400000074 ] } },
{ "type": "Feature", "properties": { "park_id": "210141", "active_status": "Active", "audit_status": "Approved and implement", "live_op_total_cap": 15, "approved_ua_total_cap": null, "ua_name": "South Gloucestershire" }, "geometry": { "type": "Point", "coordinates": [ -2.549109499999929, 51.501035 ] } },
{ "type": "Feature", "properties": { "park_id": "210142", "active_status": "Deactivated", "audit_status": "Approved and implement", "live_op_total_cap": 0, "approved_ua_total_cap": null, "ua_name": "South Gloucestershire" }, "geometry": { "type": "Point", "coordinates": [ -2.550589099999968, 51.503588300000047 ] } },
{ "type": "Feature", "properties": { "park_id": "210143", "active_status": "Active", "audit_status": "Approved and implement", "live_op_total_cap": 6, "approved_ua_total_cap": null, "ua_name": "South Gloucestershire" }, "geometry": { "type": "Point", "coordinates": [ -2.547280699999931, 51.503951100000052 ] } },
{ "type": "Feature", "properties": { "park_id": "210144", "active_status": "Active", "audit_status": "Approved and implement", "live_op_total_cap": 20, "approved_ua_total_cap": null, "ua_name": "South Gloucestershire" }, "geometry": { "type": "Point", "coordinates": [ -2.55052, 51.49945 ] } },
{ "type": "Feature", "properties": { "park_id": "210145", "active_status": "Active", "audit_status": "Approved and implement", "live_op_total_cap": 35, "approved_ua_total_cap": null, "ua_name": "South Gloucestershire" }, "geometry": { "type": "Point", "coordinates": [ -2.54954, 51.49992 ] } },
{ "type": "Feature", "properties": { "park_id": "210146", "active_status": "Inactive (rejected)", "audit_status": "Rejected", "live_op_total_cap": null, "approved_ua_total_cap": null, "ua_name": "South Gloucestershire" }, "geometry": { "type": "Point", "coordinates": [ -2.49916769999993, 51.468787 ] } },
{ "type": "Feature", "properties": { "park_id": "210147", "active_status": "Inactive (rejected)", "audit_status": "Rejected", "live_op_total_cap": null, "approved_ua_total_cap": null, "ua_name": "South Gloucestershire" }, "geometry": { "type": "Point", "coordinates": [ -2.518537699999968, 51.508476300000041 ] } },
{ "type": "Feature", "properties": { "park_id": "210148", "active_status": "Deactivated", "audit_status": "Approved and implement", "live_op_total_cap": 0, "approved_ua_total_cap": null, "ua_name": "South Gloucestershire" }, "geometry": { "type": "Point", "coordinates": [ -2.504325499999936, 51.502087700000061 ] } },
{ "type": "Feature", "properties": { "park_id": "210149", "active_status": "Deactivated", "audit_status": "Approved and implement", "live_op_total_cap": 0, "approved_ua_total_cap": null, "ua_name": "South Gloucestershire" }, "geometry": { "type": "Point", "coordinates": [ -2.511086099999943, 51.444849200000078 ] } },
{ "type": "Feature", "properties": { "park_id": "210150", "active_status": "Inactive (surplus)", "audit_status": "Approved and implement", "live_op_total_cap": 0, "approved_ua_total_cap": null, "ua_name": "South Gloucestershire" }, "geometry": { "type": "Point", "coordinates": [ -2.538426499999957, 51.519774900000073 ] } },
{ "type": "Feature", "properties": { "park_id": "210151", "active_status": "Inactive (surplus)", "audit_status": "Approved and implement", "live_op_total_cap": 0, "approved_ua_total_cap": null, "ua_name": "South Gloucestershire" }, "geometry": { "type": "Point", "coordinates": [ -2.505070399999966, 51.500049900000079 ] } },
{ "type": "Feature", "properties": { "park_id": "210152", "active_status": "Inactive (surplus)", "audit_status": "Approved and implement", "live_op_total_cap": 0, "approved_ua_total_cap": null, "ua_name": "South Gloucestershire" }, "geometry": { "type": "Point", "coordinates": [ -2.506987799999933, 51.499764800000037 ] } },
{ "type": "Feature", "properties": { "park_id": "210153", "active_status": "Active", "audit_status": "Approved and implement", "live_op_total_cap": 6, "approved_ua_total_cap": null, "ua_name": "South Gloucestershire" }, "geometry": { "type": "Point", "coordinates": [ -2.500585699999931, 51.492985500000032 ] } },
{ "type": "Feature", "properties": { "park_id": "210154", "active_status": "Inactive (rejected)", "audit_status": "Rejected", "live_op_total_cap": null, "approved_ua_total_cap": null, "ua_name": "South Gloucestershire" }, "geometry": { "type": "Point", "coordinates": [ -2.503114799999935, 51.475271400000054 ] } },
{ "type": "Feature", "properties": { "park_id": "210155", "active_status": "Inactive (surplus)", "audit_status": "Approved and implement", "live_op_total_cap": 0, "approved_ua_total_cap": null, "ua_name": "South Gloucestershire" }, "geometry": { "type": "Point", "coordinates": [ -2.501075699999944, 51.489389600000038 ] } },
{ "type": "Feature", "properties": { "park_id": "210156", "active_status": "Inactive (contact landowner)", "audit_status": "Audited - private land", "live_op_total_cap": null, "approved_ua_total_cap": null, "ua_name": "South Gloucestershire" }, "geometry": { "type": "Point", "coordinates": [ -2.576029099999971, 51.528023100000041 ] } },
{ "type": "Feature", "properties": { "park_id": "210157", "active_status": "Inactive (contact landowner)", "audit_status": "Audited - private land", "live_op_total_cap": null, "approved_ua_total_cap": null, "ua_name": "South Gloucestershire" }, "geometry": { "type": "Point", "coordinates": [ -2.575507899999934, 51.527194300000076 ] } },
{ "type": "Feature", "properties": { "park_id": "210158", "active_status": "Active", "audit_status": "Approved and implement", "live_op_total_cap": 10, "approved_ua_total_cap": null, "ua_name": "South Gloucestershire" }, "geometry": { "type": "Point", "coordinates": [ -2.510844, 51.49437 ] } },
{ "type": "Feature", "properties": { "park_id": "210159", "active_status": "Inactive (rejected)", "audit_status": "Rejected", "live_op_total_cap": null, "approved_ua_total_cap": null, "ua_name": "South Gloucestershire" }, "geometry": { "type": "Point", "coordinates": [ -2.543854499999952, 51.533134800000028 ] } },
{ "type": "Feature", "properties": { "park_id": "210160", "active_status": "Active", "audit_status": "Approved and implement", "live_op_total_cap": 6, "approved_ua_total_cap": null, "ua_name": "South Gloucestershire" }, "geometry": { "type": "Point", "coordinates": [ -2.523693799999933, 51.448454300000037 ] } },
{ "type": "Feature", "properties": { "park_id": "210161", "active_status": "Active", "audit_status": "Approved and implement", "live_op_total_cap": 10, "approved_ua_total_cap": null, "ua_name": "South Gloucestershire" }, "geometry": { "type": "Point", "coordinates": [ -2.58154, 51.52194 ] } },
{ "type": "Feature", "properties": { "park_id": "210162", "active_status": "Inactive (undergoing audit process)", "audit_status": "Not yet audited (requested)", "live_op_total_cap": null, "approved_ua_total_cap": null, "ua_name": "South Gloucestershire" }, "geometry": { "type": "Point", "coordinates": [ -2.59867, 51.52721 ] } },
{ "type": "Feature", "properties": { "park_id": "210163", "active_status": "Inactive (undergoing audit process)", "audit_status": "Not yet audited (requested)", "live_op_total_cap": null, "approved_ua_total_cap": null, "ua_name": "South Gloucestershire" }, "geometry": { "type": "Point", "coordinates": [ -2.59836, 51.52713 ] } },
{ "type": "Feature", "properties": { "park_id": "210164", "active_status": "Inactive (undergoing audit process)", "audit_status": "Not yet audited (requested)", "live_op_total_cap": null, "approved_ua_total_cap": null, "ua_name": "South Gloucestershire" }, "geometry": { "type": "Point", "coordinates": [ -2.60327, 51.52218 ] } },
{ "type": "Feature", "properties": { "park_id": "210165", "active_status": "Inactive (undergoing audit process)", "audit_status": "Not yet audited (requested)", "live_op_total_cap": null, "approved_ua_total_cap": null, "ua_name": "South Gloucestershire" }, "geometry": { "type": "Point", "coordinates": [ -2.60161, 51.52223 ] } },
{ "type": "Feature", "properties": { "park_id": "210166", "active_status": "Inactive (undergoing audit process)", "audit_status": "Not yet audited (requested)", "live_op_total_cap": null, "approved_ua_total_cap": null, "ua_name": "South Gloucestershire" }, "geometry": { "type": "Point", "coordinates": [ -2.59786, 51.52242 ] } },
{ "type": "Feature", "properties": { "park_id": "210167", "active_status": "Inactive (undergoing audit process)", "audit_status": "Not yet audited (requested)", "live_op_total_cap": null, "approved_ua_total_cap": null, "ua_name": "South Gloucestershire" }, "geometry": { "type": "Point", "coordinates": [ -2.5919, 51.52249 ] } },
{ "type": "Feature", "properties": { "park_id": "210168", "active_status": "Inactive (undergoing audit process)", "audit_status": "Not yet audited (requested)", "live_op_total_cap": null, "approved_ua_total_cap": null, "ua_name": "South Gloucestershire" }, "geometry": { "type": "Point", "coordinates": [ -2.59201, 51.52244 ] } },
{ "type": "Feature", "properties": { "park_id": "210170", "active_status": "Inactive (undergoing audit process)", "audit_status": "Not yet audited (requested)", "live_op_total_cap": null, "approved_ua_total_cap": null, "ua_name": "South Gloucestershire" }, "geometry": { "type": "Point", "coordinates": [ -2.54387, 51.51472 ] } },
{ "type": "Feature", "properties": { "park_id": "210171", "active_status": "Inactive (undergoing audit process)", "audit_status": "Not yet audited (requested)", "live_op_total_cap": null, "approved_ua_total_cap": null, "ua_name": "South Gloucestershire" }, "geometry": { "type": "Point", "coordinates": [ -2.5454, 51.5145 ] } },
{ "type": "Feature", "properties": { "park_id": "210172", "active_status": "Inactive (undergoing audit process)", "audit_status": "Not yet audited (requested)", "live_op_total_cap": null, "approved_ua_total_cap": null, "ua_name": "South Gloucestershire" }, "geometry": { "type": "Point", "coordinates": [ -2.54358, 51.51452 ] } },
{ "type": "Feature", "properties": { "park_id": "210173", "active_status": "Inactive (undergoing audit process)", "audit_status": "Not yet audited (requested)", "live_op_total_cap": null, "approved_ua_total_cap": null, "ua_name": "South Gloucestershire" }, "geometry": { "type": "Point", "coordinates": [ -2.54393, 51.51415 ] } },
{ "type": "Feature", "properties": { "park_id": "210174", "active_status": "Inactive (undergoing audit process)", "audit_status": "Not yet audited (requested)", "live_op_total_cap": null, "approved_ua_total_cap": null, "ua_name": "South Gloucestershire" }, "geometry": { "type": "Point", "coordinates": [ -2.53212, 51.51203 ] } },
{ "type": "Feature", "properties": { "park_id": "210175", "active_status": "Inactive (undergoing audit process)", "audit_status": "Not yet audited (requested)", "live_op_total_cap": null, "approved_ua_total_cap": null, "ua_name": "South Gloucestershire" }, "geometry": { "type": "Point", "coordinates": [ -2.53049, 51.5116 ] } },
{ "type": "Feature", "properties": { "park_id": "210176", "active_status": "Inactive (undergoing audit process)", "audit_status": "Not yet audited (requested)", "live_op_total_cap": null, "approved_ua_total_cap": null, "ua_name": "South Gloucestershire" }, "geometry": { "type": "Point", "coordinates": [ -2.53098, 51.51138 ] } },
{ "type": "Feature", "properties": { "park_id": "210177", "active_status": "Inactive (undergoing audit process)", "audit_status": "Not yet audited (requested)", "live_op_total_cap": null, "approved_ua_total_cap": null, "ua_name": "South Gloucestershire" }, "geometry": { "type": "Point", "coordinates": [ -2.53568, 51.51004 ] } },
{ "type": "Feature", "properties": { "park_id": "210178", "active_status": "Inactive (undergoing audit process)", "audit_status": "Not yet audited (requested)", "live_op_total_cap": null, "approved_ua_total_cap": null, "ua_name": "South Gloucestershire" }, "geometry": { "type": "Point", "coordinates": [ -2.50311, 51.47727 ] } },
{ "type": "Feature", "properties": { "park_id": "210179", "active_status": "Inactive (undergoing audit process)", "audit_status": "Not yet audited (requested)", "live_op_total_cap": null, "approved_ua_total_cap": null, "ua_name": "South Gloucestershire" }, "geometry": { "type": "Point", "coordinates": [ -2.49303, 51.47338 ] } },
{ "type": "Feature", "properties": { "park_id": "210180", "active_status": "Inactive (undergoing audit process)", "audit_status": "Not yet audited (requested)", "live_op_total_cap": null, "approved_ua_total_cap": null, "ua_name": "South Gloucestershire" }, "geometry": { "type": "Point", "coordinates": [ -2.49112, 51.47344 ] } },
{ "type": "Feature", "properties": { "park_id": "210181", "active_status": "Inactive (undergoing audit process)", "audit_status": "Not yet audited (requested)", "live_op_total_cap": null, "approved_ua_total_cap": null, "ua_name": "South Gloucestershire" }, "geometry": { "type": "Point", "coordinates": [ -2.50663, 51.44548 ] } },
{ "type": "Feature", "properties": { "park_id": "210182", "active_status": "Inactive (undergoing audit process)", "audit_status": "Not yet audited (requested)", "live_op_total_cap": null, "approved_ua_total_cap": null, "ua_name": "South Gloucestershire" }, "geometry": { "type": "Point", "coordinates": [ -2.51586, 51.44079 ] } },
{ "type": "Feature", "properties": { "park_id": "210183", "active_status": "Inactive (undergoing audit process)", "audit_status": "Not yet audited (requested)", "live_op_total_cap": null, "approved_ua_total_cap": null, "ua_name": "South Gloucestershire" }, "geometry": { "type": "Point", "coordinates": [ -2.575356, 51.527008400000057 ] } },
{ "type": "Feature", "properties": { "park_id": "220001", "active_status": "Active", "audit_status": "Approved and implement", "live_op_total_cap": 6, "approved_ua_total_cap": null, "ua_name": "South Gloucestershire" }, "geometry": { "type": "Point", "coordinates": [ -2.46177, 51.42555 ] } },
{ "type": "Feature", "properties": { "park_id": "220002", "active_status": "Deactivated", "audit_status": "Approved and implement", "live_op_total_cap": 0, "approved_ua_total_cap": 8, "ua_name": "South Gloucestershire" }, "geometry": { "type": "Point", "coordinates": [ -2.48292, 51.43246 ] } },
{ "type": "Feature", "properties": { "park_id": "220003", "active_status": "Active", "audit_status": "Approved and implement", "live_op_total_cap": 10, "approved_ua_total_cap": null, "ua_name": "South Gloucestershire" }, "geometry": { "type": "Point", "coordinates": [ -2.47908, 51.43105 ] } },
{ "type": "Feature", "properties": { "park_id": "220004", "active_status": "Active", "audit_status": "Approved and implement", "live_op_total_cap": 10, "approved_ua_total_cap": null, "ua_name": "South Gloucestershire" }, "geometry": { "type": "Point", "coordinates": [ -2.46958, 51.44048 ] } },
{ "type": "Feature", "properties": { "park_id": "220005", "active_status": "Active", "audit_status": "Approved and implement", "live_op_total_cap": 8, "approved_ua_total_cap": null, "ua_name": "South Gloucestershire" }, "geometry": { "type": "Point", "coordinates": [ -2.47383, 51.44092 ] } },
{ "type": "Feature", "properties": { "park_id": "220006", "active_status": "Inactive (surplus)", "audit_status": "Rejected", "live_op_total_cap": null, "approved_ua_total_cap": null, "ua_name": "South Gloucestershire" }, "geometry": { "type": "Point", "coordinates": [ -2.47226, 51.44069 ] } },
{ "type": "Feature", "properties": { "park_id": "220007", "active_status": "Active", "audit_status": "Approved and implement", "live_op_total_cap": 10, "approved_ua_total_cap": null, "ua_name": "South Gloucestershire" }, "geometry": { "type": "Point", "coordinates": [ -2.47579, 51.4439 ] } },
{ "type": "Feature", "properties": { "park_id": "220008", "active_status": "Active", "audit_status": "Approved and implement", "live_op_total_cap": 10, "approved_ua_total_cap": null, "ua_name": "South Gloucestershire" }, "geometry": { "type": "Point", "coordinates": [ -2.47423, 51.44901 ] } },
{ "type": "Feature", "properties": { "park_id": "220009", "active_status": "Active", "audit_status": "Approved and implement", "live_op_total_cap": 8, "approved_ua_total_cap": null, "ua_name": "South Gloucestershire" }, "geometry": { "type": "Point", "coordinates": [ -2.49878, 51.4336 ] } },
{ "type": "Feature", "properties": { "park_id": "220010", "active_status": "Active", "audit_status": "Approved and implement", "live_op_total_cap": 8, "approved_ua_total_cap": null, "ua_name": "South Gloucestershire" }, "geometry": { "type": "Point", "coordinates": [ -2.49449, 51.4337 ] } },
{ "type": "Feature", "properties": { "park_id": "220011", "active_status": "Active", "audit_status": "Approved and implement", "live_op_total_cap": 8, "approved_ua_total_cap": null, "ua_name": "South Gloucestershire" }, "geometry": { "type": "Point", "coordinates": [ -2.49102, 51.43384 ] } },
{ "type": "Feature", "properties": { "park_id": "220012", "active_status": "Inactive (surplus)", "audit_status": "Audited - private land", "live_op_total_cap": null, "approved_ua_total_cap": null, "ua_name": "South Gloucestershire" }, "geometry": { "type": "Point", "coordinates": [ -2.50002, 51.4455 ] } },
{ "type": "Feature", "properties": { "park_id": "220013", "active_status": "Active", "audit_status": "Approved and implement", "live_op_total_cap": 8, "approved_ua_total_cap": null, "ua_name": "South Gloucestershire" }, "geometry": { "type": "Point", "coordinates": [ -2.49732, 51.4453 ] } },
{ "type": "Feature", "properties": { "park_id": "220014", "active_status": "Active", "audit_status": "Approved and implement", "live_op_total_cap": 8, "approved_ua_total_cap": null, "ua_name": "South Gloucestershire" }, "geometry": { "type": "Point", "coordinates": [ -2.48833, 51.44529 ] } },
{ "type": "Feature", "properties": { "park_id": "220015", "active_status": "Active", "audit_status": "Approved and implement", "live_op_total_cap": 10, "approved_ua_total_cap": null, "ua_name": "South Gloucestershire" }, "geometry": { "type": "Point", "coordinates": [ -2.49103, 51.43615 ] } },
{ "type": "Feature", "properties": { "park_id": "220016", "active_status": "Active", "audit_status": "Approved and implement", "live_op_total_cap": 8, "approved_ua_total_cap": null, "ua_name": "South Gloucestershire" }, "geometry": { "type": "Point", "coordinates": [ -2.48524, 51.44132 ] } },
{ "type": "Feature", "properties": { "park_id": "220017", "active_status": "Deactivated", "audit_status": "Approved and implement", "live_op_total_cap": 8, "approved_ua_total_cap": null, "ua_name": "South Gloucestershire" }, "geometry": { "type": "Point", "coordinates": [ -2.48299, 51.44116 ] } },
{ "type": "Feature", "properties": { "park_id": "220018", "active_status": "Active", "audit_status": "Approved and implement", "live_op_total_cap": 8, "approved_ua_total_cap": null, "ua_name": "South Gloucestershire" }, "geometry": { "type": "Point", "coordinates": [ -2.48318, 51.44613 ] } },
{ "type": "Feature", "properties": { "park_id": "220019", "active_status": "Active", "audit_status": "Approved and implement", "live_op_total_cap": 10, "approved_ua_total_cap": null, "ua_name": "South Gloucestershire" }, "geometry": { "type": "Point", "coordinates": [ -2.47749, 51.44774 ] } },
{ "type": "Feature", "properties": { "park_id": "220020", "active_status": "Active", "audit_status": "Approved and implement", "live_op_total_cap": 10, "approved_ua_total_cap": null, "ua_name": "South Gloucestershire" }, "geometry": { "type": "Point", "coordinates": [ -2.47858, 51.44878 ] } },
{ "type": "Feature", "properties": { "park_id": "220021", "active_status": "Active", "audit_status": "Approved and implement", "live_op_total_cap": 8, "approved_ua_total_cap": null, "ua_name": "South Gloucestershire" }, "geometry": { "type": "Point", "coordinates": [ -2.48637, 51.45193 ] } },
{ "type": "Feature", "properties": { "park_id": "220022", "active_status": "Active", "audit_status": "Approved and implement", "live_op_total_cap": 8, "approved_ua_total_cap": null, "ua_name": "South Gloucestershire" }, "geometry": { "type": "Point", "coordinates": [ -2.46317, 51.45773 ] } },
{ "type": "Feature", "properties": { "park_id": "220023", "active_status": "Active", "audit_status": "Approved and implement", "live_op_total_cap": 10, "approved_ua_total_cap": null, "ua_name": "South Gloucestershire" }, "geometry": { "type": "Point", "coordinates": [ -2.47708, 51.46017 ] } },
{ "type": "Feature", "properties": { "park_id": "220024", "active_status": "Active", "audit_status": "Approved and implement", "live_op_total_cap": 12, "approved_ua_total_cap": null, "ua_name": "South Gloucestershire" }, "geometry": { "type": "Point", "coordinates": [ -2.48105, 51.46018 ] } },
{ "type": "Feature", "properties": { "park_id": "220025", "active_status": "Deactivated", "audit_status": "Approved and implement", "live_op_total_cap": 6, "approved_ua_total_cap": null, "ua_name": "South Gloucestershire" }, "geometry": { "type": "Point", "coordinates": [ -2.47314, 51.42951 ] } },
{ "type": "Feature", "properties": { "park_id": "220026", "active_status": "Active", "audit_status": "Approved and implement", "live_op_total_cap": 6, "approved_ua_total_cap": null, "ua_name": "South Gloucestershire" }, "geometry": { "type": "Point", "coordinates": [ -2.47174, 51.43716 ] } },
{ "type": "Feature", "properties": { "park_id": "220027", "active_status": "Active", "audit_status": "Approved and implement", "live_op_total_cap": 6, "approved_ua_total_cap": null, "ua_name": "South Gloucestershire" }, "geometry": { "type": "Point", "coordinates": [ -2.47163, 51.43894 ] } },
{ "type": "Feature", "properties": { "park_id": "220028", "active_status": "Active", "audit_status": "Approved and implement", "live_op_total_cap": 6, "approved_ua_total_cap": null, "ua_name": "South Gloucestershire" }, "geometry": { "type": "Point", "coordinates": [ -2.47515, 51.44022 ] } },
{ "type": "Feature", "properties": { "park_id": "220029", "active_status": "Active", "audit_status": "Approved and implement", "live_op_total_cap": 6, "approved_ua_total_cap": null, "ua_name": "South Gloucestershire" }, "geometry": { "type": "Point", "coordinates": [ -2.47011, 51.44958 ] } },
{ "type": "Feature", "properties": { "park_id": "220030", "active_status": "Active", "audit_status": "Approved and implement", "live_op_total_cap": 6, "approved_ua_total_cap": null, "ua_name": "South Gloucestershire" }, "geometry": { "type": "Point", "coordinates": [ -2.46688, 51.44978 ] } },
{ "type": "Feature", "properties": { "park_id": "220031", "active_status": "Active", "audit_status": "Approved and implement", "live_op_total_cap": 6, "approved_ua_total_cap": null, "ua_name": "South Gloucestershire" }, "geometry": { "type": "Point", "coordinates": [ -2.50213, 51.44292 ] } },
{ "type": "Feature", "properties": { "park_id": "220032", "active_status": "Active", "audit_status": "Approved and implement", "live_op_total_cap": 6, "approved_ua_total_cap": null, "ua_name": "South Gloucestershire" }, "geometry": { "type": "Point", "coordinates": [ -2.50036, 51.44334 ] } },
{ "type": "Feature", "properties": { "park_id": "220033", "active_status": "Active", "audit_status": "Approved and implement", "live_op_total_cap": 6, "approved_ua_total_cap": null, "ua_name": "South Gloucestershire" }, "geometry": { "type": "Point", "coordinates": [ -2.49543, 51.43922 ] } },
{ "type": "Feature", "properties": { "park_id": "220034", "active_status": "Active", "audit_status": "Approved and implement", "live_op_total_cap": 8, "approved_ua_total_cap": null, "ua_name": "South Gloucestershire" }, "geometry": { "type": "Point", "coordinates": [ -2.48984, 51.44411 ] } },
{ "type": "Feature", "properties": { "park_id": "220035", "active_status": "Active", "audit_status": "Approved and implement", "live_op_total_cap": 8, "approved_ua_total_cap": null, "ua_name": "South Gloucestershire" }, "geometry": { "type": "Point", "coordinates": [ -2.48791, 51.44146 ] } },
{ "type": "Feature", "properties": { "park_id": "220036", "active_status": "Active", "audit_status": "Approved and implement", "live_op_total_cap": 6, "approved_ua_total_cap": null, "ua_name": "South Gloucestershire" }, "geometry": { "type": "Point", "coordinates": [ -2.49066, 51.44132 ] } },
{ "type": "Feature", "properties": { "park_id": "220037", "active_status": "Active", "audit_status": "Approved and implement", "live_op_total_cap": 6, "approved_ua_total_cap": null, "ua_name": "South Gloucestershire" }, "geometry": { "type": "Point", "coordinates": [ -2.48252, 51.44469 ] } },
{ "type": "Feature", "properties": { "park_id": "220038", "active_status": "Active", "audit_status": "Approved and implement", "live_op_total_cap": 6, "approved_ua_total_cap": null, "ua_name": "South Gloucestershire" }, "geometry": { "type": "Point", "coordinates": [ -2.4876, 51.44723 ] } },
{ "type": "Feature", "properties": { "park_id": "220039", "active_status": "Active", "audit_status": "Approved and implement", "live_op_total_cap": 6, "approved_ua_total_cap": null, "ua_name": "South Gloucestershire" }, "geometry": { "type": "Point", "coordinates": [ -2.4836, 51.44968 ] } },
{ "type": "Feature", "properties": { "park_id": "220040", "active_status": "Inactive (surplus)", "audit_status": "Approved and implement", "live_op_total_cap": null, "approved_ua_total_cap": null, "ua_name": "South Gloucestershire" }, "geometry": { "type": "Point", "coordinates": [ -2.468119499999943, 51.493633900000077 ] } },
{ "type": "Feature", "properties": { "park_id": "220041", "active_status": "Active", "audit_status": "Approved and implement", "live_op_total_cap": 8, "approved_ua_total_cap": null, "ua_name": "South Gloucestershire" }, "geometry": { "type": "Point", "coordinates": [ -2.468483799999944, 51.495021700000052 ] } },
{ "type": "Feature", "properties": { "park_id": "220042", "active_status": "Active", "audit_status": "Approved and implement", "live_op_total_cap": 6, "approved_ua_total_cap": null, "ua_name": "South Gloucestershire" }, "geometry": { "type": "Point", "coordinates": [ -2.470142599999974, 51.495469400000047 ] } },
{ "type": "Feature", "properties": { "park_id": "220043", "active_status": "Active", "audit_status": "Approved and implement", "live_op_total_cap": 8, "approved_ua_total_cap": null, "ua_name": "South Gloucestershire" }, "geometry": { "type": "Point", "coordinates": [ -2.4706, 51.49809 ] } },
{ "type": "Feature", "properties": { "park_id": "220044", "active_status": "Active", "audit_status": "Approved and implement", "live_op_total_cap": 10, "approved_ua_total_cap": null, "ua_name": "South Gloucestershire" }, "geometry": { "type": "Point", "coordinates": [ -2.476179199999933, 51.499427800000035 ] } },
{ "type": "Feature", "properties": { "park_id": "220045", "active_status": "Inactive (surplus)", "audit_status": "Audited - private land", "live_op_total_cap": null, "approved_ua_total_cap": null, "ua_name": "South Gloucestershire" }, "geometry": { "type": "Point", "coordinates": [ -2.477736399999969, 51.500697700000046 ] } },
{ "type": "Feature", "properties": { "park_id": "220046", "active_status": "Active", "audit_status": "Approved and implement", "live_op_total_cap": 10, "approved_ua_total_cap": null, "ua_name": "South Gloucestershire" }, "geometry": { "type": "Point", "coordinates": [ -2.476409799999942, 51.500873100000035 ] } },
{ "type": "Feature", "properties": { "park_id": "220047", "active_status": "Active", "audit_status": "Approved and implement", "live_op_total_cap": 6, "approved_ua_total_cap": null, "ua_name": "South Gloucestershire" }, "geometry": { "type": "Point", "coordinates": [ -2.469056, 51.50191 ] } },
{ "type": "Feature", "properties": { "park_id": "220048", "active_status": "Active", "audit_status": "Approved and implement", "live_op_total_cap": 6, "approved_ua_total_cap": null, "ua_name": "South Gloucestershire" }, "geometry": { "type": "Point", "coordinates": [ -2.481103399999938, 51.50370410000005 ] } },
{ "type": "Feature", "properties": { "park_id": "220049", "active_status": "Active", "audit_status": "Approved and implement", "live_op_total_cap": 6, "approved_ua_total_cap": null, "ua_name": "South Gloucestershire" }, "geometry": { "type": "Point", "coordinates": [ -2.481835, 51.50469350000003 ] } },
{ "type": "Feature", "properties": { "park_id": "220050", "active_status": "Active", "audit_status": "Approved and implement", "live_op_total_cap": 8, "approved_ua_total_cap": null, "ua_name": "South Gloucestershire" }, "geometry": { "type": "Point", "coordinates": [ -2.502210499999933, 51.516290500000082 ] } },
{ "type": "Feature", "properties": { "park_id": "220051", "active_status": "Active", "audit_status": "Approved and implement", "live_op_total_cap": 6, "approved_ua_total_cap": null, "ua_name": "South Gloucestershire" }, "geometry": { "type": "Point", "coordinates": [ -2.506772, 51.525582200000031 ] } },
{ "type": "Feature", "properties": { "park_id": "220052", "active_status": "Active", "audit_status": "Approved and implement", "live_op_total_cap": 10, "approved_ua_total_cap": null, "ua_name": "South Gloucestershire" }, "geometry": { "type": "Point", "coordinates": [ -2.507272099999966, 51.522811500000046 ] } },
{ "type": "Feature", "properties": { "park_id": "220053", "active_status": "Inactive (undergoing audit process)", "audit_status": "Not yet audited (requested)", "live_op_total_cap": null, "approved_ua_total_cap": null, "ua_name": "South Gloucestershire" }, "geometry": { "type": "Point", "coordinates": [ -2.507853, 51.517951 ] } },
{ "type": "Feature", "properties": { "park_id": "220054", "active_status": "Active", "audit_status": "Approved and implement", "live_op_total_cap": 6, "approved_ua_total_cap": null, "ua_name": "South Gloucestershire" }, "geometry": { "type": "Point", "coordinates": [ -2.504375599999946, 51.518666500000052 ] } },
{ "type": "Feature", "properties": { "park_id": "220055", "active_status": "Active", "audit_status": "Approved and implement", "live_op_total_cap": 8, "approved_ua_total_cap": null, "ua_name": "South Gloucestershire" }, "geometry": { "type": "Point", "coordinates": [ -2.504673299999979, 51.519358300000079 ] } },
{ "type": "Feature", "properties": { "park_id": "220056", "active_status": "Active", "audit_status": "Approved and implement", "live_op_total_cap": 6, "approved_ua_total_cap": null, "ua_name": "South Gloucestershire" }, "geometry": { "type": "Point", "coordinates": [ -2.504867799999943, 51.520732200000054 ] } },
{ "type": "Feature", "properties": { "park_id": "220057", "active_status": "Active", "audit_status": "Approved and implement", "live_op_total_cap": 8, "approved_ua_total_cap": null, "ua_name": "South Gloucestershire" }, "geometry": { "type": "Point", "coordinates": [ -2.501939799999946, 51.519263800000033 ] } },
{ "type": "Feature", "properties": { "park_id": "220058", "active_status": "Active", "audit_status": "Approved and implement", "live_op_total_cap": 8, "approved_ua_total_cap": null, "ua_name": "South Gloucestershire" }, "geometry": { "type": "Point", "coordinates": [ -2.501384899999948, 51.51817120000004 ] } },
{ "type": "Feature", "properties": { "park_id": "220059", "active_status": "Active", "audit_status": "Approved and implement", "live_op_total_cap": 8, "approved_ua_total_cap": null, "ua_name": "South Gloucestershire" }, "geometry": { "type": "Point", "coordinates": [ -2.499376899999959, 51.518365800000026 ] } },
{ "type": "Feature", "properties": { "park_id": "220060", "active_status": "Active", "audit_status": "Approved and implement", "live_op_total_cap": 8, "approved_ua_total_cap": null, "ua_name": "South Gloucestershire" }, "geometry": { "type": "Point", "coordinates": [ -2.499978699999929, 51.519724800000063 ] } },
{ "type": "Feature", "properties": { "park_id": "220061", "active_status": "Active", "audit_status": "Approved and implement", "live_op_total_cap": 6, "approved_ua_total_cap": null, "ua_name": "South Gloucestershire" }, "geometry": { "type": "Point", "coordinates": [ -2.502020499999958, 51.522391200000072 ] } },
{ "type": "Feature", "properties": { "park_id": "220062", "active_status": "Active", "audit_status": "Approved and implement", "live_op_total_cap": 6, "approved_ua_total_cap": null, "ua_name": "South Gloucestershire" }, "geometry": { "type": "Point", "coordinates": [ -2.499511299999938, 51.523647900000071 ] } },
{ "type": "Feature", "properties": { "park_id": "220063", "active_status": "Active", "audit_status": "Approved and implement", "live_op_total_cap": 10, "approved_ua_total_cap": null, "ua_name": "South Gloucestershire" }, "geometry": { "type": "Point", "coordinates": [ -2.503160499999979, 51.526329 ] } },
{ "type": "Feature", "properties": { "park_id": "220064", "active_status": "Active", "audit_status": "Approved and implement", "live_op_total_cap": 6, "approved_ua_total_cap": null, "ua_name": "South Gloucestershire" }, "geometry": { "type": "Point", "coordinates": [ -2.504409, 51.525368800000081 ] } },
{ "type": "Feature", "properties": { "park_id": "220065", "active_status": "Active", "audit_status": "Approved and implement", "live_op_total_cap": 8, "approved_ua_total_cap": null, "ua_name": "South Gloucestershire" }, "geometry": { "type": "Point", "coordinates": [ -2.498132799999951, 51.524319400000081 ] } },
{ "type": "Feature", "properties": { "park_id": "220066", "active_status": "Deactivated", "audit_status": "Approved and implement", "live_op_total_cap": 8, "approved_ua_total_cap": null, "ua_name": "South Gloucestershire" }, "geometry": { "type": "Point", "coordinates": [ -2.501936, 51.529328300000032 ] } },
{ "type": "Feature", "properties": { "park_id": "220067", "active_status": "Active", "audit_status": "Approved and implement", "live_op_total_cap": 8, "approved_ua_total_cap": null, "ua_name": "South Gloucestershire" }, "geometry": { "type": "Point", "coordinates": [ -2.49952449999995, 51.529734400000052 ] } },
{ "type": "Feature", "properties": { "park_id": "220068", "active_status": "Active", "audit_status": "Approved and implement", "live_op_total_cap": 6, "approved_ua_total_cap": null, "ua_name": "South Gloucestershire" }, "geometry": { "type": "Point", "coordinates": [ -2.492836, 51.530502 ] } },
{ "type": "Feature", "properties": { "park_id": "220069", "active_status": "Active", "audit_status": "Approved and implement", "live_op_total_cap": 8, "approved_ua_total_cap": null, "ua_name": "South Gloucestershire" }, "geometry": { "type": "Point", "coordinates": [ -2.492307799999935, 51.53440930000005 ] } },
{ "type": "Feature", "properties": { "park_id": "220070", "active_status": "Active", "audit_status": "Approved and implement", "live_op_total_cap": 6, "approved_ua_total_cap": null, "ua_name": "South Gloucestershire" }, "geometry": { "type": "Point", "coordinates": [ -2.490177699999947, 51.535041300000046 ] } },
{ "type": "Feature", "properties": { "park_id": "220071", "active_status": "Active", "audit_status": "Approved and implement", "live_op_total_cap": 8, "approved_ua_total_cap": null, "ua_name": "South Gloucestershire" }, "geometry": { "type": "Point", "coordinates": [ -2.489360899999951, 51.535172100000068 ] } },
{ "type": "Feature", "properties": { "park_id": "220072", "active_status": "Active", "audit_status": "Approved and implement", "live_op_total_cap": 8, "approved_ua_total_cap": null, "ua_name": "South Gloucestershire" }, "geometry": { "type": "Point", "coordinates": [ -2.495378899999935, 51.534034500000075 ] } },
{ "type": "Feature", "properties": { "park_id": "220073", "active_status": "Active", "audit_status": "Approved and implement", "live_op_total_cap": 6, "approved_ua_total_cap": null, "ua_name": "South Gloucestershire" }, "geometry": { "type": "Point", "coordinates": [ -2.489494599999944, 51.53668650000003 ] } },
{ "type": "Feature", "properties": { "park_id": "220074", "active_status": "Active", "audit_status": "Approved and implement", "live_op_total_cap": 6, "approved_ua_total_cap": null, "ua_name": "South Gloucestershire" }, "geometry": { "type": "Point", "coordinates": [ -2.485325199999977, 51.535051600000031 ] } },
{ "type": "Feature", "properties": { "park_id": "220075", "active_status": "Active", "audit_status": "Approved and implement", "live_op_total_cap": 6, "approved_ua_total_cap": null, "ua_name": "South Gloucestershire" }, "geometry": { "type": "Point", "coordinates": [ -2.48053619999996, 51.532924800000046 ] } },
{ "type": "Feature", "properties": { "park_id": "220076", "active_status": "Active", "audit_status": "Approved and implement", "live_op_total_cap": 10, "approved_ua_total_cap": null, "ua_name": "South Gloucestershire" }, "geometry": { "type": "Point", "coordinates": [ -2.481136899999967, 51.53565720000006 ] } },
{ "type": "Feature", "properties": { "park_id": "220077", "active_status": "Active", "audit_status": "Approved and implement", "live_op_total_cap": 10, "approved_ua_total_cap": null, "ua_name": "South Gloucestershire" }, "geometry": { "type": "Point", "coordinates": [ -2.480952299999956, 51.530990900000063 ] } },
{ "type": "Feature", "properties": { "park_id": "220078", "active_status": "Active", "audit_status": "Approved and implement", "live_op_total_cap": 6, "approved_ua_total_cap": null, "ua_name": "South Gloucestershire" }, "geometry": { "type": "Point", "coordinates": [ -2.476945, 51.531373100000053 ] } },
{ "type": "Feature", "properties": { "park_id": "220079", "active_status": "Active", "audit_status": "Approved and implement", "live_op_total_cap": 6, "approved_ua_total_cap": null, "ua_name": "South Gloucestershire" }, "geometry": { "type": "Point", "coordinates": [ -2.472564599999941, 51.533019 ] } },
{ "type": "Feature", "properties": { "park_id": "220080", "active_status": "Active", "audit_status": "Approved and implement", "live_op_total_cap": 8, "approved_ua_total_cap": null, "ua_name": "South Gloucestershire" }, "geometry": { "type": "Point", "coordinates": [ -2.471342299999947, 51.530652200000077 ] } },
{ "type": "Feature", "properties": { "park_id": "220081", "active_status": "Active", "audit_status": "Approved and implement", "live_op_total_cap": 10, "approved_ua_total_cap": null, "ua_name": "South Gloucestershire" }, "geometry": { "type": "Point", "coordinates": [ -2.471822399999951, 51.529857200000038 ] } },
{ "type": "Feature", "properties": { "park_id": "220082", "active_status": "Active", "audit_status": "Approved and implement", "live_op_total_cap": 8, "approved_ua_total_cap": null, "ua_name": "South Gloucestershire" }, "geometry": { "type": "Point", "coordinates": [ -2.473738799999978, 51.529538500000058 ] } },
{ "type": "Feature", "properties": { "park_id": "220083", "active_status": "Active", "audit_status": "Approved and implement", "live_op_total_cap": 8, "approved_ua_total_cap": null, "ua_name": "South Gloucestershire" }, "geometry": { "type": "Point", "coordinates": [ -2.477736299999947, 51.526862900000026 ] } },
{ "type": "Feature", "properties": { "park_id": "220084", "active_status": "Active", "audit_status": "Approved and implement", "live_op_total_cap": 6, "approved_ua_total_cap": null, "ua_name": "South Gloucestershire" }, "geometry": { "type": "Point", "coordinates": [ -2.481334, 51.52685 ] } },
{ "type": "Feature", "properties": { "park_id": "220085", "active_status": "Active", "audit_status": "Approved and implement", "live_op_total_cap": 6, "approved_ua_total_cap": null, "ua_name": "South Gloucestershire" }, "geometry": { "type": "Point", "coordinates": [ -2.47748409999997, 51.528766400000052 ] } },
{ "type": "Feature", "properties": { "park_id": "220086", "active_status": "Active", "audit_status": "Approved and implement", "live_op_total_cap": 12, "approved_ua_total_cap": null, "ua_name": "South Gloucestershire" }, "geometry": { "type": "Point", "coordinates": [ -2.472350899999981, 51.525306300000068 ] } },
{ "type": "Feature", "properties": { "park_id": "220087", "active_status": "Active", "audit_status": "Approved and implement", "live_op_total_cap": 8, "approved_ua_total_cap": null, "ua_name": "South Gloucestershire" }, "geometry": { "type": "Point", "coordinates": [ -2.467341599999941, 51.527710400000046 ] } },
{ "type": "Feature", "properties": { "park_id": "220088", "active_status": "Active", "audit_status": "Approved and implement", "live_op_total_cap": 10, "approved_ua_total_cap": null, "ua_name": "South Gloucestershire" }, "geometry": { "type": "Point", "coordinates": [ -2.467029199999956, 51.528908100000081 ] } },
{ "type": "Feature", "properties": { "park_id": "220089", "active_status": "Active", "audit_status": "Approved and implement", "live_op_total_cap": 8, "approved_ua_total_cap": null, "ua_name": "South Gloucestershire" }, "geometry": { "type": "Point", "coordinates": [ -2.466233799999941, 51.531233600000064 ] } },
{ "type": "Feature", "properties": { "park_id": "220090", "active_status": "Active", "audit_status": "Approved and implement", "live_op_total_cap": 6, "approved_ua_total_cap": null, "ua_name": "South Gloucestershire" }, "geometry": { "type": "Point", "coordinates": [ -2.461718399999938, 51.531774300000052 ] } },
{ "type": "Feature", "properties": { "park_id": "220091", "active_status": "Active", "audit_status": "Approved and implement", "live_op_total_cap": 8, "approved_ua_total_cap": null, "ua_name": "South Gloucestershire" }, "geometry": { "type": "Point", "coordinates": [ -2.470912099999964, 51.520943400000078 ] } },
{ "type": "Feature", "properties": { "park_id": "220092", "active_status": "Active", "audit_status": "Approved and implement", "live_op_total_cap": 6, "approved_ua_total_cap": null, "ua_name": "South Gloucestershire" }, "geometry": { "type": "Point", "coordinates": [ -2.472207699999956, 51.521109800000033 ] } },
{ "type": "Feature", "properties": { "park_id": "220093", "active_status": "Active", "audit_status": "Approved and implement", "live_op_total_cap": 8, "approved_ua_total_cap": null, "ua_name": "South Gloucestershire" }, "geometry": { "type": "Point", "coordinates": [ -2.471104199999957, 51.521655700000053 ] } },
{ "type": "Feature", "properties": { "park_id": "220094", "active_status": "Active", "audit_status": "Approved and implement", "live_op_total_cap": 6, "approved_ua_total_cap": null, "ua_name": "South Gloucestershire" }, "geometry": { "type": "Point", "coordinates": [ -2.467577099999971, 51.52452210000007 ] } },
{ "type": "Feature", "properties": { "park_id": "220095", "active_status": "Inactive (rejected)", "audit_status": "Approved and implement", "live_op_total_cap": null, "approved_ua_total_cap": null, "ua_name": "South Gloucestershire" }, "geometry": { "type": "Point", "coordinates": [ -2.644713199999956, 51.544901500000037 ] } },
{ "type": "Feature", "properties": { "park_id": "220096", "active_status": "Active", "audit_status": "Audited - private land", "live_op_total_cap": 20, "approved_ua_total_cap": null, "ua_name": "South Gloucestershire" }, "geometry": { "type": "Point", "coordinates": [ -2.612166099999968, 51.530372800000066 ] } },
{ "type": "Feature", "properties": { "park_id": "220097", "active_status": "Inactive (undergoing audit process)", "audit_status": "Audited - private land", "live_op_total_cap": null, "approved_ua_total_cap": null, "ua_name": "South Gloucestershire" }, "geometry": { "type": "Point", "coordinates": [ -2.640481799999975, 51.539553400000045 ] } },
{ "type": "Feature", "properties": { "park_id": "220098", "active_status": "Inactive (rejected)", "audit_status": "Approved and implement", "live_op_total_cap": null, "approved_ua_total_cap": null, "ua_name": "South Gloucestershire" }, "geometry": { "type": "Point", "coordinates": [ -2.645818199999951, 51.548310800000081 ] } },
{ "type": "Feature", "properties": { "park_id": "220099", "active_status": "Inactive (rejected)", "audit_status": "Approved and implement", "live_op_total_cap": null, "approved_ua_total_cap": null, "ua_name": "South Gloucestershire" }, "geometry": { "type": "Point", "coordinates": [ -2.641289099999938, 51.544240400000035 ] } },
{ "type": "Feature", "properties": { "park_id": "220100", "active_status": "Inactive (rejected)", "audit_status": "Approved and implement", "live_op_total_cap": null, "approved_ua_total_cap": null, "ua_name": "South Gloucestershire" }, "geometry": { "type": "Point", "coordinates": [ -2.650859, 51.550994200000048 ] } },
{ "type": "Feature", "properties": { "park_id": "220101", "active_status": "Inactive (rejected)", "audit_status": "Approved and implement", "live_op_total_cap": null, "approved_ua_total_cap": null, "ua_name": "South Gloucestershire" }, "geometry": { "type": "Point", "coordinates": [ -2.645874499999934, 51.548213200000077 ] } },
{ "type": "Feature", "properties": { "park_id": "220102", "active_status": "Inactive (rejected)", "audit_status": "Approved and implement", "live_op_total_cap": null, "approved_ua_total_cap": null, "ua_name": "South Gloucestershire" }, "geometry": { "type": "Point", "coordinates": [ -2.641755199999977, 51.544406700000081 ] } },
{ "type": "Feature", "properties": { "park_id": "220103", "active_status": "Inactive (rejected)", "audit_status": "Approved and implement", "live_op_total_cap": null, "approved_ua_total_cap": null, "ua_name": "South Gloucestershire" }, "geometry": { "type": "Point", "coordinates": [ -2.650695299999938, 51.551005700000076 ] } },
{ "type": "Feature", "properties": { "park_id": "220104", "active_status": "Inactive (rejected)", "audit_status": "Approved and implement", "live_op_total_cap": null, "approved_ua_total_cap": null, "ua_name": "South Gloucestershire" }, "geometry": { "type": "Point", "coordinates": [ -2.644723399999975, 51.54488310000005 ] } },
{ "type": "Feature", "properties": { "park_id": "220105", "active_status": "Inactive (rejected)", "audit_status": "Audited - private land", "live_op_total_cap": null, "approved_ua_total_cap": null, "ua_name": "South Gloucestershire" }, "geometry": { "type": "Point", "coordinates": [ -2.664431499999978, 51.560087800000076 ] } },
{ "type": "Feature", "properties": { "park_id": "220106", "active_status": "Active", "audit_status": "Approved and implement", "live_op_total_cap": 20, "approved_ua_total_cap": null, "ua_name": "South Gloucestershire" }, "geometry": { "type": "Point", "coordinates": [ -2.46814, 51.49403 ] } },
{ "type": "Feature", "properties": { "park_id": "100011", "active_status": "Active", "audit_status": "Approved and implement", "live_op_total_cap": 8, "approved_ua_total_cap": null, "ua_name": "Bath and North East Somerset" }, "geometry": { "type": "Point", "coordinates": [ -2.347282699999937, 51.393695800000046 ] } },
{ "type": "Feature", "properties": { "park_id": "100001", "active_status": "Active", "audit_status": "Approved and implement", "live_op_total_cap": 30, "approved_ua_total_cap": null, "ua_name": "Bath and North East Somerset" }, "geometry": { "type": "Point", "coordinates": [ -2.35843129999995, 51.381844 ] } },
{ "type": "Feature", "properties": { "park_id": "100002", "active_status": "Active", "audit_status": "Approved and implement", "live_op_total_cap": 6, "approved_ua_total_cap": null, "ua_name": "Bath and North East Somerset" }, "geometry": { "type": "Point", "coordinates": [ -2.377385, 51.37665 ] } },
{ "type": "Feature", "properties": { "park_id": "100003", "active_status": "Active", "audit_status": "Approved and implement", "live_op_total_cap": 8, "approved_ua_total_cap": null, "ua_name": "Bath and North East Somerset" }, "geometry": { "type": "Point", "coordinates": [ -2.370635, 51.385917 ] } },
{ "type": "Feature", "properties": { "park_id": "100004", "active_status": "Active", "audit_status": "Approved and implement", "live_op_total_cap": 5, "approved_ua_total_cap": null, "ua_name": "Bath and North East Somerset" }, "geometry": { "type": "Point", "coordinates": [ -2.369966799999929, 51.387026700000035 ] } },
{ "type": "Feature", "properties": { "park_id": "100005", "active_status": "Active", "audit_status": "Approved and implement", "live_op_total_cap": 8, "approved_ua_total_cap": null, "ua_name": "Bath and North East Somerset" }, "geometry": { "type": "Point", "coordinates": [ -2.373674499999936, 51.372925200000054 ] } },
{ "type": "Feature", "properties": { "park_id": "100006", "active_status": "Active", "audit_status": "Approved and implement", "live_op_total_cap": 6, "approved_ua_total_cap": null, "ua_name": "Bath and North East Somerset" }, "geometry": { "type": "Point", "coordinates": [ -2.366123399999935, 51.368376400000045 ] } },
{ "type": "Feature", "properties": { "park_id": "100007", "active_status": "Active", "audit_status": "Approved and implement", "live_op_total_cap": 12, "approved_ua_total_cap": null, "ua_name": "Bath and North East Somerset" }, "geometry": { "type": "Point", "coordinates": [ -2.356371699999954, 51.376551100000029 ] } },
{ "type": "Feature", "properties": { "park_id": "100008", "active_status": "Active", "audit_status": "Approved and implement", "live_op_total_cap": 4, "approved_ua_total_cap": null, "ua_name": "Bath and North East Somerset" }, "geometry": { "type": "Point", "coordinates": [ -2.38829359999994, 51.39287360000003 ] } },
{ "type": "Feature", "properties": { "park_id": "100009", "active_status": "Active", "audit_status": "Approved and implement", "live_op_total_cap": 10, "approved_ua_total_cap": null, "ua_name": "Bath and North East Somerset" }, "geometry": { "type": "Point", "coordinates": [ -2.351290199999937, 51.379891200000031 ] } },
{ "type": "Feature", "properties": { "park_id": "100010", "active_status": "Deactivated", "audit_status": "Approved and implement", "live_op_total_cap": 0, "approved_ua_total_cap": null, "ua_name": "Bath and North East Somerset" }, "geometry": { "type": "Point", "coordinates": [ -2.382675899999924, 51.390940700000044 ] } },
{ "type": "Feature", "properties": { "park_id": "100012", "active_status": "Active", "audit_status": "Approved and implement", "live_op_total_cap": 8, "approved_ua_total_cap": null, "ua_name": "Bath and North East Somerset" }, "geometry": { "type": "Point", "coordinates": [ -2.372128199999963, 51.403028200000051 ] } },
{ "type": "Feature", "properties": { "park_id": "100013", "active_status": "Active", "audit_status": "Approved and implement", "live_op_total_cap": 6, "approved_ua_total_cap": null, "ua_name": "Bath and North East Somerset" }, "geometry": { "type": "Point", "coordinates": [ -2.354089399999964, 51.396802900000068 ] } },
{ "type": "Feature", "properties": { "park_id": "100014", "active_status": "Active", "audit_status": "Approved and implement", "live_op_total_cap": 8, "approved_ua_total_cap": null, "ua_name": "Bath and North East Somerset" }, "geometry": { "type": "Point", "coordinates": [ -2.316647899999964, 51.405052500000068 ] } },
{ "type": "Feature", "properties": { "park_id": "100015", "active_status": "Active", "audit_status": "Approved and implement", "live_op_total_cap": 10, "approved_ua_total_cap": null, "ua_name": "Bath and North East Somerset" }, "geometry": { "type": "Point", "coordinates": [ -2.317089799999962, 51.405249900000058 ] } },
{ "type": "Feature", "properties": { "park_id": "100016", "active_status": "Active", "audit_status": "Approved and implement", "live_op_total_cap": 4, "approved_ua_total_cap": null, "ua_name": "Bath and North East Somerset" }, "geometry": { "type": "Point", "coordinates": [ -2.402089199999978, 51.391151500000035 ] } },
{ "type": "Feature", "properties": { "park_id": "100017", "active_status": "Active", "audit_status": "Approved and implement", "live_op_total_cap": 10, "approved_ua_total_cap": null, "ua_name": "Bath and North East Somerset" }, "geometry": { "type": "Point", "coordinates": [ -2.402062699999931, 51.388521700000069 ] } },
{ "type": "Feature", "properties": { "park_id": "100018", "active_status": "Active", "audit_status": "Approved and implement", "live_op_total_cap": 20, "approved_ua_total_cap": null, "ua_name": "Bath and North East Somerset" }, "geometry": { "type": "Point", "coordinates": [ -2.324898, 51.39189870000007 ] } },
{ "type": "Feature", "properties": { "park_id": "100019", "active_status": "Active", "audit_status": "Approved and implement", "live_op_total_cap": 8, "approved_ua_total_cap": null, "ua_name": "Bath and North East Somerset" }, "geometry": { "type": "Point", "coordinates": [ -2.390881399999955, 51.399643400000059 ] } },
{ "type": "Feature", "properties": { "park_id": "100020", "active_status": "Active", "audit_status": "Approved and implement", "live_op_total_cap": 8, "approved_ua_total_cap": null, "ua_name": "Bath and North East Somerset" }, "geometry": { "type": "Point", "coordinates": [ -2.363426699999934, 51.387859800000058 ] } },
{ "type": "Feature", "properties": { "park_id": "100021", "active_status": "Active", "audit_status": "Approved and implement", "live_op_total_cap": 8, "approved_ua_total_cap": null, "ua_name": "Bath and North East Somerset" }, "geometry": { "type": "Point", "coordinates": [ -2.348624599999937, 51.37511580000006 ] } },
{ "type": "Feature", "properties": { "park_id": "100022", "active_status": "Active", "audit_status": "Approved and implement", "live_op_total_cap": 4, "approved_ua_total_cap": null, "ua_name": "Bath and North East Somerset" }, "geometry": { "type": "Point", "coordinates": [ -2.365784599999927, 51.369928100000038 ] } },
{ "type": "Feature", "properties": { "park_id": "100023", "active_status": "Active", "audit_status": "Approved and implement", "live_op_total_cap": 15, "approved_ua_total_cap": null, "ua_name": "Bath and North East Somerset" }, "geometry": { "type": "Point", "coordinates": [ -2.359807, 51.378573 ] } },
{ "type": "Feature", "properties": { "park_id": "100024", "active_status": "Active", "audit_status": "Approved and implement", "live_op_total_cap": 15, "approved_ua_total_cap": null, "ua_name": "Bath and North East Somerset" }, "geometry": { "type": "Point", "coordinates": [ -2.362565299999972, 51.381400600000063 ] } },
{ "type": "Feature", "properties": { "park_id": "100025", "active_status": "Active", "audit_status": "Approved and implement", "live_op_total_cap": 6, "approved_ua_total_cap": null, "ua_name": "Bath and North East Somerset" }, "geometry": { "type": "Point", "coordinates": [ -2.369761099999948, 51.388369400000045 ] } },
{ "type": "Feature", "properties": { "park_id": "100026", "active_status": "Active", "audit_status": "Approved and implement", "live_op_total_cap": 6, "approved_ua_total_cap": null, "ua_name": "Bath and North East Somerset" }, "geometry": { "type": "Point", "coordinates": [ -2.36168669999995, 51.385032700000068 ] } },
{ "type": "Feature", "properties": { "park_id": "100027", "active_status": "Active", "audit_status": "Approved and implement", "live_op_total_cap": 10, "approved_ua_total_cap": null, "ua_name": "Bath and North East Somerset" }, "geometry": { "type": "Point", "coordinates": [ -2.355998899999975, 51.38071 ] } },
{ "type": "Feature", "properties": { "park_id": "100028", "active_status": "Deactivated", "audit_status": "Approved and implement", "live_op_total_cap": 0, "approved_ua_total_cap": null, "ua_name": "Bath and North East Somerset" }, "geometry": { "type": "Point", "coordinates": [ -2.362934399999972, 51.386307600000066 ] } },
{ "type": "Feature", "properties": { "park_id": "100029", "active_status": "Active", "audit_status": "Approved and implement", "live_op_total_cap": 20, "approved_ua_total_cap": null, "ua_name": "Bath and North East Somerset" }, "geometry": { "type": "Point", "coordinates": [ -2.362823799999944, 51.386017 ] } },
{ "type": "Feature", "properties": { "park_id": "100030", "active_status": "Active", "audit_status": "Approved and implement", "live_op_total_cap": 6, "approved_ua_total_cap": null, "ua_name": "Bath and North East Somerset" }, "geometry": { "type": "Point", "coordinates": [ -2.388753, 51.391716 ] } },
{ "type": "Feature", "properties": { "park_id": "100031", "active_status": "Active", "audit_status": "Approved and implement", "live_op_total_cap": 4, "approved_ua_total_cap": null, "ua_name": "Bath and North East Somerset" }, "geometry": { "type": "Point", "coordinates": [ -2.355838, 51.376679 ] } },
{ "type": "Feature", "properties": { "park_id": "100032", "active_status": "Active", "audit_status": "Approved and implement", "live_op_total_cap": 4, "approved_ua_total_cap": null, "ua_name": "Bath and North East Somerset" }, "geometry": { "type": "Point", "coordinates": [ -2.361985699999934, 51.380272600000069 ] } },
{ "type": "Feature", "properties": { "park_id": "100033", "active_status": "Active", "audit_status": "Approved and implement", "live_op_total_cap": 8, "approved_ua_total_cap": null, "ua_name": "Bath and North East Somerset" }, "geometry": { "type": "Point", "coordinates": [ -2.369523399999935, 51.388525900000047 ] } },
{ "type": "Feature", "properties": { "park_id": "100034", "active_status": "Active", "audit_status": "Approved and implement", "live_op_total_cap": 10, "approved_ua_total_cap": null, "ua_name": "Bath and North East Somerset" }, "geometry": { "type": "Point", "coordinates": [ -2.378160899999955, 51.389182 ] } },
{ "type": "Feature", "properties": { "park_id": "110157", "active_status": "Inactive (rejected)", "audit_status": "Rejected", "live_op_total_cap": null, "approved_ua_total_cap": null, "ua_name": "Bath and North East Somerset" }, "geometry": { "type": "Point", "coordinates": [ -2.4070421, 51.3806758 ] } },
{ "type": "Feature", "properties": { "park_id": "110158", "active_status": "Inactive (rejected)", "audit_status": "Rejected", "live_op_total_cap": null, "approved_ua_total_cap": null, "ua_name": "Bath and North East Somerset" }, "geometry": { "type": "Point", "coordinates": [ -2.3957171, 51.3781634 ] } },
{ "type": "Feature", "properties": { "park_id": "110159", "active_status": "Inactive (rejected)", "audit_status": "Rejected", "live_op_total_cap": null, "approved_ua_total_cap": null, "ua_name": "Bath and North East Somerset" }, "geometry": { "type": "Point", "coordinates": [ -2.3958865, 51.3714358 ] } },
{ "type": "Feature", "properties": { "park_id": "110160", "active_status": "Inactive (rejected)", "audit_status": "Rejected", "live_op_total_cap": null, "approved_ua_total_cap": null, "ua_name": "Bath and North East Somerset" }, "geometry": { "type": "Point", "coordinates": [ -2.3909116, 51.3691349 ] } },
{ "type": "Feature", "properties": { "park_id": "110161", "active_status": "Inactive (rejected)", "audit_status": "Rejected", "live_op_total_cap": null, "approved_ua_total_cap": null, "ua_name": "Bath and North East Somerset" }, "geometry": { "type": "Point", "coordinates": [ -2.3954026, 51.3703161 ] } },
{ "type": "Feature", "properties": { "park_id": "110162", "active_status": "Inactive (rejected)", "audit_status": "Rejected", "live_op_total_cap": null, "approved_ua_total_cap": null, "ua_name": "Bath and North East Somerset" }, "geometry": { "type": "Point", "coordinates": [ -2.3941004, 51.3669378 ] } },
{ "type": "Feature", "properties": { "park_id": "110163", "active_status": "Inactive (rejected)", "audit_status": "Rejected", "live_op_total_cap": null, "approved_ua_total_cap": null, "ua_name": "Bath and North East Somerset" }, "geometry": { "type": "Point", "coordinates": [ -2.3854048, 51.3729004 ] } },
{ "type": "Feature", "properties": { "park_id": "110164", "active_status": "Inactive (rejected)", "audit_status": "Rejected", "live_op_total_cap": null, "approved_ua_total_cap": null, "ua_name": "Bath and North East Somerset" }, "geometry": { "type": "Point", "coordinates": [ -2.3897676, 51.3673892 ] } },
{ "type": "Feature", "properties": { "park_id": "110165", "active_status": "Inactive (rejected)", "audit_status": "Rejected", "live_op_total_cap": null, "approved_ua_total_cap": null, "ua_name": "Bath and North East Somerset" }, "geometry": { "type": "Point", "coordinates": [ -2.3034091, 51.4010723 ] } },
{ "type": "Feature", "properties": { "park_id": "110166", "active_status": "Inactive (rejected)", "audit_status": "Rejected", "live_op_total_cap": null, "approved_ua_total_cap": null, "ua_name": "Bath and North East Somerset" }, "geometry": { "type": "Point", "coordinates": [ -2.3929744, 51.3800705 ] } },
{ "type": "Feature", "properties": { "park_id": "110167", "active_status": "Inactive (rejected)", "audit_status": "Rejected", "live_op_total_cap": null, "approved_ua_total_cap": null, "ua_name": "Bath and North East Somerset" }, "geometry": { "type": "Point", "coordinates": [ -2.3845856, 51.36206940000001 ] } },
{ "type": "Feature", "properties": { "park_id": "110168", "active_status": "Inactive (undergoing audit process)", "audit_status": "Ready for UA review", "live_op_total_cap": null, "approved_ua_total_cap": null, "ua_name": "Bath and North East Somerset" }, "geometry": { "type": "Point", "coordinates": [ -2.401954199526, 51.379937512632218 ] } },
{ "type": "Feature", "properties": { "park_id": "110170", "active_status": "Inactive (undergoing audit process)", "audit_status": "Make changes and resubmit", "live_op_total_cap": null, "approved_ua_total_cap": null, "ua_name": "Bath and North East Somerset" }, "geometry": { "type": "Point", "coordinates": [ -2.390502077432059, 51.371180440497646 ] } },
{ "type": "Feature", "properties": { "park_id": "110171", "active_status": "Inactive (undergoing audit process)", "audit_status": "Make changes and resubmit", "live_op_total_cap": null, "approved_ua_total_cap": null, "ua_name": "Bath and North East Somerset" }, "geometry": { "type": "Point", "coordinates": [ -2.375901666592791, 51.36463833335749 ] } },
{ "type": "Feature", "properties": { "park_id": "110172", "active_status": "Inactive (undergoing audit process)", "audit_status": "Make changes and resubmit", "live_op_total_cap": null, "approved_ua_total_cap": null, "ua_name": "Bath and North East Somerset" }, "geometry": { "type": "Point", "coordinates": [ -2.380248333079973, 51.358534999861831 ] } },
{ "type": "Feature", "properties": { "park_id": "110173", "active_status": "Inactive (undergoing audit process)", "audit_status": "Ready for UA review", "live_op_total_cap": null, "approved_ua_total_cap": null, "ua_name": "Bath and North East Somerset" }, "geometry": { "type": "Point", "coordinates": [ -2.321636533353734, 51.393422400138718 ] } },
{ "type": "Feature", "properties": { "park_id": "220108", "active_status": "Active", "audit_status": "Approved and implement", "live_op_total_cap": null, "approved_ua_total_cap": null, "ua_name": "South Gloucestershire" }, "geometry": { "type": "Point", "coordinates": [ -2.433401699999933, 51.530303300000071 ] } },
{ "type": "Feature", "properties": { "park_id": "220109", "active_status": "Active", "audit_status": "Approved and implement", "live_op_total_cap": null, "approved_ua_total_cap": null, "ua_name": "South Gloucestershire" }, "geometry": { "type": "Point", "coordinates": [ -2.430249599999968, 51.528310100000056 ] } },
{ "type": "Feature", "properties": { "park_id": "220110", "active_status": "Active", "audit_status": "Approved and implement", "live_op_total_cap": null, "approved_ua_total_cap": null, "ua_name": "South Gloucestershire" }, "geometry": { "type": "Point", "coordinates": [ -2.435047899999972, 51.548943300000076 ] } },
{ "type": "Feature", "properties": { "park_id": "220111", "active_status": "Active", "audit_status": "Approved and implement", "live_op_total_cap": null, "approved_ua_total_cap": null, "ua_name": "South Gloucestershire" }, "geometry": { "type": "Point", "coordinates": [ -2.417287599999952, 51.525626200000033 ] } },
{ "type": "Feature", "properties": { "park_id": "220112", "active_status": "Deactivated", "audit_status": "Approved and implement", "live_op_total_cap": null, "approved_ua_total_cap": null, "ua_name": "South Gloucestershire" }, "geometry": { "type": "Point", "coordinates": [ -2.420796, 51.527799800000082 ] } },
{ "type": "Feature", "properties": { "park_id": "220113", "active_status": "Deactivated", "audit_status": "Approved and implement", "live_op_total_cap": null, "approved_ua_total_cap": null, "ua_name": "South Gloucestershire" }, "geometry": { "type": "Point", "coordinates": [ -2.417209799999966, 51.529429 ] } },
{ "type": "Feature", "properties": { "park_id": "220114", "active_status": "Active", "audit_status": "Approved and implement", "live_op_total_cap": null, "approved_ua_total_cap": null, "ua_name": "South Gloucestershire" }, "geometry": { "type": "Point", "coordinates": [ -2.415585499999963, 51.529055800000037 ] } },
{ "type": "Feature", "properties": { "park_id": "220115", "active_status": "Active", "audit_status": "Approved and implement", "live_op_total_cap": null, "approved_ua_total_cap": null, "ua_name": "South Gloucestershire" }, "geometry": { "type": "Point", "coordinates": [ -2.413471099999924, 51.530328 ] } },
{ "type": "Feature", "properties": { "park_id": "220116", "active_status": "Deactivated", "audit_status": "Approved and implement", "live_op_total_cap": null, "approved_ua_total_cap": null, "ua_name": "South Gloucestershire" }, "geometry": { "type": "Point", "coordinates": [ -2.404093599999953, 51.53043050000008 ] } },
{ "type": "Feature", "properties": { "park_id": "220117", "active_status": "Active", "audit_status": "Approved and implement", "live_op_total_cap": null, "approved_ua_total_cap": null, "ua_name": "South Gloucestershire" }, "geometry": { "type": "Point", "coordinates": [ -2.389200399999936, 51.533765500000072 ] } },
{ "type": "Feature", "properties": { "park_id": "220118", "active_status": "Active", "audit_status": "Approved and implement", "live_op_total_cap": null, "approved_ua_total_cap": null, "ua_name": "South Gloucestershire" }, "geometry": { "type": "Point", "coordinates": [ -2.379760699999963, 51.53355490000007 ] } },
{ "type": "Feature", "properties": { "park_id": "220119", "active_status": "Active", "audit_status": "Approved and implement", "live_op_total_cap": null, "approved_ua_total_cap": null, "ua_name": "South Gloucestershire" }, "geometry": { "type": "Point", "coordinates": [ -2.430917799999975, 51.540729500000054 ] } },
{ "type": "Feature", "properties": { "park_id": "220120", "active_status": "Active", "audit_status": "Approved and implement", "live_op_total_cap": null, "approved_ua_total_cap": null, "ua_name": "South Gloucestershire" }, "geometry": { "type": "Point", "coordinates": [ -2.413453699999934, 51.538813600000026 ] } },
{ "type": "Feature", "properties": { "park_id": "220121", "active_status": "Active", "audit_status": "Approved and implement", "live_op_total_cap": null, "approved_ua_total_cap": null, "ua_name": "South Gloucestershire" }, "geometry": { "type": "Point", "coordinates": [ -2.414254799999981, 51.539207900000065 ] } },
{ "type": "Feature", "properties": { "park_id": "220122", "active_status": "Active", "audit_status": "Approved and implement", "live_op_total_cap": null, "approved_ua_total_cap": null, "ua_name": "South Gloucestershire" }, "geometry": { "type": "Point", "coordinates": [ -2.413649799999973, 51.538320500000054 ] } },
{ "type": "Feature", "properties": { "park_id": "220123", "active_status": "Active", "audit_status": "Approved and implement", "live_op_total_cap": null, "approved_ua_total_cap": null, "ua_name": "South Gloucestershire" }, "geometry": { "type": "Point", "coordinates": [ -2.418343899999968, 51.538874400000054 ] } },
{ "type": "Feature", "properties": { "park_id": "220124", "active_status": "Deactivated", "audit_status": "Approved and implement", "live_op_total_cap": null, "approved_ua_total_cap": null, "ua_name": "South Gloucestershire" }, "geometry": { "type": "Point", "coordinates": [ -2.415594099999964, 51.537397500000054 ] } },
{ "type": "Feature", "properties": { "park_id": "220125", "active_status": "Active", "audit_status": "Approved and implement", "live_op_total_cap": null, "approved_ua_total_cap": null, "ua_name": "South Gloucestershire" }, "geometry": { "type": "Point", "coordinates": [ -2.412036599999965, 51.536618200000078 ] } },
{ "type": "Feature", "properties": { "park_id": "220126", "active_status": "Active", "audit_status": "Approved and implement", "live_op_total_cap": null, "approved_ua_total_cap": null, "ua_name": "South Gloucestershire" }, "geometry": { "type": "Point", "coordinates": [ -2.416105799999968, 51.53348260000007 ] } },
{ "type": "Feature", "properties": { "park_id": "220127", "active_status": "Active", "audit_status": "Approved and implement", "live_op_total_cap": null, "approved_ua_total_cap": null, "ua_name": "South Gloucestershire" }, "geometry": { "type": "Point", "coordinates": [ -2.41346139999996, 51.532938100000081 ] } },
{ "type": "Feature", "properties": { "park_id": "220128", "active_status": "Active", "audit_status": "Approved and implement", "live_op_total_cap": null, "approved_ua_total_cap": null, "ua_name": "South Gloucestershire" }, "geometry": { "type": "Point", "coordinates": [ -2.432799299999942, 51.541097 ] } },
{ "type": "Feature", "properties": { "park_id": "220129", "active_status": "Active", "audit_status": "Approved and implement", "live_op_total_cap": null, "approved_ua_total_cap": null, "ua_name": "South Gloucestershire" }, "geometry": { "type": "Point", "coordinates": [ -2.432421099999942, 51.541045300000064 ] } },
{ "type": "Feature", "properties": { "park_id": "220130", "active_status": "Active", "audit_status": "Approved and implement", "live_op_total_cap": null, "approved_ua_total_cap": null, "ua_name": "South Gloucestershire" }, "geometry": { "type": "Point", "coordinates": [ -2.428529499999968, 51.533311600000047 ] } },
{ "type": "Feature", "properties": { "park_id": "220131", "active_status": "Active", "audit_status": "Approved and implement", "live_op_total_cap": null, "approved_ua_total_cap": null, "ua_name": "South Gloucestershire" }, "geometry": { "type": "Point", "coordinates": [ -2.418796399999962, 51.532994600000052 ] } },
{ "type": "Feature", "properties": { "park_id": "220132", "active_status": "Active", "audit_status": "Approved and implement", "live_op_total_cap": null, "approved_ua_total_cap": null, "ua_name": "South Gloucestershire" }, "geometry": { "type": "Point", "coordinates": [ -2.422116099999926, 51.533307800000046 ] } },
{ "type": "Feature", "properties": { "park_id": "220133", "active_status": "Active", "audit_status": "Approved and implement", "live_op_total_cap": null, "approved_ua_total_cap": null, "ua_name": "South Gloucestershire" }, "geometry": { "type": "Point", "coordinates": [ -2.421645499999954, 51.53400090000008 ] } },
{ "type": "Feature", "properties": { "park_id": "220134", "active_status": "Active", "audit_status": "Approved and implement", "live_op_total_cap": null, "approved_ua_total_cap": null, "ua_name": "South Gloucestershire" }, "geometry": { "type": "Point", "coordinates": [ -2.422798899999975, 51.53914130000004 ] } },
{ "type": "Feature", "properties": { "park_id": "220135", "active_status": "Active", "audit_status": "Approved and implement", "live_op_total_cap": null, "approved_ua_total_cap": null, "ua_name": "South Gloucestershire" }, "geometry": { "type": "Point", "coordinates": [ -2.440117399999963, 51.540112800000031 ] } },
{ "type": "Feature", "properties": { "park_id": "220136", "active_status": "Active", "audit_status": "Approved and implement", "live_op_total_cap": null, "approved_ua_total_cap": null, "ua_name": "South Gloucestershire" }, "geometry": { "type": "Point", "coordinates": [ -2.435575799999981, 51.551086600000076 ] } },
{ "type": "Feature", "properties": { "park_id": "220137", "active_status": "Active", "audit_status": "Approved and implement", "live_op_total_cap": null, "approved_ua_total_cap": null, "ua_name": "South Gloucestershire" }, "geometry": { "type": "Point", "coordinates": [ -2.391125899999963, 51.535340400000052 ] } },
{ "type": "Feature", "properties": { "park_id": "220138", "active_status": "Active", "audit_status": "Approved and implement", "live_op_total_cap": null, "approved_ua_total_cap": null, "ua_name": "South Gloucestershire" }, "geometry": { "type": "Point", "coordinates": [ -2.389762699999949, 51.539212600000042 ] } },
{ "type": "Feature", "properties": { "park_id": "220139", "active_status": "Deactivated", "audit_status": "Approved and implement", "live_op_total_cap": null, "approved_ua_total_cap": null, "ua_name": "South Gloucestershire" }, "geometry": { "type": "Point", "coordinates": [ -2.388166499999954, 51.538238100000058 ] } },
{ "type": "Feature", "properties": { "park_id": "220140", "active_status": "Active", "audit_status": "Approved and implement", "live_op_total_cap": null, "approved_ua_total_cap": null, "ua_name": "South Gloucestershire" }, "geometry": { "type": "Point", "coordinates": [ -2.396232199999929, 51.540927500000066 ] } },
{ "type": "Feature", "properties": { "park_id": "220141", "active_status": "Active", "audit_status": "Approved and implement", "live_op_total_cap": null, "approved_ua_total_cap": null, "ua_name": "South Gloucestershire" }, "geometry": { "type": "Point", "coordinates": [ -2.399767399999973, 51.536799700000074 ] } },
{ "type": "Feature", "properties": { "park_id": "220142", "active_status": "Deactivated", "audit_status": "Approved and implement", "live_op_total_cap": null, "approved_ua_total_cap": null, "ua_name": "South Gloucestershire" }, "geometry": { "type": "Point", "coordinates": [ -2.400680299999976, 51.536602600000037 ] } },
{ "type": "Feature", "properties": { "park_id": "220143", "active_status": "Active", "audit_status": "Approved and implement", "live_op_total_cap": null, "approved_ua_total_cap": null, "ua_name": "South Gloucestershire" }, "geometry": { "type": "Point", "coordinates": [ -2.409750799999927, 51.540328500000044 ] } },
{ "type": "Feature", "properties": { "park_id": "220144", "active_status": "Active", "audit_status": "Approved and implement", "live_op_total_cap": null, "approved_ua_total_cap": null, "ua_name": "South Gloucestershire" }, "geometry": { "type": "Point", "coordinates": [ -2.40698029999993, 51.542867800000067 ] } },
{ "type": "Feature", "properties": { "park_id": "220145", "active_status": "Active", "audit_status": "Approved and implement", "live_op_total_cap": null, "approved_ua_total_cap": null, "ua_name": "South Gloucestershire" }, "geometry": { "type": "Point", "coordinates": [ -2.420683299999951, 51.558873500000061 ] } },
{ "type": "Feature", "properties": { "park_id": "220146", "active_status": "Active", "audit_status": "Approved and implement", "live_op_total_cap": null, "approved_ua_total_cap": null, "ua_name": "South Gloucestershire" }, "geometry": { "type": "Point", "coordinates": [ -2.41709579999997, 51.558511 ] } },
{ "type": "Feature", "properties": { "park_id": "220147", "active_status": "Active", "audit_status": "Approved and implement", "live_op_total_cap": null, "approved_ua_total_cap": null, "ua_name": "South Gloucestershire" }, "geometry": { "type": "Point", "coordinates": [ -2.424497499999973, 51.545306200000027 ] } },
{ "type": "Feature", "properties": { "park_id": "220148", "active_status": "Active", "audit_status": "Approved and implement", "live_op_total_cap": null, "approved_ua_total_cap": null, "ua_name": "South Gloucestershire" }, "geometry": { "type": "Point", "coordinates": [ -2.424711899999977, 51.547566 ] } },
{ "type": "Feature", "properties": { "park_id": "220149", "active_status": "Active", "audit_status": "Approved and implement", "live_op_total_cap": null, "approved_ua_total_cap": null, "ua_name": "South Gloucestershire" }, "geometry": { "type": "Point", "coordinates": [ -2.423921699999937, 51.54376220000006 ] } },
{ "type": "Feature", "properties": { "park_id": "220150", "active_status": "Active", "audit_status": "Approved and implement", "live_op_total_cap": null, "approved_ua_total_cap": null, "ua_name": "South Gloucestershire" }, "geometry": { "type": "Point", "coordinates": [ -2.424806399999966, 51.540835 ] } },
{ "type": "Feature", "properties": { "park_id": "220151", "active_status": "Active", "audit_status": "Approved and implement", "live_op_total_cap": null, "approved_ua_total_cap": null, "ua_name": "South Gloucestershire" }, "geometry": { "type": "Point", "coordinates": [ -2.422257899999977, 51.544844300000079 ] } },
{ "type": "Feature", "properties": { "park_id": "220152", "active_status": "Active", "audit_status": "Approved and implement", "live_op_total_cap": null, "approved_ua_total_cap": null, "ua_name": "South Gloucestershire" }, "geometry": { "type": "Point", "coordinates": [ -2.419606599999952, 51.543955200000028 ] } },
{ "type": "Feature", "properties": { "park_id": "220153", "active_status": "Active", "audit_status": "Approved and implement", "live_op_total_cap": null, "approved_ua_total_cap": null, "ua_name": "South Gloucestershire" }, "geometry": { "type": "Point", "coordinates": [ -2.421848299999965, 51.542550100000028 ] } },
{ "type": "Feature", "properties": { "park_id": "220154", "active_status": "Active", "audit_status": "Approved and implement", "live_op_total_cap": null, "approved_ua_total_cap": null, "ua_name": "South Gloucestershire" }, "geometry": { "type": "Point", "coordinates": [ -2.413488, 51.541906800000049 ] } },
{ "type": "Feature", "properties": { "park_id": "220155", "active_status": "Active", "audit_status": "Approved and implement", "live_op_total_cap": null, "approved_ua_total_cap": null, "ua_name": "South Gloucestershire" }, "geometry": { "type": "Point", "coordinates": [ -2.41129959999995, 51.542623400000082 ] } },
{ "type": "Feature", "properties": { "park_id": "220156", "active_status": "Active", "audit_status": "Approved and implement", "live_op_total_cap": null, "approved_ua_total_cap": null, "ua_name": "South Gloucestershire" }, "geometry": { "type": "Point", "coordinates": [ -2.418975899999964, 51.541017600000032 ] } },
{ "type": "Feature", "properties": { "park_id": "220157", "active_status": "Active", "audit_status": "Approved and implement", "live_op_total_cap": null, "approved_ua_total_cap": null, "ua_name": "South Gloucestershire" }, "geometry": { "type": "Point", "coordinates": [ -2.409832199999926, 51.539933200000064 ] } },
{ "type": "Feature", "properties": { "park_id": "220158", "active_status": "Deactivated", "audit_status": "Approved and implement", "live_op_total_cap": null, "approved_ua_total_cap": null, "ua_name": "South Gloucestershire" }, "geometry": { "type": "Point", "coordinates": [ -2.421935299999973, 51.550032900000076 ] } },
{ "type": "Feature", "properties": { "park_id": "220159", "active_status": "Deactivated", "audit_status": "Approved and implement", "live_op_total_cap": null, "approved_ua_total_cap": null, "ua_name": "South Gloucestershire" }, "geometry": { "type": "Point", "coordinates": [ -2.388496399999951, 51.537911100000031 ] } },
{ "type": "Feature", "properties": { "park_id": "220160", "active_status": "Inactive (surplus)", "audit_status": "Approved and implement", "live_op_total_cap": null, "approved_ua_total_cap": null, "ua_name": "South Gloucestershire" }, "geometry": { "type": "Point", "coordinates": [ -2.429700899999943, 51.528379500000028 ] } },
{ "type": "Feature", "properties": { "park_id": "220161", "active_status": "Inactive (surplus)", "audit_status": "Approved and implement", "live_op_total_cap": null, "approved_ua_total_cap": null, "ua_name": "South Gloucestershire" }, "geometry": { "type": "Point", "coordinates": [ -2.420116299999961, 51.528048800000079 ] } },
{ "type": "Feature", "properties": { "park_id": "220162", "active_status": "Inactive (surplus)", "audit_status": "Approved and implement", "live_op_total_cap": null, "approved_ua_total_cap": null, "ua_name": "South Gloucestershire" }, "geometry": { "type": "Point", "coordinates": [ -2.419005099999936, 51.53911880000004 ] } },
{ "type": "Feature", "properties": { "park_id": "220163", "active_status": "Inactive (surplus)", "audit_status": "Approved and implement", "live_op_total_cap": null, "approved_ua_total_cap": null, "ua_name": "South Gloucestershire" }, "geometry": { "type": "Point", "coordinates": [ -2.41457939999998, 51.536820100000057 ] } },
{ "type": "Feature", "properties": { "park_id": "220164", "active_status": "Inactive (surplus)", "audit_status": "Approved and implement", "live_op_total_cap": null, "approved_ua_total_cap": null, "ua_name": "South Gloucestershire" }, "geometry": { "type": "Point", "coordinates": [ -2.416485299999977, 51.533328200000028 ] } },
{ "type": "Feature", "properties": { "park_id": "220165", "active_status": "Inactive (surplus)", "audit_status": "Approved and implement", "live_op_total_cap": null, "approved_ua_total_cap": null, "ua_name": "South Gloucestershire" }, "geometry": { "type": "Point", "coordinates": [ -2.415233699999931, 51.533189600000071 ] } },
{ "type": "Feature", "properties": { "park_id": "220166", "active_status": "Inactive (surplus)", "audit_status": "Approved and implement", "live_op_total_cap": null, "approved_ua_total_cap": null, "ua_name": "South Gloucestershire" }, "geometry": { "type": "Point", "coordinates": [ -2.414552399999934, 51.533174600000052 ] } },
{ "type": "Feature", "properties": { "park_id": "220167", "active_status": "Inactive (surplus)", "audit_status": "Approved and implement", "live_op_total_cap": null, "approved_ua_total_cap": null, "ua_name": "South Gloucestershire" }, "geometry": { "type": "Point", "coordinates": [ -2.411548799999935, 51.537357200000031 ] } },
{ "type": "Feature", "properties": { "park_id": "220168", "active_status": "Inactive (surplus)", "audit_status": "Approved and implement", "live_op_total_cap": null, "approved_ua_total_cap": null, "ua_name": "South Gloucestershire" }, "geometry": { "type": "Point", "coordinates": [ -2.394014199999958, 51.53823310000007 ] } },
{ "type": "Feature", "properties": { "park_id": "220169", "active_status": "Inactive (surplus)", "audit_status": "Approved and implement", "live_op_total_cap": null, "approved_ua_total_cap": null, "ua_name": "South Gloucestershire" }, "geometry": { "type": "Point", "coordinates": [ -2.393587799999978, 51.53825130000007 ] } },
{ "type": "Feature", "properties": { "park_id": "220170", "active_status": "Inactive (surplus)", "audit_status": "Approved and implement", "live_op_total_cap": null, "approved_ua_total_cap": null, "ua_name": "South Gloucestershire" }, "geometry": { "type": "Point", "coordinates": [ -2.389750299999946, 51.537671700000033 ] } },
{ "type": "Feature", "properties": { "park_id": "220171", "active_status": "Inactive (surplus)", "audit_status": "Approved and implement", "live_op_total_cap": null, "approved_ua_total_cap": null, "ua_name": "South Gloucestershire" }, "geometry": { "type": "Point", "coordinates": [ -2.398648199999968, 51.537044600000058 ] } },
{ "type": "Feature", "properties": { "park_id": "220172", "active_status": "Inactive (surplus)", "audit_status": "Approved and implement", "live_op_total_cap": null, "approved_ua_total_cap": null, "ua_name": "South Gloucestershire" }, "geometry": { "type": "Point", "coordinates": [ -2.425170599999944, 51.546840400000065 ] } },
{ "type": "Feature", "properties": { "park_id": "220173", "active_status": "Inactive (surplus)", "audit_status": "Approved and implement", "live_op_total_cap": null, "approved_ua_total_cap": null, "ua_name": "South Gloucestershire" }, "geometry": { "type": "Point", "coordinates": [ -2.425308499999971, 51.543724400000031 ] } },
{ "type": "Feature", "properties": { "park_id": "220174", "active_status": "Inactive (surplus)", "audit_status": "Approved and implement", "live_op_total_cap": null, "approved_ua_total_cap": null, "ua_name": "South Gloucestershire" }, "geometry": { "type": "Point", "coordinates": [ -2.424885, 51.543584 ] } },
{ "type": "Feature", "properties": { "park_id": "220175", "active_status": "Inactive (contact landowner)", "audit_status": "Approved and implement", "live_op_total_cap": null, "approved_ua_total_cap": null, "ua_name": "South Gloucestershire" }, "geometry": { "type": "Point", "coordinates": [ -2.424616599999979, 51.54210020000005 ] } },
{ "type": "Feature", "properties": { "park_id": "220176", "active_status": "Inactive (surplus)", "audit_status": "Approved and implement", "live_op_total_cap": null, "approved_ua_total_cap": null, "ua_name": "South Gloucestershire" }, "geometry": { "type": "Point", "coordinates": [ -2.422231899999929, 51.542973800000027 ] } },
{ "type": "Feature", "properties": { "park_id": "220177", "active_status": "Inactive (surplus)", "audit_status": "Approved and implement", "live_op_total_cap": null, "approved_ua_total_cap": null, "ua_name": "South Gloucestershire" }, "geometry": { "type": "Point", "coordinates": [ -2.411825299999975, 51.542136300000038 ] } },
{ "type": "Feature", "properties": { "park_id": "220178", "active_status": "Inactive (rejected)", "audit_status": "Rejected", "live_op_total_cap": null, "approved_ua_total_cap": null, "ua_name": "South Gloucestershire" }, "geometry": { "type": "Point", "coordinates": [ -2.460031599999979, 51.550975600000072 ] } },
{ "type": "Feature", "properties": { "park_id": "220179", "active_status": "Inactive (rejected)", "audit_status": "Rejected", "live_op_total_cap": null, "approved_ua_total_cap": null, "ua_name": "South Gloucestershire" }, "geometry": { "type": "Point", "coordinates": [ -2.467551199999946, 51.550706200000036 ] } },
{ "type": "Feature", "properties": { "park_id": "220180", "active_status": "Inactive (rejected)", "audit_status": "Rejected", "live_op_total_cap": null, "approved_ua_total_cap": null, "ua_name": "South Gloucestershire" }, "geometry": { "type": "Point", "coordinates": [ -2.421089599999959, 51.53011280000004 ] } },
{ "type": "Feature", "properties": { "park_id": "220181", "active_status": "Inactive (rejected)", "audit_status": "Rejected", "live_op_total_cap": null, "approved_ua_total_cap": null, "ua_name": "South Gloucestershire" }, "geometry": { "type": "Point", "coordinates": [ -2.423248, 51.533449500000074 ] } },
{ "type": "Feature", "properties": { "park_id": "220182", "active_status": "Inactive (rejected)", "audit_status": "Rejected", "live_op_total_cap": null, "approved_ua_total_cap": null, "ua_name": "South Gloucestershire" }, "geometry": { "type": "Point", "coordinates": [ -2.436348599999974, 51.540596500000049 ] } },
{ "type": "Feature", "properties": { "park_id": "220183", "active_status": "Inactive (rejected)", "audit_status": "Rejected", "live_op_total_cap": null, "approved_ua_total_cap": null, "ua_name": "South Gloucestershire" }, "geometry": { "type": "Point", "coordinates": [ -2.436206199999958, 51.540763900000059 ] } },
{ "type": "Feature", "properties": { "park_id": "220184", "active_status": "Inactive (rejected)", "audit_status": "Rejected", "live_op_total_cap": null, "approved_ua_total_cap": null, "ua_name": "South Gloucestershire" }, "geometry": { "type": "Point", "coordinates": [ -2.433569399999953, 51.542912500000057 ] } },
{ "type": "Feature", "properties": { "park_id": "220185", "active_status": "Inactive (rejected)", "audit_status": "Rejected", "live_op_total_cap": null, "approved_ua_total_cap": null, "ua_name": "South Gloucestershire" }, "geometry": { "type": "Point", "coordinates": [ -2.435728599999948, 51.542432900000051 ] } },
{ "type": "Feature", "properties": { "park_id": "220186", "active_status": "Inactive (rejected)", "audit_status": "Rejected", "live_op_total_cap": null, "approved_ua_total_cap": null, "ua_name": "South Gloucestershire" }, "geometry": { "type": "Point", "coordinates": [ -2.436155799999938, 51.543291 ] } },
{ "type": "Feature", "properties": { "park_id": "220187", "active_status": "Inactive (rejected)", "audit_status": "Rejected", "live_op_total_cap": null, "approved_ua_total_cap": null, "ua_name": "South Gloucestershire" }, "geometry": { "type": "Point", "coordinates": [ -2.434918599999946, 51.549257900000043 ] } },
{ "type": "Feature", "properties": { "park_id": "220188", "active_status": "Inactive (rejected)", "audit_status": "Rejected", "live_op_total_cap": null, "approved_ua_total_cap": null, "ua_name": "South Gloucestershire" }, "geometry": { "type": "Point", "coordinates": [ -2.393012499999941, 51.535602800000049 ] } },
{ "type": "Feature", "properties": { "park_id": "220189", "active_status": "Inactive (rejected)", "audit_status": "Rejected", "live_op_total_cap": null, "approved_ua_total_cap": null, "ua_name": "South Gloucestershire" }, "geometry": { "type": "Point", "coordinates": [ -2.382920399999932, 51.536053600000059 ] } },
{ "type": "Feature", "properties": { "park_id": "220190", "active_status": "Inactive (rejected)", "audit_status": "Rejected", "live_op_total_cap": null, "approved_ua_total_cap": null, "ua_name": "South Gloucestershire" }, "geometry": { "type": "Point", "coordinates": [ -2.383473099999946, 51.534886200000074 ] } },
{ "type": "Feature", "properties": { "park_id": "220191", "active_status": "Inactive (rejected)", "audit_status": "Rejected", "live_op_total_cap": null, "approved_ua_total_cap": null, "ua_name": "South Gloucestershire" }, "geometry": { "type": "Point", "coordinates": [ -2.389897499999961, 51.535360400000059 ] } },
{ "type": "Feature", "properties": { "park_id": "220192", "active_status": "Inactive (rejected)", "audit_status": "Rejected", "live_op_total_cap": null, "approved_ua_total_cap": null, "ua_name": "South Gloucestershire" }, "geometry": { "type": "Point", "coordinates": [ -2.388760199999979, 51.535151600000063 ] } },
{ "type": "Feature", "properties": { "park_id": "220193", "active_status": "Inactive (rejected)", "audit_status": "Rejected", "live_op_total_cap": null, "approved_ua_total_cap": null, "ua_name": "South Gloucestershire" }, "geometry": { "type": "Point", "coordinates": [ -2.391902799999968, 51.538458500000047 ] } },
{ "type": "Feature", "properties": { "park_id": "220194", "active_status": "Inactive (rejected)", "audit_status": "Rejected", "live_op_total_cap": null, "approved_ua_total_cap": null, "ua_name": "South Gloucestershire" }, "geometry": { "type": "Point", "coordinates": [ -2.386032399999976, 51.535595600000079 ] } },
{ "type": "Feature", "properties": { "park_id": "220195", "active_status": "Inactive (rejected)", "audit_status": "Rejected", "live_op_total_cap": null, "approved_ua_total_cap": null, "ua_name": "South Gloucestershire" }, "geometry": { "type": "Point", "coordinates": [ -2.395800299999962, 51.541684300000043 ] } },
{ "type": "Feature", "properties": { "park_id": "220196", "active_status": "Inactive (rejected)", "audit_status": "Rejected", "live_op_total_cap": null, "approved_ua_total_cap": null, "ua_name": "South Gloucestershire" }, "geometry": { "type": "Point", "coordinates": [ -2.390038899999979, 51.539096700000073 ] } },
{ "type": "Feature", "properties": { "park_id": "220197", "active_status": "Inactive (rejected)", "audit_status": "Rejected", "live_op_total_cap": null, "approved_ua_total_cap": null, "ua_name": "South Gloucestershire" }, "geometry": { "type": "Point", "coordinates": [ -2.397378599999968, 51.540864900000031 ] } },
{ "type": "Feature", "properties": { "park_id": "220198", "active_status": "Inactive (rejected)", "audit_status": "Rejected", "live_op_total_cap": null, "approved_ua_total_cap": null, "ua_name": "South Gloucestershire" }, "geometry": { "type": "Point", "coordinates": [ -2.393156199999964, 51.541152300000078 ] } },
{ "type": "Feature", "properties": { "park_id": "220199", "active_status": "Inactive (rejected)", "audit_status": "Rejected", "live_op_total_cap": null, "approved_ua_total_cap": null, "ua_name": "South Gloucestershire" }, "geometry": { "type": "Point", "coordinates": [ -2.393872, 51.539108300000066 ] } },
{ "type": "Feature", "properties": { "park_id": "220200", "active_status": "Inactive (rejected)", "audit_status": "Rejected", "live_op_total_cap": null, "approved_ua_total_cap": null, "ua_name": "South Gloucestershire" }, "geometry": { "type": "Point", "coordinates": [ -2.386464699999976, 51.537357400000076 ] } },
{ "type": "Feature", "properties": { "park_id": "220201", "active_status": "Inactive (rejected)", "audit_status": "Rejected", "live_op_total_cap": null, "approved_ua_total_cap": null, "ua_name": "South Gloucestershire" }, "geometry": { "type": "Point", "coordinates": [ -2.387286599999925, 51.540981200000033 ] } },
{ "type": "Feature", "properties": { "park_id": "220202", "active_status": "Inactive (rejected)", "audit_status": "Rejected", "live_op_total_cap": null, "approved_ua_total_cap": null, "ua_name": "South Gloucestershire" }, "geometry": { "type": "Point", "coordinates": [ -2.397099199999957, 51.536130400000047 ] } },
{ "type": "Feature", "properties": { "park_id": "220203", "active_status": "Inactive (rejected)", "audit_status": "Rejected", "live_op_total_cap": null, "approved_ua_total_cap": null, "ua_name": "South Gloucestershire" }, "geometry": { "type": "Point", "coordinates": [ -2.403935899999965, 51.54017790000006 ] } },
{ "type": "Feature", "properties": { "park_id": "220204", "active_status": "Inactive (rejected)", "audit_status": "Rejected", "live_op_total_cap": null, "approved_ua_total_cap": null, "ua_name": "South Gloucestershire" }, "geometry": { "type": "Point", "coordinates": [ -2.401962599999933, 51.538688300000047 ] } },
{ "type": "Feature", "properties": { "park_id": "220205", "active_status": "Inactive (rejected)", "audit_status": "Rejected", "live_op_total_cap": null, "approved_ua_total_cap": null, "ua_name": "South Gloucestershire" }, "geometry": { "type": "Point", "coordinates": [ -2.405182199999956, 51.542358700000079 ] } },
{ "type": "Feature", "properties": { "park_id": "220206", "active_status": "Inactive (rejected)", "audit_status": "Rejected", "live_op_total_cap": null, "approved_ua_total_cap": null, "ua_name": "South Gloucestershire" }, "geometry": { "type": "Point", "coordinates": [ -2.40712259999998, 51.543686900000068 ] } },
{ "type": "Feature", "properties": { "park_id": "220207", "active_status": "Inactive (rejected)", "audit_status": "Rejected", "live_op_total_cap": null, "approved_ua_total_cap": null, "ua_name": "South Gloucestershire" }, "geometry": { "type": "Point", "coordinates": [ -2.402889499999958, 51.544320500000026 ] } },
{ "type": "Feature", "properties": { "park_id": "220208", "active_status": "Inactive (rejected)", "audit_status": "Rejected", "live_op_total_cap": null, "approved_ua_total_cap": null, "ua_name": "South Gloucestershire" }, "geometry": { "type": "Point", "coordinates": [ -2.407647, 51.547211800000071 ] } },
{ "type": "Feature", "properties": { "park_id": "220209", "active_status": "Inactive (rejected)", "audit_status": "Rejected", "live_op_total_cap": null, "approved_ua_total_cap": null, "ua_name": "South Gloucestershire" }, "geometry": { "type": "Point", "coordinates": [ -2.410914899999966, 51.552003200000058 ] } },
{ "type": "Feature", "properties": { "park_id": "220210", "active_status": "Inactive (rejected)", "audit_status": "Rejected", "live_op_total_cap": null, "approved_ua_total_cap": null, "ua_name": "South Gloucestershire" }, "geometry": { "type": "Point", "coordinates": [ -2.412018699999976, 51.551792300000045 ] } },
{ "type": "Feature", "properties": { "park_id": "220211", "active_status": "Inactive (rejected)", "audit_status": "Rejected", "live_op_total_cap": null, "approved_ua_total_cap": null, "ua_name": "South Gloucestershire" }, "geometry": { "type": "Point", "coordinates": [ -2.420748099999969, 51.560635800000057 ] } },
{ "type": "Feature", "properties": { "park_id": "220212", "active_status": "Inactive (rejected)", "audit_status": "Rejected", "live_op_total_cap": null, "approved_ua_total_cap": null, "ua_name": "South Gloucestershire" }, "geometry": { "type": "Point", "coordinates": [ -2.42078859999998, 51.561205400000063 ] } },
{ "type": "Feature", "properties": { "park_id": "220213", "active_status": "Inactive (rejected)", "audit_status": "Rejected", "live_op_total_cap": null, "approved_ua_total_cap": null, "ua_name": "South Gloucestershire" }, "geometry": { "type": "Point", "coordinates": [ -2.421208099999944, 51.56312760000003 ] } },
{ "type": "Feature", "properties": { "park_id": "220214", "active_status": "Inactive (rejected)", "audit_status": "Rejected", "live_op_total_cap": null, "approved_ua_total_cap": null, "ua_name": "South Gloucestershire" }, "geometry": { "type": "Point", "coordinates": [ -2.422477899999933, 51.562146200000029 ] } },
{ "type": "Feature", "properties": { "park_id": "220215", "active_status": "Inactive (rejected)", "audit_status": "Rejected", "live_op_total_cap": null, "approved_ua_total_cap": null, "ua_name": "South Gloucestershire" }, "geometry": { "type": "Point", "coordinates": [ -2.417999599999973, 51.562270400000045 ] } },
{ "type": "Feature", "properties": { "park_id": "220216", "active_status": "Inactive (rejected)", "audit_status": "Rejected", "live_op_total_cap": null, "approved_ua_total_cap": null, "ua_name": "South Gloucestershire" }, "geometry": { "type": "Point", "coordinates": [ -2.417825299999947, 51.562555600000053 ] } },
{ "type": "Feature", "properties": { "park_id": "220217", "active_status": "Inactive (rejected)", "audit_status": "Rejected", "live_op_total_cap": null, "approved_ua_total_cap": null, "ua_name": "South Gloucestershire" }, "geometry": { "type": "Point", "coordinates": [ -2.418718099999978, 51.563465800000074 ] } },
{ "type": "Feature", "properties": { "park_id": "220218", "active_status": "Inactive (rejected)", "audit_status": "Rejected", "live_op_total_cap": null, "approved_ua_total_cap": null, "ua_name": "South Gloucestershire" }, "geometry": { "type": "Point", "coordinates": [ -2.412728, 51.557859200000053 ] } },
{ "type": "Feature", "properties": { "park_id": "220219", "active_status": "Inactive (rejected)", "audit_status": "Rejected", "live_op_total_cap": null, "approved_ua_total_cap": null, "ua_name": "South Gloucestershire" }, "geometry": { "type": "Point", "coordinates": [ -2.418108099999927, 51.560713 ] } },
{ "type": "Feature", "properties": { "park_id": "220220", "active_status": "Inactive (rejected)", "audit_status": "Rejected", "live_op_total_cap": null, "approved_ua_total_cap": null, "ua_name": "South Gloucestershire" }, "geometry": { "type": "Point", "coordinates": [ -2.418114799999955, 51.561495800000046 ] } },
{ "type": "Feature", "properties": { "park_id": "220221", "active_status": "Inactive (rejected)", "audit_status": "Rejected", "live_op_total_cap": null, "approved_ua_total_cap": null, "ua_name": "South Gloucestershire" }, "geometry": { "type": "Point", "coordinates": [ -2.41811359999997, 51.560355500000071 ] } },
{ "type": "Feature", "properties": { "park_id": "220222", "active_status": "Inactive (rejected)", "audit_status": "Rejected", "live_op_total_cap": null, "approved_ua_total_cap": null, "ua_name": "South Gloucestershire" }, "geometry": { "type": "Point", "coordinates": [ -2.418146799999931, 51.559162900000047 ] } },
{ "type": "Feature", "properties": { "park_id": "220223", "active_status": "Inactive (rejected)", "audit_status": "Rejected", "live_op_total_cap": null, "approved_ua_total_cap": null, "ua_name": "South Gloucestershire" }, "geometry": { "type": "Point", "coordinates": [ -2.423614499999928, 51.552116400000045 ] } },
{ "type": "Feature", "properties": { "park_id": "220224", "active_status": "Inactive (rejected)", "audit_status": "Rejected", "live_op_total_cap": null, "approved_ua_total_cap": null, "ua_name": "South Gloucestershire" }, "geometry": { "type": "Point", "coordinates": [ -2.416586499999937, 51.559119700000053 ] } },
{ "type": "Feature", "properties": { "park_id": "220225", "active_status": "Inactive (rejected)", "audit_status": "Rejected", "live_op_total_cap": null, "approved_ua_total_cap": null, "ua_name": "South Gloucestershire" }, "geometry": { "type": "Point", "coordinates": [ -2.414219299999957, 51.557903400000043 ] } },
{ "type": "Feature", "properties": { "park_id": "220226", "active_status": "Inactive (rejected)", "audit_status": "Rejected", "live_op_total_cap": null, "approved_ua_total_cap": null, "ua_name": "South Gloucestershire" }, "geometry": { "type": "Point", "coordinates": [ -2.410211199999935, 51.557828800000038 ] } },
{ "type": "Feature", "properties": { "park_id": "220227", "active_status": "Inactive (rejected)", "audit_status": "Rejected", "live_op_total_cap": null, "approved_ua_total_cap": null, "ua_name": "South Gloucestershire" }, "geometry": { "type": "Point", "coordinates": [ -2.407850399999973, 51.557874500000082 ] } },
{ "type": "Feature", "properties": { "park_id": "220228", "active_status": "Inactive (rejected)", "audit_status": "Rejected", "live_op_total_cap": null, "approved_ua_total_cap": null, "ua_name": "South Gloucestershire" }, "geometry": { "type": "Point", "coordinates": [ -2.418695899999932, 51.558450400000027 ] } },
{ "type": "Feature", "properties": { "park_id": "220229", "active_status": "Inactive (rejected)", "audit_status": "Rejected", "live_op_total_cap": null, "approved_ua_total_cap": null, "ua_name": "South Gloucestershire" }, "geometry": { "type": "Point", "coordinates": [ -2.405721299999925, 51.55323960000004 ] } },
{ "type": "Feature", "properties": { "park_id": "220230", "active_status": "Inactive (rejected)", "audit_status": "Rejected", "live_op_total_cap": null, "approved_ua_total_cap": null, "ua_name": "South Gloucestershire" }, "geometry": { "type": "Point", "coordinates": [ -2.422033899999974, 51.545273 ] } },
{ "type": "Feature", "properties": { "park_id": "220231", "active_status": "Inactive (rejected)", "audit_status": "Rejected", "live_op_total_cap": null, "approved_ua_total_cap": null, "ua_name": "South Gloucestershire" }, "geometry": { "type": "Point", "coordinates": [ -2.419220399999972, 51.541737200000057 ] } },
{ "type": "Feature", "properties": { "park_id": "220232", "active_status": "Inactive (rejected)", "audit_status": "Rejected", "live_op_total_cap": null, "approved_ua_total_cap": null, "ua_name": "South Gloucestershire" }, "geometry": { "type": "Point", "coordinates": [ -2.413218299999926, 51.541709200000071 ] } },
{ "type": "Feature", "properties": { "park_id": "220233", "active_status": "Inactive (rejected)", "audit_status": "Rejected", "live_op_total_cap": null, "approved_ua_total_cap": null, "ua_name": "South Gloucestershire" }, "geometry": { "type": "Point", "coordinates": [ -2.416823799999975, 51.547706600000026 ] } },
{ "type": "Feature", "properties": { "park_id": "220234", "active_status": "Inactive (rejected)", "audit_status": "Rejected", "live_op_total_cap": null, "approved_ua_total_cap": null, "ua_name": "South Gloucestershire" }, "geometry": { "type": "Point", "coordinates": [ -2.420688499999926, 51.559978500000057 ] } },
{ "type": "Feature", "properties": { "park_id": "220235", "active_status": "Inactive (rejected)", "audit_status": "Rejected", "live_op_total_cap": null, "approved_ua_total_cap": null, "ua_name": "South Gloucestershire" }, "geometry": { "type": "Point", "coordinates": [ -2.405219699999975, 51.553234600000053 ] } },
{ "type": "Feature", "properties": { "park_id": "220236", "active_status": "Inactive (rejected)", "audit_status": "Rejected", "live_op_total_cap": null, "approved_ua_total_cap": null, "ua_name": "South Gloucestershire" }, "geometry": { "type": "Point", "coordinates": [ -2.405876499999977, 51.542831100000058 ] } },
{ "type": "Feature", "properties": { "park_id": "220237", "active_status": "Inactive (rejected)", "audit_status": "Rejected", "live_op_total_cap": null, "approved_ua_total_cap": null, "ua_name": "South Gloucestershire" }, "geometry": { "type": "Point", "coordinates": [ -2.407884799999977, 51.540729800000065 ] } },
{ "type": "Feature", "properties": { "park_id": "220238", "active_status": "Inactive (rejected)", "audit_status": "Rejected", "live_op_total_cap": null, "approved_ua_total_cap": null, "ua_name": "South Gloucestershire" }, "geometry": { "type": "Point", "coordinates": [ -2.427135399999941, 51.528809300000034 ] } },
{ "type": "Feature", "properties": { "park_id": "220239", "active_status": "Inactive (rejected)", "audit_status": "Rejected", "live_op_total_cap": null, "approved_ua_total_cap": null, "ua_name": "South Gloucestershire" }, "geometry": { "type": "Point", "coordinates": [ -2.431119299999978, 51.527559500000052 ] } },
{ "type": "Feature", "properties": { "park_id": "220240", "active_status": "Inactive (rejected)", "audit_status": "Rejected", "live_op_total_cap": null, "approved_ua_total_cap": null, "ua_name": "South Gloucestershire" }, "geometry": { "type": "Point", "coordinates": [ -2.429107699999975, 51.528790600000036 ] } },
{ "type": "Feature", "properties": { "park_id": "220241", "active_status": "Inactive (rejected)", "audit_status": "Rejected", "live_op_total_cap": null, "approved_ua_total_cap": null, "ua_name": "South Gloucestershire" }, "geometry": { "type": "Point", "coordinates": [ -2.426380499999937, 51.527653400000077 ] } },
{ "type": "Feature", "properties": { "park_id": "220242", "active_status": "Inactive (rejected)", "audit_status": "Rejected", "live_op_total_cap": null, "approved_ua_total_cap": null, "ua_name": "South Gloucestershire" }, "geometry": { "type": "Point", "coordinates": [ -2.431758099999968, 51.52975930000008 ] } },
{ "type": "Feature", "properties": { "park_id": "220243", "active_status": "Inactive (rejected)", "audit_status": "Rejected", "live_op_total_cap": null, "approved_ua_total_cap": null, "ua_name": "South Gloucestershire" }, "geometry": { "type": "Point", "coordinates": [ -2.428636, 51.527396400000043 ] } },
{ "type": "Feature", "properties": { "park_id": "220244", "active_status": "Inactive (rejected)", "audit_status": "Rejected", "live_op_total_cap": null, "approved_ua_total_cap": null, "ua_name": "South Gloucestershire" }, "geometry": { "type": "Point", "coordinates": [ -2.442661099999953, 51.546235100000047 ] } },
{ "type": "Feature", "properties": { "park_id": "220245", "active_status": "Inactive (rejected)", "audit_status": "Rejected", "live_op_total_cap": null, "approved_ua_total_cap": null, "ua_name": "South Gloucestershire" }, "geometry": { "type": "Point", "coordinates": [ -2.436772699999949, 51.5485 ] } },
{ "type": "Feature", "properties": { "park_id": "220246", "active_status": "Inactive (rejected)", "audit_status": "Rejected", "live_op_total_cap": null, "approved_ua_total_cap": null, "ua_name": "South Gloucestershire" }, "geometry": { "type": "Point", "coordinates": [ -2.439462699999979, 51.547084200000029 ] } },
{ "type": "Feature", "properties": { "park_id": "220247", "active_status": "Inactive (rejected)", "audit_status": "Rejected", "live_op_total_cap": null, "approved_ua_total_cap": null, "ua_name": "South Gloucestershire" }, "geometry": { "type": "Point", "coordinates": [ -2.434345299999961, 51.54937730000006 ] } },
{ "type": "Feature", "properties": { "park_id": "220248", "active_status": "Inactive (rejected)", "audit_status": "Rejected", "live_op_total_cap": null, "approved_ua_total_cap": null, "ua_name": "South Gloucestershire" }, "geometry": { "type": "Point", "coordinates": [ -2.442669199999955, 51.546470300000067 ] } },
{ "type": "Feature", "properties": { "park_id": "220249", "active_status": "Inactive (rejected)", "audit_status": "Rejected", "live_op_total_cap": null, "approved_ua_total_cap": null, "ua_name": "South Gloucestershire" }, "geometry": { "type": "Point", "coordinates": [ -2.443285899999978, 51.546571200000074 ] } },
{ "type": "Feature", "properties": { "park_id": "220250", "active_status": "Inactive (rejected)", "audit_status": "Rejected", "live_op_total_cap": null, "approved_ua_total_cap": null, "ua_name": "South Gloucestershire" }, "geometry": { "type": "Point", "coordinates": [ -2.435016399999938, 51.547648 ] } },
{ "type": "Feature", "properties": { "park_id": "220251", "active_status": "Inactive (rejected)", "audit_status": "Rejected", "live_op_total_cap": null, "approved_ua_total_cap": null, "ua_name": "South Gloucestershire" }, "geometry": { "type": "Point", "coordinates": [ -2.431257, 51.526458300000058 ] } },
{ "type": "Feature", "properties": { "park_id": "220252", "active_status": "Inactive (rejected)", "audit_status": "Rejected", "live_op_total_cap": null, "approved_ua_total_cap": null, "ua_name": "South Gloucestershire" }, "geometry": { "type": "Point", "coordinates": [ -2.443689, 51.546289500000057 ] } },
{ "type": "Feature", "properties": { "park_id": "220253", "active_status": "Inactive (rejected)", "audit_status": "Rejected", "live_op_total_cap": null, "approved_ua_total_cap": null, "ua_name": "South Gloucestershire" }, "geometry": { "type": "Point", "coordinates": [ -2.429797099999973, 51.525196 ] } },
{ "type": "Feature", "properties": { "park_id": "220254", "active_status": "Inactive (rejected)", "audit_status": "Rejected", "live_op_total_cap": null, "approved_ua_total_cap": null, "ua_name": "South Gloucestershire" }, "geometry": { "type": "Point", "coordinates": [ -2.417148399999974, 51.528448400000059 ] } },
{ "type": "Feature", "properties": { "park_id": "220255", "active_status": "Inactive (rejected)", "audit_status": "Rejected", "live_op_total_cap": null, "approved_ua_total_cap": null, "ua_name": "South Gloucestershire" }, "geometry": { "type": "Point", "coordinates": [ -2.427266699999961, 51.525562500000035 ] } },
{ "type": "Feature", "properties": { "park_id": "220256", "active_status": "Inactive (rejected)", "audit_status": "Rejected", "live_op_total_cap": null, "approved_ua_total_cap": null, "ua_name": "South Gloucestershire" }, "geometry": { "type": "Point", "coordinates": [ -2.427486699999974, 51.526350600000058 ] } },
{ "type": "Feature", "properties": { "park_id": "220257", "active_status": "Inactive (rejected)", "audit_status": "Rejected", "live_op_total_cap": null, "approved_ua_total_cap": null, "ua_name": "South Gloucestershire" }, "geometry": { "type": "Point", "coordinates": [ -2.414258399999937, 51.529274900000075 ] } },
{ "type": "Feature", "properties": { "park_id": "220258", "active_status": "Inactive (rejected)", "audit_status": "Rejected", "live_op_total_cap": null, "approved_ua_total_cap": null, "ua_name": "South Gloucestershire" }, "geometry": { "type": "Point", "coordinates": [ -2.41986739999993, 51.529746200000034 ] } },
{ "type": "Feature", "properties": { "park_id": "220259", "active_status": "Inactive (rejected)", "audit_status": "Rejected", "live_op_total_cap": null, "approved_ua_total_cap": null, "ua_name": "South Gloucestershire" }, "geometry": { "type": "Point", "coordinates": [ -2.417960699999981, 51.529326400000059 ] } },
{ "type": "Feature", "properties": { "park_id": "220260", "active_status": "Inactive (rejected)", "audit_status": "Rejected", "live_op_total_cap": null, "approved_ua_total_cap": null, "ua_name": "South Gloucestershire" }, "geometry": { "type": "Point", "coordinates": [ -2.413812, 51.52703530000008 ] } },
{ "type": "Feature", "properties": { "park_id": "220261", "active_status": "Inactive (rejected)", "audit_status": "Rejected", "live_op_total_cap": null, "approved_ua_total_cap": null, "ua_name": "South Gloucestershire" }, "geometry": { "type": "Point", "coordinates": [ -2.412489099999959, 51.528367 ] } },
{ "type": "Feature", "properties": { "park_id": "220262", "active_status": "Inactive (rejected)", "audit_status": "Rejected", "live_op_total_cap": null, "approved_ua_total_cap": null, "ua_name": "South Gloucestershire" }, "geometry": { "type": "Point", "coordinates": [ -2.402257299999974, 51.531047400000034 ] } },
{ "type": "Feature", "properties": { "park_id": "220263", "active_status": "Inactive (rejected)", "audit_status": "Rejected", "live_op_total_cap": null, "approved_ua_total_cap": null, "ua_name": "South Gloucestershire" }, "geometry": { "type": "Point", "coordinates": [ -2.402235299999973, 51.534260700000061 ] } },
{ "type": "Feature", "properties": { "park_id": "220264", "active_status": "Inactive (rejected)", "audit_status": "Rejected", "live_op_total_cap": null, "approved_ua_total_cap": null, "ua_name": "South Gloucestershire" }, "geometry": { "type": "Point", "coordinates": [ -2.393286299999943, 51.534169800000029 ] } },
{ "type": "Feature", "properties": { "park_id": "220265", "active_status": "Inactive (rejected)", "audit_status": "Rejected", "live_op_total_cap": null, "approved_ua_total_cap": null, "ua_name": "South Gloucestershire" }, "geometry": { "type": "Point", "coordinates": [ -2.431236, 51.529799900000057 ] } },
{ "type": "Feature", "properties": { "park_id": "220266", "active_status": "Inactive (rejected)", "audit_status": "Rejected", "live_op_total_cap": null, "approved_ua_total_cap": null, "ua_name": "South Gloucestershire" }, "geometry": { "type": "Point", "coordinates": [ -2.409913099999926, 51.538310100000047 ] } },
{ "type": "Feature", "properties": { "park_id": "220267", "active_status": "Inactive (rejected)", "audit_status": "Rejected", "live_op_total_cap": null, "approved_ua_total_cap": null, "ua_name": "South Gloucestershire" }, "geometry": { "type": "Point", "coordinates": [ -2.409917099999973, 51.538583200000062 ] } },
{ "type": "Feature", "properties": { "park_id": "220268", "active_status": "Inactive (rejected)", "audit_status": "Rejected", "live_op_total_cap": null, "approved_ua_total_cap": null, "ua_name": "South Gloucestershire" }, "geometry": { "type": "Point", "coordinates": [ -2.409980299999972, 51.530895200000032 ] } },
{ "type": "Feature", "properties": { "park_id": "220269", "active_status": "Inactive (rejected)", "audit_status": "Rejected", "live_op_total_cap": null, "approved_ua_total_cap": null, "ua_name": "South Gloucestershire" }, "geometry": { "type": "Point", "coordinates": [ -2.40790439999995, 51.530002 ] } },
{ "type": "Feature", "properties": { "park_id": "220270", "active_status": "Inactive (rejected)", "audit_status": "Rejected", "live_op_total_cap": null, "approved_ua_total_cap": null, "ua_name": "South Gloucestershire" }, "geometry": { "type": "Point", "coordinates": [ -2.425476299999957, 51.540623200000027 ] } },
{ "type": "Feature", "properties": { "park_id": "220271", "active_status": "Inactive (rejected)", "audit_status": "Rejected", "live_op_total_cap": null, "approved_ua_total_cap": null, "ua_name": "South Gloucestershire" }, "geometry": { "type": "Point", "coordinates": [ -2.42302449999994, 51.537144900000044 ] } },
{ "type": "Feature", "properties": { "park_id": "220272", "active_status": "Inactive (rejected)", "audit_status": "Rejected", "live_op_total_cap": null, "approved_ua_total_cap": null, "ua_name": "South Gloucestershire" }, "geometry": { "type": "Point", "coordinates": [ -2.415895299999931, 51.539607500000045 ] } },
{ "type": "Feature", "properties": { "park_id": "220273", "active_status": "Inactive (rejected)", "audit_status": "Rejected", "live_op_total_cap": null, "approved_ua_total_cap": null, "ua_name": "South Gloucestershire" }, "geometry": { "type": "Point", "coordinates": [ -2.426521199999968, 51.534479800000042 ] } },
{ "type": "Feature", "properties": { "park_id": "220274", "active_status": "Inactive (rejected)", "audit_status": "Rejected", "live_op_total_cap": null, "approved_ua_total_cap": null, "ua_name": "South Gloucestershire" }, "geometry": { "type": "Point", "coordinates": [ -2.431603, 51.528114900000048 ] } },
{ "type": "Feature", "properties": { "park_id": "220275", "active_status": "Inactive (rejected)", "audit_status": "Rejected", "live_op_total_cap": null, "approved_ua_total_cap": null, "ua_name": "South Gloucestershire" }, "geometry": { "type": "Point", "coordinates": [ -2.432032599999957, 51.540858600000035 ] } },
{ "type": "Feature", "properties": { "park_id": "220276", "active_status": "Inactive (rejected)", "audit_status": "Rejected", "live_op_total_cap": null, "approved_ua_total_cap": null, "ua_name": "South Gloucestershire" }, "geometry": { "type": "Point", "coordinates": [ -2.429992699999957, 51.541229700000031 ] } },
{ "type": "Feature", "properties": { "park_id": "220277", "active_status": "Inactive (rejected)", "audit_status": "Rejected", "live_op_total_cap": null, "approved_ua_total_cap": null, "ua_name": "South Gloucestershire" }, "geometry": { "type": "Point", "coordinates": [ -2.414060799999959, 51.537308400000029 ] } },
{ "type": "Feature", "properties": { "park_id": "220278", "active_status": "Inactive (rejected)", "audit_status": "Rejected", "live_op_total_cap": null, "approved_ua_total_cap": null, "ua_name": "South Gloucestershire" }, "geometry": { "type": "Point", "coordinates": [ -2.414442, 51.537242500000048 ] } },
{ "type": "Feature", "properties": { "park_id": "220279", "active_status": "Inactive (rejected)", "audit_status": "Rejected", "live_op_total_cap": null, "approved_ua_total_cap": null, "ua_name": "South Gloucestershire" }, "geometry": { "type": "Point", "coordinates": [ -2.415694199999962, 51.538138 ] } },
{ "type": "Feature", "properties": { "park_id": "220280", "active_status": "Inactive (rejected)", "audit_status": "Rejected", "live_op_total_cap": null, "approved_ua_total_cap": null, "ua_name": "South Gloucestershire" }, "geometry": { "type": "Point", "coordinates": [ -2.427156399999944, 51.528357600000049 ] } },
{ "type": "Feature", "properties": { "park_id": "220281", "active_status": "Inactive (rejected)", "audit_status": "Rejected", "live_op_total_cap": null, "approved_ua_total_cap": null, "ua_name": "South Gloucestershire" }, "geometry": { "type": "Point", "coordinates": [ -2.414458199999956, 51.538999700000033 ] } },
{ "type": "Feature", "properties": { "park_id": "220282", "active_status": "Inactive (rejected)", "audit_status": "Rejected", "live_op_total_cap": null, "approved_ua_total_cap": null, "ua_name": "South Gloucestershire" }, "geometry": { "type": "Point", "coordinates": [ -2.41538289999994, 51.53857830000004 ] } },
{ "type": "Feature", "properties": { "park_id": "220283", "active_status": "Inactive (rejected)", "audit_status": "Rejected", "live_op_total_cap": null, "approved_ua_total_cap": null, "ua_name": "South Gloucestershire" }, "geometry": { "type": "Point", "coordinates": [ -2.41700869999994, 51.539223100000072 ] } },
{ "type": "Feature", "properties": { "park_id": "220284", "active_status": "Inactive (rejected)", "audit_status": "Rejected", "live_op_total_cap": null, "approved_ua_total_cap": null, "ua_name": "South Gloucestershire" }, "geometry": { "type": "Point", "coordinates": [ -2.418190599999946, 51.538224100000036 ] } },
{ "type": "Feature", "properties": { "park_id": "220285", "active_status": "Inactive (rejected)", "audit_status": "Rejected", "live_op_total_cap": null, "approved_ua_total_cap": null, "ua_name": "South Gloucestershire" }, "geometry": { "type": "Point", "coordinates": [ -2.425774399999966, 51.534173100000032 ] } },
{ "type": "Feature", "properties": { "park_id": "220286", "active_status": "Inactive (rejected)", "audit_status": "Rejected", "live_op_total_cap": null, "approved_ua_total_cap": null, "ua_name": "South Gloucestershire" }, "geometry": { "type": "Point", "coordinates": [ -2.393158799999981, 51.536618 ] } },
{ "type": "Feature", "properties": { "park_id": "220287", "active_status": "Inactive (rejected)", "audit_status": "Rejected", "live_op_total_cap": null, "approved_ua_total_cap": null, "ua_name": "South Gloucestershire" }, "geometry": { "type": "Point", "coordinates": [ -2.40229979999998, 51.542363 ] } },
{ "type": "Feature", "properties": { "park_id": "220288", "active_status": "Inactive (rejected)", "audit_status": "Rejected", "live_op_total_cap": null, "approved_ua_total_cap": null, "ua_name": "South Gloucestershire" }, "geometry": { "type": "Point", "coordinates": [ -2.413064799999972, 51.529345 ] } },
{ "type": "Feature", "properties": { "park_id": "200001", "active_status": "Active", "audit_status": "Approved and implement", "live_op_total_cap": 20, "approved_ua_total_cap": null, "ua_name": "South Gloucestershire" }, "geometry": { "type": "Point", "coordinates": [ -2.541176080999946, 51.516529080000055 ] } },
{ "type": "Feature", "properties": { "park_id": "200002", "active_status": "Active", "audit_status": "Approved and implement", "live_op_total_cap": 8, "approved_ua_total_cap": null, "ua_name": "South Gloucestershire" }, "geometry": { "type": "Point", "coordinates": [ -2.511889934999942, 51.455680850000078 ] } },
{ "type": "Feature", "properties": { "park_id": "200003", "active_status": "Active", "audit_status": "Approved and implement", "live_op_total_cap": 20, "approved_ua_total_cap": null, "ua_name": "South Gloucestershire" }, "geometry": { "type": "Point", "coordinates": [ -2.55389, 51.53594 ] } },
{ "type": "Feature", "properties": { "park_id": "300181", "active_status": "Active", "audit_status": "Approved and implement", "live_op_total_cap": 6, "approved_ua_total_cap": 5, "ua_name": "Bristol, City of" }, "geometry": { "type": "Point", "coordinates": [ -2.63117909999994, 51.508369400000049 ] } },
{ "type": "Feature", "properties": { "park_id": "300182", "active_status": "Active", "audit_status": "Approved and implement", "live_op_total_cap": 8, "approved_ua_total_cap": 8, "ua_name": "Bristol, City of" }, "geometry": { "type": "Point", "coordinates": [ -2.63519539999993, 51.507717500000069 ] } },
{ "type": "Feature", "properties": { "park_id": "300183", "active_status": "Active", "audit_status": "Make changes and implement", "live_op_total_cap": 10, "approved_ua_total_cap": 10, "ua_name": "Bristol, City of" }, "geometry": { "type": "Point", "coordinates": [ -2.61048569999997, 51.485947700000054 ] } },
{ "type": "Feature", "properties": { "park_id": "300184", "active_status": "Active", "audit_status": "Approved and implement", "live_op_total_cap": 12, "approved_ua_total_cap": 12, "ua_name": "Bristol, City of" }, "geometry": { "type": "Point", "coordinates": [ -2.679448499999978, 51.490751700000033 ] } },
{ "type": "Feature", "properties": { "park_id": "300185", "active_status": "Active", "audit_status": "Approved and implement", "live_op_total_cap": 8, "approved_ua_total_cap": 8, "ua_name": "Bristol, City of" }, "geometry": { "type": "Point", "coordinates": [ -2.67871729999996, 51.490184100000079 ] } },
{ "type": "Feature", "properties": { "park_id": "300186", "active_status": "Deactivated", "audit_status": "Approved and implement", "live_op_total_cap": 0, "approved_ua_total_cap": 6, "ua_name": "Bristol, City of" }, "geometry": { "type": "Point", "coordinates": [ -2.67778, 51.49001 ] } },
{ "type": "Feature", "properties": { "park_id": "300187", "active_status": "Active", "audit_status": "Approved and implement", "live_op_total_cap": 5, "approved_ua_total_cap": 5, "ua_name": "Bristol, City of" }, "geometry": { "type": "Point", "coordinates": [ -2.608381799999961, 51.510226500000044 ] } },
{ "type": "Feature", "properties": { "park_id": "300188", "active_status": "Deactivated", "audit_status": "Make changes and resubmit", "live_op_total_cap": 0, "approved_ua_total_cap": 0, "ua_name": "Bristol, City of" }, "geometry": { "type": "Point", "coordinates": [ -2.61731, 51.51001 ] } },
{ "type": "Feature", "properties": { "park_id": "300189", "active_status": "Active", "audit_status": "Approved and implement", "live_op_total_cap": 10, "approved_ua_total_cap": 9, "ua_name": "Bristol, City of" }, "geometry": { "type": "Point", "coordinates": [ -2.613515699999937, 51.509636700000044 ] } },
{ "type": "Feature", "properties": { "park_id": "300190", "active_status": "Active", "audit_status": "Approved and implement", "live_op_total_cap": 8, "approved_ua_total_cap": 8, "ua_name": "Bristol, City of" }, "geometry": { "type": "Point", "coordinates": [ -2.614374299999952, 51.509797400000082 ] } },
{ "type": "Feature", "properties": { "park_id": "300191", "active_status": "Deactivated", "audit_status": "Make changes and implement", "live_op_total_cap": 0, "approved_ua_total_cap": 0, "ua_name": "Bristol, City of" }, "geometry": { "type": "Point", "coordinates": [ -2.68153, 51.4934 ] } },
{ "type": "Feature", "properties": { "park_id": "300192", "active_status": "Active", "audit_status": "Approved and implement", "live_op_total_cap": 8, "approved_ua_total_cap": 8, "ua_name": "Bristol, City of" }, "geometry": { "type": "Point", "coordinates": [ -2.680282, 51.491972900000064 ] } },
{ "type": "Feature", "properties": { "park_id": "300193", "active_status": "Deactivated", "audit_status": "Approved and implement", "live_op_total_cap": 0, "approved_ua_total_cap": 6, "ua_name": "Bristol, City of" }, "geometry": { "type": "Point", "coordinates": [ -2.63059, 51.51332 ] } },
{ "type": "Feature", "properties": { "park_id": "300194", "active_status": "Deactivated", "audit_status": "Make changes and resubmit", "live_op_total_cap": 0, "approved_ua_total_cap": 0, "ua_name": "Bristol, City of" }, "geometry": { "type": "Point", "coordinates": [ -2.59759, 51.42159 ] } },
{ "type": "Feature", "properties": { "park_id": "300195", "active_status": "Deactivated", "audit_status": "Rejected", "live_op_total_cap": 0, "approved_ua_total_cap": 0, "ua_name": "Bristol, City of" }, "geometry": { "type": "Point", "coordinates": [ -2.62955, 51.48466 ] } },
{ "type": "Feature", "properties": { "park_id": "300196", "active_status": "Active", "audit_status": "Rejected", "live_op_total_cap": 4, "approved_ua_total_cap": 0, "ua_name": "Bristol, City of" }, "geometry": { "type": "Point", "coordinates": [ -2.684292, 51.524267 ] } },
{ "type": "Feature", "properties": { "park_id": "300197", "active_status": "Active", "audit_status": "Make changes and implement", "live_op_total_cap": 6, "approved_ua_total_cap": 6, "ua_name": "Bristol, City of" }, "geometry": { "type": "Point", "coordinates": [ -2.571918199999971, 51.435413 ] } },
{ "type": "Feature", "properties": { "park_id": "300198", "active_status": "Inactive (surplus)", "audit_status": "Approved and implement", "live_op_total_cap": 0, "approved_ua_total_cap": 6, "ua_name": "Bristol, City of" }, "geometry": { "type": "Point", "coordinates": [ -2.644741199999942, 51.482864100000029 ] } },
{ "type": "Feature", "properties": { "park_id": "300199", "active_status": "Active", "audit_status": "Make changes and implement", "live_op_total_cap": 6, "approved_ua_total_cap": 6, "ua_name": "Bristol, City of" }, "geometry": { "type": "Point", "coordinates": [ -2.671373099999926, 51.53312980000004 ] } },
{ "type": "Feature", "properties": { "park_id": "300200", "active_status": "Active", "audit_status": "Make changes and implement", "live_op_total_cap": 6, "approved_ua_total_cap": 6, "ua_name": "Bristol, City of" }, "geometry": { "type": "Point", "coordinates": [ -2.641823299999942, 51.486595900000054 ] } },
{ "type": "Feature", "properties": { "park_id": "300201", "active_status": "Active", "audit_status": "Approved and implement", "live_op_total_cap": 12, "approved_ua_total_cap": 12, "ua_name": "Bristol, City of" }, "geometry": { "type": "Point", "coordinates": [ -2.641073399999925, 51.486285100000032 ] } },
{ "type": "Feature", "properties": { "park_id": "300202", "active_status": "Active", "audit_status": "Approved and implement", "live_op_total_cap": 12, "approved_ua_total_cap": 8, "ua_name": "Bristol, City of" }, "geometry": { "type": "Point", "coordinates": [ -2.648204399999941, 51.487981600000069 ] } },
{ "type": "Feature", "properties": { "park_id": "300203", "active_status": "Active", "audit_status": "Approved and implement", "live_op_total_cap": 6, "approved_ua_total_cap": 6, "ua_name": "Bristol, City of" }, "geometry": { "type": "Point", "coordinates": [ -2.62887829999994, 51.512515600000029 ] } },
{ "type": "Feature", "properties": { "park_id": "300204", "active_status": "Deactivated", "audit_status": "Rejected", "live_op_total_cap": 0, "approved_ua_total_cap": 0, "ua_name": "Bristol, City of" }, "geometry": { "type": "Point", "coordinates": [ -2.62675, 51.51373 ] } },
{ "type": "Feature", "properties": { "park_id": "300205", "active_status": "Active", "audit_status": "Approved and implement", "live_op_total_cap": 6, "approved_ua_total_cap": 6, "ua_name": "Bristol, City of" }, "geometry": { "type": "Point", "coordinates": [ -2.65826409999994, 51.503206800000044 ] } },
{ "type": "Feature", "properties": { "park_id": "300206", "active_status": "Active", "audit_status": "Make changes and implement", "live_op_total_cap": 8, "approved_ua_total_cap": 8, "ua_name": "Bristol, City of" }, "geometry": { "type": "Point", "coordinates": [ -2.645104799999956, 51.483065100000033 ] } },
{ "type": "Feature", "properties": { "park_id": "300207", "active_status": "Active", "audit_status": "Ready for UA review", "live_op_total_cap": 0, "approved_ua_total_cap": 0, "ua_name": "Bristol, City of" }, "geometry": { "type": "Point", "coordinates": [ -2.61663, 51.48423 ] } },
{ "type": "Feature", "properties": { "park_id": "300208", "active_status": "Active", "audit_status": "Make changes and implement", "live_op_total_cap": 8, "approved_ua_total_cap": 8, "ua_name": "Bristol, City of" }, "geometry": { "type": "Point", "coordinates": [ -2.61671089999993, 51.483185800000058 ] } },
{ "type": "Feature", "properties": { "park_id": "300209", "active_status": "Active", "audit_status": "Make changes and implement", "live_op_total_cap": 4, "approved_ua_total_cap": 4, "ua_name": "Bristol, City of" }, "geometry": { "type": "Point", "coordinates": [ -2.596805199999949, 51.502047300000072 ] } },
{ "type": "Feature", "properties": { "park_id": "300210", "active_status": "Active", "audit_status": "Make changes and resubmit", "live_op_total_cap": 3, "approved_ua_total_cap": 3, "ua_name": "Bristol, City of" }, "geometry": { "type": "Point", "coordinates": [ -2.599418899999932, 51.498496300000056 ] } },
{ "type": "Feature", "properties": { "park_id": "300211", "active_status": "Deactivated", "audit_status": "Rejected", "live_op_total_cap": 0, "approved_ua_total_cap": 0, "ua_name": "Bristol, City of" }, "geometry": { "type": "Point", "coordinates": [ -2.59859, 51.49806 ] } },
{ "type": "Feature", "properties": { "park_id": "300212", "active_status": "Deactivated", "audit_status": "Approved and implement", "live_op_total_cap": 0, "approved_ua_total_cap": 12, "ua_name": "Bristol, City of" }, "geometry": { "type": "Point", "coordinates": [ -2.6028, 51.50391 ] } },
{ "type": "Feature", "properties": { "park_id": "300213", "active_status": "Deactivated", "audit_status": "Make changes and resubmit", "live_op_total_cap": 0, "approved_ua_total_cap": 0, "ua_name": "Bristol, City of" }, "geometry": { "type": "Point", "coordinates": [ -2.60262, 51.50385 ] } },
{ "type": "Feature", "properties": { "park_id": "300214", "active_status": "Active", "audit_status": "Approved and implement", "live_op_total_cap": 14, "approved_ua_total_cap": 10, "ua_name": "Bristol, City of" }, "geometry": { "type": "Point", "coordinates": [ -2.602248, 51.503943 ] } },
{ "type": "Feature", "properties": { "park_id": "300216", "active_status": "Active", "audit_status": "Approved and implement", "live_op_total_cap": 10, "approved_ua_total_cap": 10, "ua_name": "Bristol, City of" }, "geometry": { "type": "Point", "coordinates": [ -2.621414399999935, 51.509626800000035 ] } },
{ "type": "Feature", "properties": { "park_id": "300217", "active_status": "Active", "audit_status": "Make changes and implement", "live_op_total_cap": 8, "approved_ua_total_cap": 8, "ua_name": "Bristol, City of" }, "geometry": { "type": "Point", "coordinates": [ -2.61933229999994, 51.50955220000003 ] } },
{ "type": "Feature", "properties": { "park_id": "300218", "active_status": "Active", "audit_status": "Approved and implement", "live_op_total_cap": 4, "approved_ua_total_cap": 3, "ua_name": "Bristol, City of" }, "geometry": { "type": "Point", "coordinates": [ -2.630877699999928, 51.507417300000043 ] } },
{ "type": "Feature", "properties": { "park_id": "300219", "active_status": "Active", "audit_status": "Make changes and resubmit", "live_op_total_cap": 4, "approved_ua_total_cap": 4, "ua_name": "Bristol, City of" }, "geometry": { "type": "Point", "coordinates": [ -2.651927599999965, 51.503999800000031 ] } },
{ "type": "Feature", "properties": { "park_id": "300220", "active_status": "Deactivated", "audit_status": "Rejected", "live_op_total_cap": 0, "approved_ua_total_cap": 0, "ua_name": "Bristol, City of" }, "geometry": { "type": "Point", "coordinates": [ -2.65115, 51.50422 ] } },
{ "type": "Feature", "properties": { "park_id": "300221", "active_status": "Active", "audit_status": "Approved and implement", "live_op_total_cap": 10, "approved_ua_total_cap": 10, "ua_name": "Bristol, City of" }, "geometry": { "type": "Point", "coordinates": [ -2.658934, 51.501485 ] } },
{ "type": "Feature", "properties": { "park_id": "300222", "active_status": "Deactivated", "audit_status": "Rejected", "live_op_total_cap": 0, "approved_ua_total_cap": 0, "ua_name": "Bristol, City of" }, "geometry": { "type": "Point", "coordinates": [ -2.65758, 51.50241 ] } },
{ "type": "Feature", "properties": { "park_id": "300223", "active_status": "Active", "audit_status": "Approved and implement", "live_op_total_cap": 8, "approved_ua_total_cap": 8, "ua_name": "Bristol, City of" }, "geometry": { "type": "Point", "coordinates": [ -2.666032499999972, 51.498427500000048 ] } },
{ "type": "Feature", "properties": { "park_id": "300224", "active_status": "Deactivated", "audit_status": "Approved and implement", "live_op_total_cap": 0, "approved_ua_total_cap": 0, "ua_name": "Bristol, City of" }, "geometry": { "type": "Point", "coordinates": [ -2.68183, 51.49376 ] } },
{ "type": "Feature", "properties": { "park_id": "300225", "active_status": "Deactivated", "audit_status": "Make changes and implement", "live_op_total_cap": 0, "approved_ua_total_cap": 0, "ua_name": "Bristol, City of" }, "geometry": { "type": "Point", "coordinates": [ -2.68135, 51.49318 ] } },
{ "type": "Feature", "properties": { "park_id": "300226", "active_status": "Deactivated", "audit_status": "Make changes and implement", "live_op_total_cap": 0, "approved_ua_total_cap": 0, "ua_name": "Bristol, City of" }, "geometry": { "type": "Point", "coordinates": [ -2.68051, 51.4925 ] } },
{ "type": "Feature", "properties": { "park_id": "300227", "active_status": "Inactive (surplus)", "audit_status": "Rejected", "live_op_total_cap": 0, "approved_ua_total_cap": 10, "ua_name": "Bristol, City of" }, "geometry": { "type": "Point", "coordinates": [ -2.67987, 51.49143 ] } },
{ "type": "Feature", "properties": { "park_id": "300228", "active_status": "Active", "audit_status": "Approved and implement", "live_op_total_cap": 8, "approved_ua_total_cap": 8, "ua_name": "Bristol, City of" }, "geometry": { "type": "Point", "coordinates": [ -2.655835799999977, 51.491471300000057 ] } },
{ "type": "Feature", "properties": { "park_id": "300229", "active_status": "Deactivated", "audit_status": "Approved and implement", "live_op_total_cap": 0, "approved_ua_total_cap": 12, "ua_name": "Bristol, City of" }, "geometry": { "type": "Point", "coordinates": [ -2.64811, 51.48811 ] } },
{ "type": "Feature", "properties": { "park_id": "300231", "active_status": "Active", "audit_status": "Make changes and resubmit", "live_op_total_cap": 4, "approved_ua_total_cap": 4, "ua_name": "Bristol, City of" }, "geometry": { "type": "Point", "coordinates": [ -2.627779799999928, 51.483412800000053 ] } },
{ "type": "Feature", "properties": { "park_id": "300232", "active_status": "Active", "audit_status": "Make changes and resubmit", "live_op_total_cap": 4, "approved_ua_total_cap": 4, "ua_name": "Bristol, City of" }, "geometry": { "type": "Point", "coordinates": [ -2.634077299999944, 51.481355500000063 ] } },
{ "type": "Feature", "properties": { "park_id": "300233", "active_status": "Deactivated", "audit_status": "Make changes and resubmit", "live_op_total_cap": 0, "approved_ua_total_cap": 8, "ua_name": "Bristol, City of" }, "geometry": { "type": "Point", "coordinates": [ -2.648422, 51.480579100000057 ] } },
{ "type": "Feature", "properties": { "park_id": "300234", "active_status": "Deactivated", "audit_status": "Make changes and implement", "live_op_total_cap": 0, "approved_ua_total_cap": 0, "ua_name": "Bristol, City of" }, "geometry": { "type": "Point", "coordinates": [ -2.69348, 51.49878 ] } },
{ "type": "Feature", "properties": { "park_id": "300235", "active_status": "Inactive (rejected)", "audit_status": "Rejected", "live_op_total_cap": 0, "approved_ua_total_cap": 0, "ua_name": "Bristol, City of" }, "geometry": { "type": "Point", "coordinates": [ -2.697777032999966, 51.498748780000028 ] } },
{ "type": "Feature", "properties": { "park_id": "300236", "active_status": "Active", "audit_status": "Make changes and implement", "live_op_total_cap": 8, "approved_ua_total_cap": 8, "ua_name": "Bristol, City of" }, "geometry": { "type": "Point", "coordinates": [ -2.698747699999956, 51.500763500000062 ] } },
{ "type": "Feature", "properties": { "park_id": "300237", "active_status": "Active", "audit_status": "Make changes and implement", "live_op_total_cap": 6, "approved_ua_total_cap": 6, "ua_name": "Bristol, City of" }, "geometry": { "type": "Point", "coordinates": [ -2.695201299999951, 51.499320100000034 ] } },
{ "type": "Feature", "properties": { "park_id": "300238", "active_status": "Active", "audit_status": "Make changes and implement", "live_op_total_cap": 6, "approved_ua_total_cap": 6, "ua_name": "Bristol, City of" }, "geometry": { "type": "Point", "coordinates": [ -2.695730399999945, 51.499350500000048 ] } },
{ "type": "Feature", "properties": { "park_id": "300239", "active_status": "Active", "audit_status": "Approved and implement", "live_op_total_cap": 6, "approved_ua_total_cap": 6, "ua_name": "Bristol, City of" }, "geometry": { "type": "Point", "coordinates": [ -2.698383299999932, 51.501720900000066 ] } },
{ "type": "Feature", "properties": { "park_id": "300240", "active_status": "Active", "audit_status": "Make changes and implement", "live_op_total_cap": 16, "approved_ua_total_cap": 16, "ua_name": "Bristol, City of" }, "geometry": { "type": "Point", "coordinates": [ -2.695527499999969, 51.510441300000082 ] } },
{ "type": "Feature", "properties": { "park_id": "300242", "active_status": "Active", "audit_status": "Make changes and implement", "live_op_total_cap": 6, "approved_ua_total_cap": 6, "ua_name": "Bristol, City of" }, "geometry": { "type": "Point", "coordinates": [ -2.560778499999969, 51.45794 ] } },
{ "type": "Feature", "properties": { "park_id": "300243", "active_status": "Active", "audit_status": "Approved and implement", "live_op_total_cap": 20, "approved_ua_total_cap": 20, "ua_name": "Bristol, City of" }, "geometry": { "type": "Point", "coordinates": [ -2.569840899999974, 51.458214400000031 ] } },
{ "type": "Feature", "properties": { "park_id": "300244", "active_status": "Deactivated", "audit_status": "Rejected", "live_op_total_cap": 0, "approved_ua_total_cap": 0, "ua_name": "Bristol, City of" }, "geometry": { "type": "Point", "coordinates": [ -2.56403, 51.46579 ] } },
{ "type": "Feature", "properties": { "park_id": "300245", "active_status": "Active", "audit_status": "Approved and implement", "live_op_total_cap": 6, "approved_ua_total_cap": 6, "ua_name": "Bristol, City of" }, "geometry": { "type": "Point", "coordinates": [ -2.563168899999937, 51.464124800000036 ] } },
{ "type": "Feature", "properties": { "park_id": "300246", "active_status": "Deactivated", "audit_status": "Make changes and resubmit", "live_op_total_cap": 0, "approved_ua_total_cap": 0, "ua_name": "Bristol, City of" }, "geometry": { "type": "Point", "coordinates": [ -2.5583, 51.46183 ] } },
{ "type": "Feature", "properties": { "park_id": "300247", "active_status": "Active", "audit_status": "Approved and implement", "live_op_total_cap": 10, "approved_ua_total_cap": 10, "ua_name": "Bristol, City of" }, "geometry": { "type": "Point", "coordinates": [ -2.56791149999998, 51.458141500000067 ] } },
{ "type": "Feature", "properties": { "park_id": "300248", "active_status": "Active", "audit_status": "Approved and implement", "live_op_total_cap": 8, "approved_ua_total_cap": 8, "ua_name": "Bristol, City of" }, "geometry": { "type": "Point", "coordinates": [ -2.553619599999934, 51.46285540000008 ] } },
{ "type": "Feature", "properties": { "park_id": "300249", "active_status": "Deactivated", "audit_status": "Approved and implement", "live_op_total_cap": 0, "approved_ua_total_cap": 8, "ua_name": "Bristol, City of" }, "geometry": { "type": "Point", "coordinates": [ -2.564398599999947, 51.455460500000072 ] } },
{ "type": "Feature", "properties": { "park_id": "300250", "active_status": "Deactivated", "audit_status": "Make changes and resubmit", "live_op_total_cap": 0, "approved_ua_total_cap": 0, "ua_name": "Bristol, City of" }, "geometry": { "type": "Point", "coordinates": [ -2.56255, 51.45468 ] } },
{ "type": "Feature", "properties": { "park_id": "300251", "active_status": "Active", "audit_status": "Make changes and implement", "live_op_total_cap": 10, "approved_ua_total_cap": 10, "ua_name": "Bristol, City of" }, "geometry": { "type": "Point", "coordinates": [ -2.568308599999966, 51.46713520000003 ] } },
{ "type": "Feature", "properties": { "park_id": "300252", "active_status": "Active", "audit_status": "Approved and implement", "live_op_total_cap": 30, "approved_ua_total_cap": 30, "ua_name": "Bristol, City of" }, "geometry": { "type": "Point", "coordinates": [ -2.62188, 51.449739200000067 ] } },
{ "type": "Feature", "properties": { "park_id": "300253", "active_status": "Active", "audit_status": "Make changes and resubmit", "live_op_total_cap": 8, "approved_ua_total_cap": 8, "ua_name": "Bristol, City of" }, "geometry": { "type": "Point", "coordinates": [ -2.597680799999978, 51.435539600000027 ] } },
{ "type": "Feature", "properties": { "park_id": "300254", "active_status": "Active", "audit_status": "Approved and implement", "live_op_total_cap": 12, "approved_ua_total_cap": 12, "ua_name": "Bristol, City of" }, "geometry": { "type": "Point", "coordinates": [ -2.589448299999958, 51.43440060000006 ] } },
{ "type": "Feature", "properties": { "park_id": "300255", "active_status": "Active", "audit_status": "Approved and implement", "live_op_total_cap": 10, "approved_ua_total_cap": 10, "ua_name": "Bristol, City of" }, "geometry": { "type": "Point", "coordinates": [ -2.612015299999939, 51.480751 ] } },
{ "type": "Feature", "properties": { "park_id": "300256", "active_status": "Deactivated", "audit_status": "Rejected", "live_op_total_cap": 0, "approved_ua_total_cap": 0, "ua_name": "Bristol, City of" }, "geometry": { "type": "Point", "coordinates": [ -2.58419, 51.43747 ] } },
{ "type": "Feature", "properties": { "park_id": "300257", "active_status": "Deactivated", "audit_status": "Rejected", "live_op_total_cap": 0, "approved_ua_total_cap": 0, "ua_name": "Bristol, City of" }, "geometry": { "type": "Point", "coordinates": [ -2.59145, 51.45392 ] } },
{ "type": "Feature", "properties": { "park_id": "300258", "active_status": "Active", "audit_status": "Approved and implement", "live_op_total_cap": 12, "approved_ua_total_cap": 12, "ua_name": "Bristol, City of" }, "geometry": { "type": "Point", "coordinates": [ -2.619834, 51.466519 ] } },
{ "type": "Feature", "properties": { "park_id": "300259", "active_status": "Active", "audit_status": "Approved and implement", "live_op_total_cap": 10, "approved_ua_total_cap": 10, "ua_name": "Bristol, City of" }, "geometry": { "type": "Point", "coordinates": [ -2.600908299999958, 51.439577200000031 ] } },
{ "type": "Feature", "properties": { "park_id": "300260", "active_status": "Deactivated", "audit_status": "Rejected", "live_op_total_cap": 0, "approved_ua_total_cap": 0, "ua_name": "Bristol, City of" }, "geometry": { "type": "Point", "coordinates": [ -2.58535, 51.45553 ] } },
{ "type": "Feature", "properties": { "park_id": "300261", "active_status": "Active", "audit_status": "Make changes and resubmit", "live_op_total_cap": 5, "approved_ua_total_cap": 5, "ua_name": "Bristol, City of" }, "geometry": { "type": "Point", "coordinates": [ -2.578907099999981, 51.434418600000072 ] } },
{ "type": "Feature", "properties": { "park_id": "300262", "active_status": "Active", "audit_status": "Make changes and implement", "live_op_total_cap": 8, "approved_ua_total_cap": 8, "ua_name": "Bristol, City of" }, "geometry": { "type": "Point", "coordinates": [ -2.590186899999935, 51.442313400000046 ] } },
{ "type": "Feature", "properties": { "park_id": "300263", "active_status": "Active", "audit_status": "Make changes and implement", "live_op_total_cap": 20, "approved_ua_total_cap": 20, "ua_name": "Bristol, City of" }, "geometry": { "type": "Point", "coordinates": [ -2.545819, 51.45381210000005 ] } },
{ "type": "Feature", "properties": { "park_id": "300264", "active_status": "Deactivated", "audit_status": "Rejected", "live_op_total_cap": 0, "approved_ua_total_cap": 0, "ua_name": "Bristol, City of" }, "geometry": { "type": "Point", "coordinates": [ -2.59269, 51.42558 ] } },
{ "type": "Feature", "properties": { "park_id": "300265", "active_status": "Deactivated", "audit_status": "Rejected", "live_op_total_cap": 0, "approved_ua_total_cap": 0, "ua_name": "Bristol, City of" }, "geometry": { "type": "Point", "coordinates": [ -2.61152, 51.43623 ] } },
{ "type": "Feature", "properties": { "park_id": "300267", "active_status": "Active", "audit_status": "Make changes and resubmit", "live_op_total_cap": 6, "approved_ua_total_cap": 6, "ua_name": "Bristol, City of" }, "geometry": { "type": "Point", "coordinates": [ -2.575165, 51.438246700000036 ] } },
{ "type": "Feature", "properties": { "park_id": "300268", "active_status": "Active", "audit_status": "Approved and implement", "live_op_total_cap": 15, "approved_ua_total_cap": 15, "ua_name": "Bristol, City of" }, "geometry": { "type": "Point", "coordinates": [ -2.591655499999945, 51.425973600000077 ] } },
{ "type": "Feature", "properties": { "park_id": "300269", "active_status": "Active", "audit_status": "Make changes and implement", "live_op_total_cap": 10, "approved_ua_total_cap": 10, "ua_name": "Bristol, City of" }, "geometry": { "type": "Point", "coordinates": [ -2.583185, 51.454404600000032 ] } },
{ "type": "Feature", "properties": { "park_id": "300270", "active_status": "Deactivated", "audit_status": "Rejected", "live_op_total_cap": 0, "approved_ua_total_cap": 0, "ua_name": "Bristol, City of" }, "geometry": { "type": "Point", "coordinates": [ -2.61704, 51.44046 ] } },
{ "type": "Feature", "properties": { "park_id": "300271", "active_status": "Deactivated", "audit_status": "Rejected", "live_op_total_cap": 0, "approved_ua_total_cap": 0, "ua_name": "Bristol, City of" }, "geometry": { "type": "Point", "coordinates": [ -2.58063, 51.47116 ] } },
{ "type": "Feature", "properties": { "park_id": "300272", "active_status": "Active", "audit_status": "Make changes and resubmit", "live_op_total_cap": 8, "approved_ua_total_cap": 8, "ua_name": "Bristol, City of" }, "geometry": { "type": "Point", "coordinates": [ -2.541810899999973, 51.447826100000043 ] } },
{ "type": "Feature", "properties": { "park_id": "300273", "active_status": "Active", "audit_status": "Approved and implement", "live_op_total_cap": 30, "approved_ua_total_cap": 30, "ua_name": "Bristol, City of" }, "geometry": { "type": "Point", "coordinates": [ -2.58554, 51.456421 ] } },
{ "type": "Feature", "properties": { "park_id": "300274", "active_status": "Inactive (rejected)", "audit_status": "Audited - private land", "live_op_total_cap": 0, "approved_ua_total_cap": 0, "ua_name": "Bristol, City of" }, "geometry": { "type": "Point", "coordinates": [ -2.579116105999958, 51.426548 ] } },
{ "type": "Feature", "properties": { "park_id": "300275", "active_status": "Inactive (rejected)", "audit_status": "Rejected", "live_op_total_cap": 0, "approved_ua_total_cap": 0, "ua_name": "Bristol, City of" }, "geometry": { "type": "Point", "coordinates": [ -2.619461059999935, 51.441696170000057 ] } },
{ "type": "Feature", "properties": { "park_id": "300276", "active_status": "Active", "audit_status": "Make changes and resubmit", "live_op_total_cap": 4, "approved_ua_total_cap": 4, "ua_name": "Bristol, City of" }, "geometry": { "type": "Point", "coordinates": [ -2.595416099999966, 51.483167800000047 ] } },
{ "type": "Feature", "properties": { "park_id": "300277", "active_status": "Deactivated", "audit_status": "Make changes and resubmit", "live_op_total_cap": 0, "approved_ua_total_cap": 0, "ua_name": "Bristol, City of" }, "geometry": { "type": "Point", "coordinates": [ -2.53418, 51.43866 ] } },
{ "type": "Feature", "properties": { "park_id": "300278", "active_status": "Active", "audit_status": "Make changes and resubmit", "live_op_total_cap": 8, "approved_ua_total_cap": 8, "ua_name": "Bristol, City of" }, "geometry": { "type": "Point", "coordinates": [ -2.563008, 51.45797 ] } },
{ "type": "Feature", "properties": { "park_id": "300279", "active_status": "Active", "audit_status": "Make changes and resubmit", "live_op_total_cap": 20, "approved_ua_total_cap": 0, "ua_name": "Bristol, City of" }, "geometry": { "type": "Point", "coordinates": [ -2.62127049999998, 51.437740500000075 ] } },
{ "type": "Feature", "properties": { "park_id": "300280", "active_status": "Deactivated", "audit_status": "Rejected", "live_op_total_cap": 0, "approved_ua_total_cap": 6, "ua_name": "Bristol, City of" }, "geometry": { "type": "Point", "coordinates": [ -2.58197, 51.46472 ] } },
{ "type": "Feature", "properties": { "park_id": "300281", "active_status": "Deactivated", "audit_status": "Approved and implement", "live_op_total_cap": 0, "approved_ua_total_cap": 6, "ua_name": "Bristol, City of" }, "geometry": { "type": "Point", "coordinates": [ -2.620591899999965, 51.450721100000067 ] } },
{ "type": "Feature", "properties": { "park_id": "300282", "active_status": "Active", "audit_status": "Make changes and implement", "live_op_total_cap": 8, "approved_ua_total_cap": 8, "ua_name": "Bristol, City of" }, "geometry": { "type": "Point", "coordinates": [ -2.620819799999936, 51.437035600000058 ] } },
{ "type": "Feature", "properties": { "park_id": "300283", "active_status": "Active", "audit_status": "Make changes and resubmit", "live_op_total_cap": 7, "approved_ua_total_cap": 6, "ua_name": "Bristol, City of" }, "geometry": { "type": "Point", "coordinates": [ -2.602071299999977, 51.469901700000037 ] } },
{ "type": "Feature", "properties": { "park_id": "300284", "active_status": "Deactivated", "audit_status": "Make changes and resubmit", "live_op_total_cap": 0, "approved_ua_total_cap": 6, "ua_name": "Bristol, City of" }, "geometry": { "type": "Point", "coordinates": [ -2.59013, 51.45048 ] } },
{ "type": "Feature", "properties": { "park_id": "300285", "active_status": "Deactivated", "audit_status": "Rejected", "live_op_total_cap": 0, "approved_ua_total_cap": 0, "ua_name": "Bristol, City of" }, "geometry": { "type": "Point", "coordinates": [ -2.57014, 51.43101 ] } },
{ "type": "Feature", "properties": { "park_id": "300286", "active_status": "Active", "audit_status": "Approved and implement", "live_op_total_cap": 10, "approved_ua_total_cap": 10, "ua_name": "Bristol, City of" }, "geometry": { "type": "Point", "coordinates": [ -2.596955499999979, 51.484510300000068 ] } },
{ "type": "Feature", "properties": { "park_id": "300287", "active_status": "Deactivated", "audit_status": "Rejected", "live_op_total_cap": 0, "approved_ua_total_cap": 0, "ua_name": "Bristol, City of" }, "geometry": { "type": "Point", "coordinates": [ -2.61262, 51.43288 ] } },
{ "type": "Feature", "properties": { "park_id": "300288", "active_status": "Active", "audit_status": "Make changes and resubmit", "live_op_total_cap": 4, "approved_ua_total_cap": 4, "ua_name": "Bristol, City of" }, "geometry": { "type": "Point", "coordinates": [ -2.56537179999998, 51.432591900000034 ] } },
{ "type": "Feature", "properties": { "park_id": "300289", "active_status": "Active", "audit_status": "Ready for UA review", "live_op_total_cap": 0, "approved_ua_total_cap": 0, "ua_name": "Bristol, City of" }, "geometry": { "type": "Point", "coordinates": [ -2.556673049999972, 51.473766330000046 ] } },
{ "type": "Feature", "properties": { "park_id": "300290", "active_status": "Active", "audit_status": "Make changes and resubmit", "live_op_total_cap": 8, "approved_ua_total_cap": 8, "ua_name": "Bristol, City of" }, "geometry": { "type": "Point", "coordinates": [ -2.589238599999931, 51.480131400000062 ] } },
{ "type": "Feature", "properties": { "park_id": "300291", "active_status": "Active", "audit_status": "Make changes and implement", "live_op_total_cap": 6, "approved_ua_total_cap": 6, "ua_name": "Bristol, City of" }, "geometry": { "type": "Point", "coordinates": [ -2.566904, 51.434128100000066 ] } },
{ "type": "Feature", "properties": { "park_id": "300292", "active_status": "Active", "audit_status": "Approved and implement", "live_op_total_cap": 6, "approved_ua_total_cap": 6, "ua_name": "Bristol, City of" }, "geometry": { "type": "Point", "coordinates": [ -2.585286399999973, 51.448805500000049 ] } },
{ "type": "Feature", "properties": { "park_id": "300294", "active_status": "Active", "audit_status": "Make changes and resubmit", "live_op_total_cap": 16, "approved_ua_total_cap": 16, "ua_name": "Bristol, City of" }, "geometry": { "type": "Point", "coordinates": [ -2.579739599999925, 51.478201800000079 ] } },
{ "type": "Feature", "properties": { "park_id": "300295", "active_status": "Active", "audit_status": "Ready for UA review", "live_op_total_cap": 0, "approved_ua_total_cap": 0, "ua_name": "Bristol, City of" }, "geometry": { "type": "Point", "coordinates": [ -2.56058, 51.47168 ] } },
{ "type": "Feature", "properties": { "park_id": "300296", "active_status": "Deactivated", "audit_status": "Make changes and implement", "live_op_total_cap": 0, "approved_ua_total_cap": 6, "ua_name": "Bristol, City of" }, "geometry": { "type": "Point", "coordinates": [ -2.61801, 51.44978 ] } },
{ "type": "Feature", "properties": { "park_id": "300297", "active_status": "Deactivated", "audit_status": "Rejected", "live_op_total_cap": 0, "approved_ua_total_cap": 0, "ua_name": "Bristol, City of" }, "geometry": { "type": "Point", "coordinates": [ -2.58824, 51.4522 ] } },
{ "type": "Feature", "properties": { "park_id": "300298", "active_status": "Active", "audit_status": "Make changes and resubmit", "live_op_total_cap": 7, "approved_ua_total_cap": 6, "ua_name": "Bristol, City of" }, "geometry": { "type": "Point", "coordinates": [ -2.574978299999941, 51.459918300000027 ] } },
{ "type": "Feature", "properties": { "park_id": "300299", "active_status": "Active", "audit_status": "Approved and implement", "live_op_total_cap": 12, "approved_ua_total_cap": 12, "ua_name": "Bristol, City of" }, "geometry": { "type": "Point", "coordinates": [ -2.585301699999945, 51.450069500000041 ] } },
{ "type": "Feature", "properties": { "park_id": "300300", "active_status": "Deactivated", "audit_status": "Rejected", "live_op_total_cap": 0, "approved_ua_total_cap": 0, "ua_name": "Bristol, City of" }, "geometry": { "type": "Point", "coordinates": [ -2.6134, 51.4682 ] } },
{ "type": "Feature", "properties": { "park_id": "300301", "active_status": "Active", "audit_status": "Approved and implement", "live_op_total_cap": 4, "approved_ua_total_cap": 4, "ua_name": "Bristol, City of" }, "geometry": { "type": "Point", "coordinates": [ -2.566783199999975, 51.46273670000005 ] } },
{ "type": "Feature", "properties": { "park_id": "300302", "active_status": "Active", "audit_status": "Approved and implement", "live_op_total_cap": 16, "approved_ua_total_cap": 16, "ua_name": "Bristol, City of" }, "geometry": { "type": "Point", "coordinates": [ -2.588801899999964, 51.451796400000035 ] } },
{ "type": "Feature", "properties": { "park_id": "300303", "active_status": "Active", "audit_status": "Make changes and implement", "live_op_total_cap": 50, "approved_ua_total_cap": 50, "ua_name": "Bristol, City of" }, "geometry": { "type": "Point", "coordinates": [ -2.584437, 51.449849 ] } },
{ "type": "Feature", "properties": { "park_id": "300304", "active_status": "Active", "audit_status": "Approved and implement", "live_op_total_cap": 15, "approved_ua_total_cap": 15, "ua_name": "Bristol, City of" }, "geometry": { "type": "Point", "coordinates": [ -2.600666, 51.469985800000075 ] } },
{ "type": "Feature", "properties": { "park_id": "300305", "active_status": "Deactivated", "audit_status": "Rejected", "live_op_total_cap": 0, "approved_ua_total_cap": 0, "ua_name": "Bristol, City of" }, "geometry": { "type": "Point", "coordinates": [ -2.62019, 51.44929 ] } },
{ "type": "Feature", "properties": { "park_id": "300306", "active_status": "Active", "audit_status": "Make changes and implement", "live_op_total_cap": 20, "approved_ua_total_cap": 20, "ua_name": "Bristol, City of" }, "geometry": { "type": "Point", "coordinates": [ -2.578977, 51.463063 ] } },
{ "type": "Feature", "properties": { "park_id": "300307", "active_status": "Active", "audit_status": "Make changes and resubmit", "live_op_total_cap": 10, "approved_ua_total_cap": 10, "ua_name": "Bristol, City of" }, "geometry": { "type": "Point", "coordinates": [ -2.589675899999975, 51.452776100000051 ] } },
{ "type": "Feature", "properties": { "park_id": "300308", "active_status": "Active", "audit_status": "Make changes and implement", "live_op_total_cap": 6, "approved_ua_total_cap": 6, "ua_name": "Bristol, City of" }, "geometry": { "type": "Point", "coordinates": [ -2.591572499999927, 51.475619900000027 ] } },
{ "type": "Feature", "properties": { "park_id": "300309", "active_status": "Active", "audit_status": "Audited - private land", "live_op_total_cap": 13, "approved_ua_total_cap": 0, "ua_name": "Bristol, City of" }, "geometry": { "type": "Point", "coordinates": [ -2.57869379999994, 51.452060500000073 ] } },
{ "type": "Feature", "properties": { "park_id": "300310", "active_status": "Active", "audit_status": "Make changes and resubmit", "live_op_total_cap": 6, "approved_ua_total_cap": 6, "ua_name": "Bristol, City of" }, "geometry": { "type": "Point", "coordinates": [ -2.569655, 51.460076 ] } },
{ "type": "Feature", "properties": { "park_id": "300311", "active_status": "Deactivated", "audit_status": "Rejected", "live_op_total_cap": 0, "approved_ua_total_cap": 0, "ua_name": "Bristol, City of" }, "geometry": { "type": "Point", "coordinates": [ -2.57967, 51.4664 ] } },
{ "type": "Feature", "properties": { "park_id": "300312", "active_status": "Active", "audit_status": "Approved and implement", "live_op_total_cap": 5, "approved_ua_total_cap": 5, "ua_name": "Bristol, City of" }, "geometry": { "type": "Point", "coordinates": [ -2.597729, 51.456267 ] } },
{ "type": "Feature", "properties": { "park_id": "300313", "active_status": "Deactivated", "audit_status": "Rejected", "live_op_total_cap": 0, "approved_ua_total_cap": 0, "ua_name": "Bristol, City of" }, "geometry": { "type": "Point", "coordinates": [ -2.61104, 51.4798 ] } },
{ "type": "Feature", "properties": { "park_id": "300314", "active_status": "Active", "audit_status": "Make changes and resubmit", "live_op_total_cap": 3, "approved_ua_total_cap": 3, "ua_name": "Bristol, City of" }, "geometry": { "type": "Point", "coordinates": [ -2.614109199999973, 51.439982500000042 ] } },
{ "type": "Feature", "properties": { "park_id": "300315", "active_status": "Active", "audit_status": "Approved and implement", "live_op_total_cap": 8, "approved_ua_total_cap": 8, "ua_name": "Bristol, City of" }, "geometry": { "type": "Point", "coordinates": [ -2.576280699999927, 51.441023600000051 ] } },
{ "type": "Feature", "properties": { "park_id": "300316", "active_status": "Active", "audit_status": "Make changes and resubmit", "live_op_total_cap": 6, "approved_ua_total_cap": 4, "ua_name": "Bristol, City of" }, "geometry": { "type": "Point", "coordinates": [ -2.608258899999953, 51.446097400000042 ] } },
{ "type": "Feature", "properties": { "park_id": "300317", "active_status": "Deactivated", "audit_status": "Rejected", "live_op_total_cap": 0, "approved_ua_total_cap": 0, "ua_name": "Bristol, City of" }, "geometry": { "type": "Point", "coordinates": [ -2.62714, 51.41964 ] } },
{ "type": "Feature", "properties": { "park_id": "300318", "active_status": "Active", "audit_status": "Approved and implement", "live_op_total_cap": 12, "approved_ua_total_cap": 12, "ua_name": "Bristol, City of" }, "geometry": { "type": "Point", "coordinates": [ -2.551395199999945, 51.455401700000039 ] } },
{ "type": "Feature", "properties": { "park_id": "300319", "active_status": "Deactivated", "audit_status": "Rejected", "live_op_total_cap": 0, "approved_ua_total_cap": 12, "ua_name": "Bristol, City of" }, "geometry": { "type": "Point", "coordinates": [ -2.59639, 51.45835 ] } },
{ "type": "Feature", "properties": { "park_id": "300320", "active_status": "Deactivated", "audit_status": "Rejected", "live_op_total_cap": 0, "approved_ua_total_cap": 0, "ua_name": "Bristol, City of" }, "geometry": { "type": "Point", "coordinates": [ -2.61114, 51.48001 ] } },
{ "type": "Feature", "properties": { "park_id": "300321", "active_status": "Active", "audit_status": "Make changes and implement", "live_op_total_cap": 12, "approved_ua_total_cap": 12, "ua_name": "Bristol, City of" }, "geometry": { "type": "Point", "coordinates": [ -2.621830299999942, 51.465080500000056 ] } },
{ "type": "Feature", "properties": { "park_id": "300322", "active_status": "Active", "audit_status": "Make changes and implement", "live_op_total_cap": 5, "approved_ua_total_cap": 5, "ua_name": "Bristol, City of" }, "geometry": { "type": "Point", "coordinates": [ -2.572024, 51.43832290000006 ] } },
{ "type": "Feature", "properties": { "park_id": "300323", "active_status": "Active", "audit_status": "Approved and implement", "live_op_total_cap": 6, "approved_ua_total_cap": 6, "ua_name": "Bristol, City of" }, "geometry": { "type": "Point", "coordinates": [ -2.610690299999931, 51.443707500000073 ] } },
{ "type": "Feature", "properties": { "park_id": "300324", "active_status": "Active", "audit_status": "Approved and implement", "live_op_total_cap": 4, "approved_ua_total_cap": 4, "ua_name": "Bristol, City of" }, "geometry": { "type": "Point", "coordinates": [ -2.627506, 51.418281500000035 ] } },
{ "type": "Feature", "properties": { "park_id": "300325", "active_status": "Active", "audit_status": "Approved and implement", "live_op_total_cap": 6, "approved_ua_total_cap": 6, "ua_name": "Bristol, City of" }, "geometry": { "type": "Point", "coordinates": [ -2.531280599999945, 51.475038100000063 ] } },
{ "type": "Feature", "properties": { "park_id": "300326", "active_status": "Active", "audit_status": "Approved and implement", "live_op_total_cap": 8, "approved_ua_total_cap": 8, "ua_name": "Bristol, City of" }, "geometry": { "type": "Point", "coordinates": [ -2.593418499999927, 51.459695 ] } },
{ "type": "Feature", "properties": { "park_id": "300327", "active_status": "Active", "audit_status": "Make changes and resubmit", "live_op_total_cap": 5, "approved_ua_total_cap": 5, "ua_name": "Bristol, City of" }, "geometry": { "type": "Point", "coordinates": [ -2.604561, 51.429213200000049 ] } },
{ "type": "Feature", "properties": { "park_id": "300328", "active_status": "Active", "audit_status": "Make changes and resubmit", "live_op_total_cap": 3, "approved_ua_total_cap": 3, "ua_name": "Bristol, City of" }, "geometry": { "type": "Point", "coordinates": [ -2.58166719999997, 51.472935100000029 ] } },
{ "type": "Feature", "properties": { "park_id": "300329", "active_status": "Active", "audit_status": "Make changes and resubmit", "live_op_total_cap": 8, "approved_ua_total_cap": 7, "ua_name": "Bristol, City of" }, "geometry": { "type": "Point", "coordinates": [ -2.604894499999943, 51.430365800000061 ] } },
{ "type": "Feature", "properties": { "park_id": "300330", "active_status": "Active", "audit_status": "Make changes and resubmit", "live_op_total_cap": 8, "approved_ua_total_cap": 0, "ua_name": "Bristol, City of" }, "geometry": { "type": "Point", "coordinates": [ -2.58467, 51.493059 ] } },
{ "type": "Feature", "properties": { "park_id": "300331", "active_status": "Active", "audit_status": "Approved and implement", "live_op_total_cap": 12, "approved_ua_total_cap": 12, "ua_name": "Bristol, City of" }, "geometry": { "type": "Point", "coordinates": [ -2.52547549999997, 51.461875300000031 ] } },
{ "type": "Feature", "properties": { "park_id": "300333", "active_status": "Deactivated", "audit_status": "Rejected", "live_op_total_cap": 0, "approved_ua_total_cap": 0, "ua_name": "Bristol, City of" }, "geometry": { "type": "Point", "coordinates": [ -2.56748, 51.43512 ] } },
{ "type": "Feature", "properties": { "park_id": "300334", "active_status": "Active", "audit_status": "Approved and implement", "live_op_total_cap": 5, "approved_ua_total_cap": 5, "ua_name": "Bristol, City of" }, "geometry": { "type": "Point", "coordinates": [ -2.60903019999995, 51.470727500000066 ] } },
{ "type": "Feature", "properties": { "park_id": "300335", "active_status": "Active", "audit_status": "Ready for UA review", "live_op_total_cap": 0, "approved_ua_total_cap": 0, "ua_name": "Bristol, City of" }, "geometry": { "type": "Point", "coordinates": [ -2.55573, 51.44082 ] } },
{ "type": "Feature", "properties": { "park_id": "300336", "active_status": "Active", "audit_status": "Make changes and implement", "live_op_total_cap": 12, "approved_ua_total_cap": 12, "ua_name": "Bristol, City of" }, "geometry": { "type": "Point", "coordinates": [ -2.530031, 51.4573 ] } },
{ "type": "Feature", "properties": { "park_id": "300337", "active_status": "Active", "audit_status": "Rejected", "live_op_total_cap": 8, "approved_ua_total_cap": 0, "ua_name": "Bristol, City of" }, "geometry": { "type": "Point", "coordinates": [ -2.551635499999975, 51.439656100000036 ] } },
{ "type": "Feature", "properties": { "park_id": "300338", "active_status": "Deactivated", "audit_status": "Rejected", "live_op_total_cap": 0, "approved_ua_total_cap": 0, "ua_name": "Bristol, City of" }, "geometry": { "type": "Point", "coordinates": [ -2.58036, 51.47617 ] } },
{ "type": "Feature", "properties": { "park_id": "300339", "active_status": "Deactivated", "audit_status": "Rejected", "live_op_total_cap": 0, "approved_ua_total_cap": 0, "ua_name": "Bristol, City of" }, "geometry": { "type": "Point", "coordinates": [ -2.61368, 51.47167 ] } },
{ "type": "Feature", "properties": { "park_id": "300340", "active_status": "Inactive (rejected)", "audit_status": "Audited - private land", "live_op_total_cap": 0, "approved_ua_total_cap": 0, "ua_name": "Bristol, City of" }, "geometry": { "type": "Point", "coordinates": [ -2.525876998999934, 51.47299957000007 ] } },
{ "type": "Feature", "properties": { "park_id": "300341", "active_status": "Active", "audit_status": "Make changes and implement", "live_op_total_cap": 6, "approved_ua_total_cap": 6, "ua_name": "Bristol, City of" }, "geometry": { "type": "Point", "coordinates": [ -2.551398699999936, 51.439341300000081 ] } },
{ "type": "Feature", "properties": { "park_id": "300342", "active_status": "Deactivated", "audit_status": "Rejected", "live_op_total_cap": 0, "approved_ua_total_cap": 0, "ua_name": "Bristol, City of" }, "geometry": { "type": "Point", "coordinates": [ -2.59551, 51.46395 ] } },
{ "type": "Feature", "properties": { "park_id": "300343", "active_status": "Inactive (rejected)", "audit_status": "Rejected", "live_op_total_cap": 0, "approved_ua_total_cap": 0, "ua_name": "Bristol, City of" }, "geometry": { "type": "Point", "coordinates": [ -2.54223608999996, 51.44028854000004 ] } },
{ "type": "Feature", "properties": { "park_id": "300344", "active_status": "Active", "audit_status": "Approved and implement", "live_op_total_cap": 6, "approved_ua_total_cap": 6, "ua_name": "Bristol, City of" }, "geometry": { "type": "Point", "coordinates": [ -2.534616699999958, 51.458871700000032 ] } },
{ "type": "Feature", "properties": { "park_id": "300345", "active_status": "Active", "audit_status": "Approved and implement", "live_op_total_cap": 10, "approved_ua_total_cap": 10, "ua_name": "Bristol, City of" }, "geometry": { "type": "Point", "coordinates": [ -2.604236899999933, 51.470036700000037 ] } },
{ "type": "Feature", "properties": { "park_id": "300346", "active_status": "Deactivated", "audit_status": "Make changes and resubmit", "live_op_total_cap": 0, "approved_ua_total_cap": 0, "ua_name": "Bristol, City of" }, "geometry": { "type": "Point", "coordinates": [ -2.59422, 51.44627 ] } },
{ "type": "Feature", "properties": { "park_id": "300347", "active_status": "Active", "audit_status": "Make changes and resubmit", "live_op_total_cap": 6, "approved_ua_total_cap": 6, "ua_name": "Bristol, City of" }, "geometry": { "type": "Point", "coordinates": [ -2.610641399999963, 51.474718300000063 ] } },
{ "type": "Feature", "properties": { "park_id": "300348", "active_status": "Deactivated", "audit_status": "Rejected", "live_op_total_cap": 0, "approved_ua_total_cap": 0, "ua_name": "Bristol, City of" }, "geometry": { "type": "Point", "coordinates": [ -2.54186, 51.44865 ] } },
{ "type": "Feature", "properties": { "park_id": "300349", "active_status": "Deactivated", "audit_status": "Rejected", "live_op_total_cap": 0, "approved_ua_total_cap": 0, "ua_name": "Bristol, City of" }, "geometry": { "type": "Point", "coordinates": [ -2.61262, 51.46333 ] } },
{ "type": "Feature", "properties": { "park_id": "300350", "active_status": "Active", "audit_status": "Approved and implement", "live_op_total_cap": 15, "approved_ua_total_cap": 15, "ua_name": "Bristol, City of" }, "geometry": { "type": "Point", "coordinates": [ -2.592639099999928, 51.446289900000068 ] } },
{ "type": "Feature", "properties": { "park_id": "300351", "active_status": "Active", "audit_status": "Make changes and implement", "live_op_total_cap": 7, "approved_ua_total_cap": 7, "ua_name": "Bristol, City of" }, "geometry": { "type": "Point", "coordinates": [ -2.564096199999938, 51.470263800000055 ] } },
{ "type": "Feature", "properties": { "park_id": "300352", "active_status": "Active", "audit_status": "Approved and implement", "live_op_total_cap": 9, "approved_ua_total_cap": 9, "ua_name": "Bristol, City of" }, "geometry": { "type": "Point", "coordinates": [ -2.573400299999946, 51.461132400000054 ] } },
{ "type": "Feature", "properties": { "park_id": "300353", "active_status": "Active", "audit_status": "Make changes and implement", "live_op_total_cap": 6, "approved_ua_total_cap": 6, "ua_name": "Bristol, City of" }, "geometry": { "type": "Point", "coordinates": [ -2.55004619999994, 51.466298100000074 ] } },
{ "type": "Feature", "properties": { "park_id": "300354", "active_status": "Deactivated", "audit_status": "Rejected", "live_op_total_cap": 0, "approved_ua_total_cap": 0, "ua_name": "Bristol, City of" }, "geometry": { "type": "Point", "coordinates": [ -2.55959, 51.46933 ] } },
{ "type": "Feature", "properties": { "park_id": "300355", "active_status": "Active", "audit_status": "Approved and implement", "live_op_total_cap": 10, "approved_ua_total_cap": 10, "ua_name": "Bristol, City of" }, "geometry": { "type": "Point", "coordinates": [ -2.608747899999969, 51.446947400000056 ] } },
{ "type": "Feature", "properties": { "park_id": "300356", "active_status": "Active", "audit_status": "Make changes and resubmit", "live_op_total_cap": 7, "approved_ua_total_cap": 6, "ua_name": "Bristol, City of" }, "geometry": { "type": "Point", "coordinates": [ -2.603943299999969, 51.481435100000056 ] } },
{ "type": "Feature", "properties": { "park_id": "300357", "active_status": "Active", "audit_status": "Approved and implement", "live_op_total_cap": 4, "approved_ua_total_cap": 4, "ua_name": "Bristol, City of" }, "geometry": { "type": "Point", "coordinates": [ -2.565094099999953, 51.469594700000073 ] } },
{ "type": "Feature", "properties": { "park_id": "300358", "active_status": "Active", "audit_status": "Approved and implement", "live_op_total_cap": 8, "approved_ua_total_cap": 8, "ua_name": "Bristol, City of" }, "geometry": { "type": "Point", "coordinates": [ -2.525509, 51.45459 ] } },
{ "type": "Feature", "properties": { "park_id": "300359", "active_status": "Active", "audit_status": "Approved and implement", "live_op_total_cap": 8, "approved_ua_total_cap": 8, "ua_name": "Bristol, City of" }, "geometry": { "type": "Point", "coordinates": [ -2.545375399999955, 51.44794870000004 ] } },
{ "type": "Feature", "properties": { "park_id": "300360", "active_status": "Active", "audit_status": "Approved and implement", "live_op_total_cap": 10, "approved_ua_total_cap": 10, "ua_name": "Bristol, City of" }, "geometry": { "type": "Point", "coordinates": [ -2.552684, 51.43407510000003 ] } },
{ "type": "Feature", "properties": { "park_id": "300361", "active_status": "Active", "audit_status": "Approved and implement", "live_op_total_cap": 6, "approved_ua_total_cap": 6, "ua_name": "Bristol, City of" }, "geometry": { "type": "Point", "coordinates": [ -2.527738499999941, 51.45494640000004 ] } },
{ "type": "Feature", "properties": { "park_id": "300362", "active_status": "Active", "audit_status": "Approved and implement", "live_op_total_cap": 6, "approved_ua_total_cap": 6, "ua_name": "Bristol, City of" }, "geometry": { "type": "Point", "coordinates": [ -2.561960099999965, 51.470737 ] } },
{ "type": "Feature", "properties": { "park_id": "300364", "active_status": "Inactive (rejected)", "audit_status": "Rejected", "live_op_total_cap": 0, "approved_ua_total_cap": 0, "ua_name": "Bristol, City of" }, "geometry": { "type": "Point", "coordinates": [ -2.54591393499993, 51.46621704000006 ] } },
{ "type": "Feature", "properties": { "park_id": "300365", "active_status": "Active", "audit_status": "Make changes and implement", "live_op_total_cap": 8, "approved_ua_total_cap": 8, "ua_name": "Bristol, City of" }, "geometry": { "type": "Point", "coordinates": [ -2.528538, 51.455418200000054 ] } },
{ "type": "Feature", "properties": { "park_id": "300367", "active_status": "Active", "audit_status": "Approved and implement", "live_op_total_cap": 7, "approved_ua_total_cap": 7, "ua_name": "Bristol, City of" }, "geometry": { "type": "Point", "coordinates": [ -2.552601299999935, 51.435387400000081 ] } },
{ "type": "Feature", "properties": { "park_id": "300368", "active_status": "Deactivated", "audit_status": "Rejected", "live_op_total_cap": 0, "approved_ua_total_cap": 0, "ua_name": "Bristol, City of" }, "geometry": { "type": "Point", "coordinates": [ -2.62533, 51.46182 ] } },
{ "type": "Feature", "properties": { "park_id": "300369", "active_status": "Active", "audit_status": "Approved and implement", "live_op_total_cap": 10, "approved_ua_total_cap": 10, "ua_name": "Bristol, City of" }, "geometry": { "type": "Point", "coordinates": [ -2.569030099999964, 51.466920800000082 ] } },
{ "type": "Feature", "properties": { "park_id": "300370", "active_status": "Inactive (rejected)", "audit_status": "Rejected", "live_op_total_cap": 0, "approved_ua_total_cap": 0, "ua_name": "Bristol, City of" }, "geometry": { "type": "Point", "coordinates": [ -2.53412198999996, 51.458908080000072 ] } },
{ "type": "Feature", "properties": { "park_id": "300371", "active_status": "Active", "audit_status": "Make changes and resubmit", "live_op_total_cap": 10, "approved_ua_total_cap": 10, "ua_name": "Bristol, City of" }, "geometry": { "type": "Point", "coordinates": [ -2.578164499999957, 51.458651700000075 ] } },
{ "type": "Feature", "properties": { "park_id": "300372", "active_status": "Active", "audit_status": "Make changes and resubmit", "live_op_total_cap": 3, "approved_ua_total_cap": 3, "ua_name": "Bristol, City of" }, "geometry": { "type": "Point", "coordinates": [ -2.596122599999944, 51.447651400000041 ] } },
{ "type": "Feature", "properties": { "park_id": "300373", "active_status": "Active", "audit_status": "Approved and implement", "live_op_total_cap": 3, "approved_ua_total_cap": 3, "ua_name": "Bristol, City of" }, "geometry": { "type": "Point", "coordinates": [ -2.534040699999935, 51.45895930000006 ] } },
{ "type": "Feature", "properties": { "park_id": "300374", "active_status": "Active", "audit_status": "Approved and implement", "live_op_total_cap": 8, "approved_ua_total_cap": 8, "ua_name": "Bristol, City of" }, "geometry": { "type": "Point", "coordinates": [ -2.575733299999968, 51.456837800000073 ] } },
{ "type": "Feature", "properties": { "park_id": "300375", "active_status": "Active", "audit_status": "Approved and implement", "live_op_total_cap": 10, "approved_ua_total_cap": 10, "ua_name": "Bristol, City of" }, "geometry": { "type": "Point", "coordinates": [ -2.559995799999967, 51.44161820000005 ] } },
{ "type": "Feature", "properties": { "park_id": "300376", "active_status": "Active", "audit_status": "Make changes and implement", "live_op_total_cap": 8, "approved_ua_total_cap": 8, "ua_name": "Bristol, City of" }, "geometry": { "type": "Point", "coordinates": [ -2.625765699999931, 51.462289600000076 ] } },
{ "type": "Feature", "properties": { "park_id": "300377", "active_status": "Deactivated", "audit_status": "Rejected", "live_op_total_cap": 0, "approved_ua_total_cap": 0, "ua_name": "Bristol, City of" }, "geometry": { "type": "Point", "coordinates": [ -2.58637, 51.48441 ] } },
{ "type": "Feature", "properties": { "park_id": "300378", "active_status": "Inactive (rejected)", "audit_status": "Rejected", "live_op_total_cap": 0, "approved_ua_total_cap": 0, "ua_name": "Bristol, City of" }, "geometry": { "type": "Point", "coordinates": [ -2.607578038999975, 51.447994230000063 ] } },
{ "type": "Feature", "properties": { "park_id": "300379", "active_status": "Deactivated", "audit_status": "Rejected", "live_op_total_cap": 0, "approved_ua_total_cap": 0, "ua_name": "Bristol, City of" }, "geometry": { "type": "Point", "coordinates": [ -2.61111, 51.45737 ] } },
{ "type": "Feature", "properties": { "park_id": "300380", "active_status": "Active", "audit_status": "Approved and implement", "live_op_total_cap": 10, "approved_ua_total_cap": 10, "ua_name": "Bristol, City of" }, "geometry": { "type": "Point", "coordinates": [ -2.564370199999928, 51.465437300000076 ] } },
{ "type": "Feature", "properties": { "park_id": "300381", "active_status": "Inactive (rejected)", "audit_status": "Rejected", "live_op_total_cap": 0, "approved_ua_total_cap": 0, "ua_name": "Bristol, City of" }, "geometry": { "type": "Point", "coordinates": [ -2.537983893999979, 51.460124970000038 ] } },
{ "type": "Feature", "properties": { "park_id": "300382", "active_status": "Active", "audit_status": "Make changes and implement", "live_op_total_cap": 4, "approved_ua_total_cap": 4, "ua_name": "Bristol, City of" }, "geometry": { "type": "Point", "coordinates": [ -2.53800259999997, 51.460209400000053 ] } },
{ "type": "Feature", "properties": { "park_id": "300383", "active_status": "Active", "audit_status": "Make changes and implement", "live_op_total_cap": 6, "approved_ua_total_cap": 6, "ua_name": "Bristol, City of" }, "geometry": { "type": "Point", "coordinates": [ -2.551705499999969, 51.439460500000052 ] } },
{ "type": "Feature", "properties": { "park_id": "300384", "active_status": "Active", "audit_status": "Approved and implement", "live_op_total_cap": 7, "approved_ua_total_cap": 7, "ua_name": "Bristol, City of" }, "geometry": { "type": "Point", "coordinates": [ -2.545099, 51.460125900000037 ] } },
{ "type": "Feature", "properties": { "park_id": "300385", "active_status": "Deactivated", "audit_status": "Approved and implement", "live_op_total_cap": 0, "approved_ua_total_cap": 7, "ua_name": "Bristol, City of" }, "geometry": { "type": "Point", "coordinates": [ -2.606948799999941, 51.458390300000076 ] } },
{ "type": "Feature", "properties": { "park_id": "300386", "active_status": "Active", "audit_status": "Approved and implement", "live_op_total_cap": 6, "approved_ua_total_cap": 6, "ua_name": "Bristol, City of" }, "geometry": { "type": "Point", "coordinates": [ -2.600095899999928, 51.445628700000043 ] } },
{ "type": "Feature", "properties": { "park_id": "300387", "active_status": "Active", "audit_status": "Make changes and resubmit", "live_op_total_cap": 8, "approved_ua_total_cap": 8, "ua_name": "Bristol, City of" }, "geometry": { "type": "Point", "coordinates": [ -2.565165, 51.466881 ] } },
{ "type": "Feature", "properties": { "park_id": "300389", "active_status": "Active", "audit_status": "Make changes and implement", "live_op_total_cap": 4, "approved_ua_total_cap": 4, "ua_name": "Bristol, City of" }, "geometry": { "type": "Point", "coordinates": [ -2.56515909999996, 51.456973600000026 ] } },
{ "type": "Feature", "properties": { "park_id": "200204", "active_status": "Active", "audit_status": "Approved and implement", "live_op_total_cap": 10, "approved_ua_total_cap": null, "ua_name": "South Gloucestershire" }, "geometry": { "type": "Point", "coordinates": [ -2.519897937999929, 51.440032960000053 ] } },
{ "type": "Feature", "properties": { "park_id": "200205", "active_status": "Active", "audit_status": "Approved and implement", "live_op_total_cap": 8, "approved_ua_total_cap": null, "ua_name": "South Gloucestershire" }, "geometry": { "type": "Point", "coordinates": [ -2.578258990999927, 51.503498080000043 ] } },
{ "type": "Feature", "properties": { "park_id": "200206", "active_status": "Active", "audit_status": "Approved and implement", "live_op_total_cap": 10, "approved_ua_total_cap": null, "ua_name": "South Gloucestershire" }, "geometry": { "type": "Point", "coordinates": [ -2.546101092999947, 51.535030360000064 ] } },
{ "type": "Feature", "properties": { "park_id": "200207", "active_status": "Active", "audit_status": "Approved and implement", "live_op_total_cap": 20, "approved_ua_total_cap": null, "ua_name": "South Gloucestershire" }, "geometry": { "type": "Point", "coordinates": [ -2.546380996999972, 51.495826720000082 ] } },
{ "type": "Feature", "properties": { "park_id": "200208", "active_status": "Active", "audit_status": "Approved and implement", "live_op_total_cap": 10, "approved_ua_total_cap": null, "ua_name": "South Gloucestershire" }, "geometry": { "type": "Point", "coordinates": [ -2.536936044999948, 51.527050020000047 ] } },
{ "type": "Feature", "properties": { "park_id": "200209", "active_status": "Inactive (rejected)", "audit_status": "Rejected", "live_op_total_cap": 0, "approved_ua_total_cap": null, "ua_name": "South Gloucestershire" }, "geometry": { "type": "Point", "coordinates": [ -2.546940087999928, 51.536201480000045 ] } },
{ "type": "Feature", "properties": { "park_id": "200210", "active_status": "Active", "audit_status": "Approved and implement", "live_op_total_cap": 15, "approved_ua_total_cap": null, "ua_name": "South Gloucestershire" }, "geometry": { "type": "Point", "coordinates": [ -2.497900008999977, 51.463199620000069 ] } },
{ "type": "Feature", "properties": { "park_id": "200211", "active_status": "Active", "audit_status": "Approved and implement", "live_op_total_cap": 7, "approved_ua_total_cap": null, "ua_name": "South Gloucestershire" }, "geometry": { "type": "Point", "coordinates": [ -2.533740043999956, 51.528045650000081 ] } },
{ "type": "Feature", "properties": { "park_id": "200212", "active_status": "Active", "audit_status": "Approved and implement", "live_op_total_cap": 10, "approved_ua_total_cap": null, "ua_name": "South Gloucestershire" }, "geometry": { "type": "Point", "coordinates": [ -2.573154925999972, 51.501014710000049 ] } },
{ "type": "Feature", "properties": { "park_id": "200213", "active_status": "Inactive (rejected)", "audit_status": "Rejected", "live_op_total_cap": 0, "approved_ua_total_cap": null, "ua_name": "South Gloucestershire" }, "geometry": { "type": "Point", "coordinates": [ -2.532982110999967, 51.525241850000043 ] } },
{ "type": "Feature", "properties": { "park_id": "200214", "active_status": "Deactivated", "audit_status": "Approved and implement", "live_op_total_cap": 0, "approved_ua_total_cap": null, "ua_name": "South Gloucestershire" }, "geometry": { "type": "Point", "coordinates": [ -2.581533908999972, 51.522342680000065 ] } },
{ "type": "Feature", "properties": { "park_id": "200215", "active_status": "Active", "audit_status": "Approved and implement", "live_op_total_cap": 10, "approved_ua_total_cap": null, "ua_name": "South Gloucestershire" }, "geometry": { "type": "Point", "coordinates": [ -2.535619019999956, 51.524246220000066 ] } },
{ "type": "Feature", "properties": { "park_id": "200216", "active_status": "Active", "audit_status": "Approved and implement", "live_op_total_cap": 6, "approved_ua_total_cap": null, "ua_name": "South Gloucestershire" }, "geometry": { "type": "Point", "coordinates": [ -2.546437024999932, 51.533260350000035 ] } },
{ "type": "Feature", "properties": { "park_id": "200217", "active_status": "Inactive (rejected)", "audit_status": "Rejected", "live_op_total_cap": 0, "approved_ua_total_cap": null, "ua_name": "South Gloucestershire" }, "geometry": { "type": "Point", "coordinates": [ -2.530603885999938, 51.519115450000072 ] } },
{ "type": "Feature", "properties": { "park_id": "200218", "active_status": "Inactive (rejected)", "audit_status": "Rejected", "live_op_total_cap": 0, "approved_ua_total_cap": null, "ua_name": "South Gloucestershire" }, "geometry": { "type": "Point", "coordinates": [ -2.558980941999948, 51.548690800000031 ] } },
{ "type": "Feature", "properties": { "park_id": "200219", "active_status": "Inactive (rejected)", "audit_status": "Rejected", "live_op_total_cap": 0, "approved_ua_total_cap": null, "ua_name": "South Gloucestershire" }, "geometry": { "type": "Point", "coordinates": [ -2.512142896999933, 51.467651370000056 ] } },
{ "type": "Feature", "properties": { "park_id": "200220", "active_status": "Active", "audit_status": "Approved and implement", "live_op_total_cap": 20, "approved_ua_total_cap": null, "ua_name": "South Gloucestershire" }, "geometry": { "type": "Point", "coordinates": [ -2.557784080999966, 51.543716430000075 ] } },
{ "type": "Feature", "properties": { "park_id": "200221", "active_status": "Active", "audit_status": "Approved and implement", "live_op_total_cap": 20, "approved_ua_total_cap": null, "ua_name": "South Gloucestershire" }, "geometry": { "type": "Point", "coordinates": [ -2.537583112999926, 51.507648470000049 ] } },
{ "type": "Feature", "properties": { "park_id": "200222", "active_status": "Deactivated", "audit_status": "Rejected", "live_op_total_cap": 0, "approved_ua_total_cap": null, "ua_name": "South Gloucestershire" }, "geometry": { "type": "Point", "coordinates": [ -2.55817198799997, 51.542228700000067 ] } },
{ "type": "Feature", "properties": { "park_id": "200223", "active_status": "Active", "audit_status": "Approved and implement", "live_op_total_cap": 10, "approved_ua_total_cap": null, "ua_name": "South Gloucestershire" }, "geometry": { "type": "Point", "coordinates": [ -2.564686059999929, 51.508209230000034 ] } },
{ "type": "Feature", "properties": { "park_id": "200224", "active_status": "Active", "audit_status": "Approved and implement", "live_op_total_cap": 10, "approved_ua_total_cap": null, "ua_name": "South Gloucestershire" }, "geometry": { "type": "Point", "coordinates": [ -2.533628940999961, 51.522155760000032 ] } },
{ "type": "Feature", "properties": { "park_id": "200225", "active_status": "Inactive (rejected)", "audit_status": "Rejected", "live_op_total_cap": 0, "approved_ua_total_cap": null, "ua_name": "South Gloucestershire" }, "geometry": { "type": "Point", "coordinates": [ -2.552160024999978, 51.533363340000051 ] } },
{ "type": "Feature", "properties": { "park_id": "200226", "active_status": "Inactive (rejected)", "audit_status": "Rejected", "live_op_total_cap": 0, "approved_ua_total_cap": null, "ua_name": "South Gloucestershire" }, "geometry": { "type": "Point", "coordinates": [ -2.54939699199997, 51.533706670000072 ] } },
{ "type": "Feature", "properties": { "park_id": "200227", "active_status": "Deactivated", "audit_status": "Rejected", "live_op_total_cap": 0, "approved_ua_total_cap": null, "ua_name": "South Gloucestershire" }, "geometry": { "type": "Point", "coordinates": [ -2.545573949999948, 51.497451780000063 ] } },
{ "type": "Feature", "properties": { "park_id": "200228", "active_status": "Active", "audit_status": "Approved and implement", "live_op_total_cap": 18, "approved_ua_total_cap": null, "ua_name": "South Gloucestershire" }, "geometry": { "type": "Point", "coordinates": [ -2.54655194299994, 51.514102940000043 ] } },
{ "type": "Feature", "properties": { "park_id": "200229", "active_status": "Active", "audit_status": "Approved and implement", "live_op_total_cap": 15, "approved_ua_total_cap": null, "ua_name": "South Gloucestershire" }, "geometry": { "type": "Point", "coordinates": [ -2.54662704499998, 51.51678467000005 ] } },
{ "type": "Feature", "properties": { "park_id": "200230", "active_status": "Deactivated", "audit_status": "Rejected", "live_op_total_cap": 0, "approved_ua_total_cap": null, "ua_name": "South Gloucestershire" }, "geometry": { "type": "Point", "coordinates": [ -2.549583911999946, 51.512012480000067 ] } },
{ "type": "Feature", "properties": { "park_id": "200231", "active_status": "Active", "audit_status": "Approved and implement", "live_op_total_cap": 10, "approved_ua_total_cap": null, "ua_name": "South Gloucestershire" }, "geometry": { "type": "Point", "coordinates": [ -2.557010888999969, 51.506744380000043 ] } },
{ "type": "Feature", "properties": { "park_id": "200232", "active_status": "Deactivated", "audit_status": "Rejected", "live_op_total_cap": 0, "approved_ua_total_cap": null, "ua_name": "South Gloucestershire" }, "geometry": { "type": "Point", "coordinates": [ -2.555510997999932, 51.503185270000074 ] } },
{ "type": "Feature", "properties": { "park_id": "200233", "active_status": "Active", "audit_status": "Approved and implement", "live_op_total_cap": 20, "approved_ua_total_cap": null, "ua_name": "South Gloucestershire" }, "geometry": { "type": "Point", "coordinates": [ -2.544950007999944, 51.503711700000053 ] } },
{ "type": "Feature", "properties": { "park_id": "200234", "active_status": "Active", "audit_status": "Approved and implement", "live_op_total_cap": 10, "approved_ua_total_cap": null, "ua_name": "South Gloucestershire" }, "geometry": { "type": "Point", "coordinates": [ -2.542579888999967, 51.495273590000068 ] } },
{ "type": "Feature", "properties": { "park_id": "200235", "active_status": "Deactivated", "audit_status": "Rejected", "live_op_total_cap": 0, "approved_ua_total_cap": null, "ua_name": "South Gloucestershire" }, "geometry": { "type": "Point", "coordinates": [ -2.564795016999938, 51.507362370000067 ] } },
{ "type": "Feature", "properties": { "park_id": "200236", "active_status": "Active", "audit_status": "Approved and implement", "live_op_total_cap": 5, "approved_ua_total_cap": null, "ua_name": "South Gloucestershire" }, "geometry": { "type": "Point", "coordinates": [ -2.488209962999974, 51.455226900000071 ] } },
{ "type": "Feature", "properties": { "park_id": "200237", "active_status": "Active", "audit_status": "Approved and implement", "live_op_total_cap": 20, "approved_ua_total_cap": null, "ua_name": "South Gloucestershire" }, "geometry": { "type": "Point", "coordinates": [ -2.493139981999946, 51.456306460000064 ] } },
{ "type": "Feature", "properties": { "park_id": "200238", "active_status": "Inactive (surplus)", "audit_status": "Approved and implement", "live_op_total_cap": 0, "approved_ua_total_cap": null, "ua_name": "South Gloucestershire" }, "geometry": { "type": "Point", "coordinates": [ -2.492609023999933, 51.456443790000037 ] } },
{ "type": "Feature", "properties": { "park_id": "200239", "active_status": "Deactivated", "audit_status": "Approved and implement", "live_op_total_cap": 0, "approved_ua_total_cap": null, "ua_name": "South Gloucestershire" }, "geometry": { "type": "Point", "coordinates": [ -2.49133, 51.45699 ] } },
{ "type": "Feature", "properties": { "park_id": "200240", "active_status": "Deactivated", "audit_status": "Approved and implement", "live_op_total_cap": 5, "approved_ua_total_cap": null, "ua_name": "South Gloucestershire" }, "geometry": { "type": "Point", "coordinates": [ -2.494635104999929, 51.459590910000031 ] } },
{ "type": "Feature", "properties": { "park_id": "200241", "active_status": "Active", "audit_status": "Approved and implement", "live_op_total_cap": 15, "approved_ua_total_cap": null, "ua_name": "South Gloucestershire" }, "geometry": { "type": "Point", "coordinates": [ -2.498718976999953, 51.45681 ] } },
{ "type": "Feature", "properties": { "park_id": "200242", "active_status": "Active", "audit_status": "Approved and implement", "live_op_total_cap": 5, "approved_ua_total_cap": null, "ua_name": "South Gloucestershire" }, "geometry": { "type": "Point", "coordinates": [ -2.500437020999925, 51.457408910000026 ] } },
{ "type": "Feature", "properties": { "park_id": "200243", "active_status": "Active", "audit_status": "Approved and implement", "live_op_total_cap": 15, "approved_ua_total_cap": null, "ua_name": "South Gloucestershire" }, "geometry": { "type": "Point", "coordinates": [ -2.505947112999934, 51.455188750000048 ] } },
{ "type": "Feature", "properties": { "park_id": "200244", "active_status": "Active", "audit_status": "Approved and implement", "live_op_total_cap": 16, "approved_ua_total_cap": null, "ua_name": "South Gloucestershire" }, "geometry": { "type": "Point", "coordinates": [ -2.506213902999946, 51.455455780000079 ] } },
{ "type": "Feature", "properties": { "park_id": "200245", "active_status": "Active", "audit_status": "Approved and implement", "live_op_total_cap": 5, "approved_ua_total_cap": null, "ua_name": "South Gloucestershire" }, "geometry": { "type": "Point", "coordinates": [ -2.505812882999976, 51.453079220000063 ] } },
{ "type": "Feature", "properties": { "park_id": "200246", "active_status": "Inactive (surplus)", "audit_status": "Approved and implement", "live_op_total_cap": 0, "approved_ua_total_cap": 7, "ua_name": "South Gloucestershire" }, "geometry": { "type": "Point", "coordinates": [ -2.505723952999972, 51.452842710000027 ] } },
{ "type": "Feature", "properties": { "park_id": "200247", "active_status": "Active", "audit_status": "Approved and implement", "live_op_total_cap": 10, "approved_ua_total_cap": null, "ua_name": "South Gloucestershire" }, "geometry": { "type": "Point", "coordinates": [ -2.572266101999958, 51.515777590000027 ] } },
{ "type": "Feature", "properties": { "park_id": "200248", "active_status": "Active", "audit_status": "Approved and implement", "live_op_total_cap": 16, "approved_ua_total_cap": null, "ua_name": "South Gloucestershire" }, "geometry": { "type": "Point", "coordinates": [ -2.546569108999961, 51.535449980000067 ] } },
{ "type": "Feature", "properties": { "park_id": "200249", "active_status": "Active", "audit_status": "Approved and implement", "live_op_total_cap": 10, "approved_ua_total_cap": null, "ua_name": "South Gloucestershire" }, "geometry": { "type": "Point", "coordinates": [ -2.573563098999955, 51.509822850000035 ] } },
{ "type": "Feature", "properties": { "park_id": "200250", "active_status": "Active", "audit_status": "Approved and implement", "live_op_total_cap": 10, "approved_ua_total_cap": null, "ua_name": "South Gloucestershire" }, "geometry": { "type": "Point", "coordinates": [ -2.548259019999932, 51.51796722000006 ] } },
{ "type": "Feature", "properties": { "park_id": "200251", "active_status": "Inactive (rejected)", "audit_status": "Rejected", "live_op_total_cap": 0, "approved_ua_total_cap": null, "ua_name": "South Gloucestershire" }, "geometry": { "type": "Point", "coordinates": [ -2.492932080999935, 51.453720090000047 ] } },
{ "type": "Feature", "properties": { "park_id": "200252", "active_status": "Deactivated", "audit_status": "Rejected", "live_op_total_cap": 0, "approved_ua_total_cap": null, "ua_name": "South Gloucestershire" }, "geometry": { "type": "Point", "coordinates": [ -2.550188064999929, 51.508621220000066 ] } },
{ "type": "Feature", "properties": { "park_id": "200253", "active_status": "Inactive (rejected)", "audit_status": "Rejected", "live_op_total_cap": 0, "approved_ua_total_cap": null, "ua_name": "South Gloucestershire" }, "geometry": { "type": "Point", "coordinates": [ -2.478481053999928, 51.495155330000046 ] } },
{ "type": "Feature", "properties": { "park_id": "200254", "active_status": "Active", "audit_status": "Approved and implement", "live_op_total_cap": 15, "approved_ua_total_cap": null, "ua_name": "South Gloucestershire" }, "geometry": { "type": "Point", "coordinates": [ -2.512275933999945, 51.460735320000026 ] } },
{ "type": "Feature", "properties": { "park_id": "200255", "active_status": "Active", "audit_status": "Approved and implement", "live_op_total_cap": 15, "approved_ua_total_cap": null, "ua_name": "South Gloucestershire" }, "geometry": { "type": "Point", "coordinates": [ -2.581820964999963, 51.506572720000065 ] } },
{ "type": "Feature", "properties": { "park_id": "200256", "active_status": "Active", "audit_status": "Approved and implement", "live_op_total_cap": 6, "approved_ua_total_cap": null, "ua_name": "South Gloucestershire" }, "geometry": { "type": "Point", "coordinates": [ -2.471462964999944, 51.491447450000067 ] } },
{ "type": "Feature", "properties": { "park_id": "200257", "active_status": "Deactivated", "audit_status": "Approved and implement", "live_op_total_cap": 0, "approved_ua_total_cap": null, "ua_name": "South Gloucestershire" }, "geometry": { "type": "Point", "coordinates": [ -2.509350060999964, 51.481170650000081 ] } },
{ "type": "Feature", "properties": { "park_id": "200258", "active_status": "Active", "audit_status": "Approved and implement", "live_op_total_cap": 5, "approved_ua_total_cap": null, "ua_name": "South Gloucestershire" }, "geometry": { "type": "Point", "coordinates": [ -2.577406882999981, 51.504665370000055 ] } },
{ "type": "Feature", "properties": { "park_id": "200259", "active_status": "Inactive (rejected)", "audit_status": "Rejected", "live_op_total_cap": 0, "approved_ua_total_cap": null, "ua_name": "South Gloucestershire" }, "geometry": { "type": "Point", "coordinates": [ -2.543802976999928, 51.531570430000045 ] } },
{ "type": "Feature", "properties": { "park_id": "200260", "active_status": "Active", "audit_status": "Approved and implement", "live_op_total_cap": 16, "approved_ua_total_cap": null, "ua_name": "South Gloucestershire" }, "geometry": { "type": "Point", "coordinates": [ -2.521591901999955, 51.443817140000078 ] } },
{ "type": "Feature", "properties": { "park_id": "200261", "active_status": "Active", "audit_status": "Approved and implement", "live_op_total_cap": 15, "approved_ua_total_cap": null, "ua_name": "South Gloucestershire" }, "geometry": { "type": "Point", "coordinates": [ -2.544332980999968, 51.496440890000031 ] } },
{ "type": "Feature", "properties": { "park_id": "200262", "active_status": "Inactive (rejected)", "audit_status": "Rejected", "live_op_total_cap": 0, "approved_ua_total_cap": null, "ua_name": "South Gloucestershire" }, "geometry": { "type": "Point", "coordinates": [ -2.530452012999945, 51.518344880000029 ] } },
{ "type": "Feature", "properties": { "park_id": "200263", "active_status": "Inactive (rejected)", "audit_status": "Rejected", "live_op_total_cap": 0, "approved_ua_total_cap": null, "ua_name": "South Gloucestershire" }, "geometry": { "type": "Point", "coordinates": [ -2.587476014999936, 51.522048950000055 ] } },
{ "type": "Feature", "properties": { "park_id": "200264", "active_status": "Deactivated", "audit_status": "Rejected", "live_op_total_cap": 0, "approved_ua_total_cap": null, "ua_name": "South Gloucestershire" }, "geometry": { "type": "Point", "coordinates": [ -2.553942918999951, 51.507747650000056 ] } },
{ "type": "Feature", "properties": { "park_id": "200265", "active_status": "Active", "audit_status": "Approved and implement", "live_op_total_cap": 20, "approved_ua_total_cap": null, "ua_name": "South Gloucestershire" }, "geometry": { "type": "Point", "coordinates": [ -2.486054896999974, 51.463085170000056 ] } },
{ "type": "Feature", "properties": { "park_id": "200266", "active_status": "Active", "audit_status": "Approved and implement", "live_op_total_cap": 8, "approved_ua_total_cap": null, "ua_name": "South Gloucestershire" }, "geometry": { "type": "Point", "coordinates": [ -2.506447076999962, 51.462360380000064 ] } },
{ "type": "Feature", "properties": { "park_id": "200267", "active_status": "Inactive (rejected)", "audit_status": "Rejected", "live_op_total_cap": 0, "approved_ua_total_cap": null, "ua_name": "South Gloucestershire" }, "geometry": { "type": "Point", "coordinates": [ -2.55480408699998, 51.540470120000066 ] } },
{ "type": "Feature", "properties": { "park_id": "200268", "active_status": "Active", "audit_status": "Approved and implement", "live_op_total_cap": 16, "approved_ua_total_cap": null, "ua_name": "South Gloucestershire" }, "geometry": { "type": "Point", "coordinates": [ -2.49279, 51.475 ] } },
{ "type": "Feature", "properties": { "park_id": "200269", "active_status": "Active", "audit_status": "Approved and implement", "live_op_total_cap": 20, "approved_ua_total_cap": null, "ua_name": "South Gloucestershire" }, "geometry": { "type": "Point", "coordinates": [ -2.51586, 51.44864 ] } },
{ "type": "Feature", "properties": { "park_id": "200270", "active_status": "Active", "audit_status": "Approved and implement", "live_op_total_cap": 10, "approved_ua_total_cap": null, "ua_name": "South Gloucestershire" }, "geometry": { "type": "Point", "coordinates": [ -2.508970021999971, 51.46807098000005 ] } },
{ "type": "Feature", "properties": { "park_id": "200271", "active_status": "Active", "audit_status": "Audited - private land", "live_op_total_cap": 10, "approved_ua_total_cap": null, "ua_name": "South Gloucestershire" }, "geometry": { "type": "Point", "coordinates": [ -2.560655116999953, 51.500003810000067 ] } },
{ "type": "Feature", "properties": { "park_id": "200272", "active_status": "Active", "audit_status": "Approved and implement", "live_op_total_cap": 20, "approved_ua_total_cap": null, "ua_name": "South Gloucestershire" }, "geometry": { "type": "Point", "coordinates": [ -2.51282, 51.44802 ] } },
{ "type": "Feature", "properties": { "park_id": "200273", "active_status": "Active", "audit_status": "Approved and implement", "live_op_total_cap": 10, "approved_ua_total_cap": null, "ua_name": "South Gloucestershire" }, "geometry": { "type": "Point", "coordinates": [ -2.587337016999925, 51.503719330000081 ] } },
{ "type": "Feature", "properties": { "park_id": "200274", "active_status": "Active", "audit_status": "Approved and implement", "live_op_total_cap": 16, "approved_ua_total_cap": null, "ua_name": "South Gloucestershire" }, "geometry": { "type": "Point", "coordinates": [ -2.485697984999945, 51.488853450000079 ] } },
{ "type": "Feature", "properties": { "park_id": "200275", "active_status": "Inactive (surplus)", "audit_status": "Approved and implement", "live_op_total_cap": 0, "approved_ua_total_cap": 10, "ua_name": "South Gloucestershire" }, "geometry": { "type": "Point", "coordinates": [ -2.508683919999953, 51.467800140000065 ] } },
{ "type": "Feature", "properties": { "park_id": "200276", "active_status": "Active", "audit_status": "Approved and implement", "live_op_total_cap": 20, "approved_ua_total_cap": null, "ua_name": "South Gloucestershire" }, "geometry": { "type": "Point", "coordinates": [ -2.530846118999932, 51.518299100000036 ] } },
{ "type": "Feature", "properties": { "park_id": "200277", "active_status": "Active", "audit_status": "Approved and implement", "live_op_total_cap": 15, "approved_ua_total_cap": null, "ua_name": "South Gloucestershire" }, "geometry": { "type": "Point", "coordinates": [ -2.506463050999969, 51.45862961000006 ] } },
{ "type": "Feature", "properties": { "park_id": "200278", "active_status": "Active", "audit_status": "Approved and implement", "live_op_total_cap": 20, "approved_ua_total_cap": null, "ua_name": "South Gloucestershire" }, "geometry": { "type": "Point", "coordinates": [ -2.534436940999967, 51.525825500000053 ] } },
{ "type": "Feature", "properties": { "park_id": "200279", "active_status": "Active", "audit_status": "Approved and implement", "live_op_total_cap": 16, "approved_ua_total_cap": null, "ua_name": "South Gloucestershire" }, "geometry": { "type": "Point", "coordinates": [ -2.546443938999971, 51.519237520000047 ] } },
{ "type": "Feature", "properties": { "park_id": "200280", "active_status": "Active", "audit_status": "Approved and implement", "live_op_total_cap": 6, "approved_ua_total_cap": null, "ua_name": "South Gloucestershire" }, "geometry": { "type": "Point", "coordinates": [ -2.494332074999932, 51.459743500000059 ] } },
{ "type": "Feature", "properties": { "park_id": "200281", "active_status": "Active", "audit_status": "Approved and implement", "live_op_total_cap": 10, "approved_ua_total_cap": null, "ua_name": "South Gloucestershire" }, "geometry": { "type": "Point", "coordinates": [ -2.48221, 51.50048 ] } },
{ "type": "Feature", "properties": { "park_id": "210001", "active_status": "Active", "audit_status": "Approved and implement", "live_op_total_cap": 7, "approved_ua_total_cap": null, "ua_name": "South Gloucestershire" }, "geometry": { "type": "Point", "coordinates": [ -2.58405, 51.50518 ] } },
{ "type": "Feature", "properties": { "park_id": "210002", "active_status": "Active", "audit_status": "Approved and implement", "live_op_total_cap": 5, "approved_ua_total_cap": null, "ua_name": "South Gloucestershire" }, "geometry": { "type": "Point", "coordinates": [ -2.58352, 51.50464 ] } },
{ "type": "Feature", "properties": { "park_id": "210003", "active_status": "Active", "audit_status": "Approved and implement", "live_op_total_cap": 8, "approved_ua_total_cap": null, "ua_name": "South Gloucestershire" }, "geometry": { "type": "Point", "coordinates": [ -2.58007, 51.50164 ] } },
{ "type": "Feature", "properties": { "park_id": "210004", "active_status": "Active", "audit_status": "Approved and implement", "live_op_total_cap": 6, "approved_ua_total_cap": null, "ua_name": "South Gloucestershire" }, "geometry": { "type": "Point", "coordinates": [ -2.57653, 51.50693 ] } },
{ "type": "Feature", "properties": { "park_id": "210005", "active_status": "Active", "audit_status": "Approved and implement", "live_op_total_cap": 6, "approved_ua_total_cap": null, "ua_name": "South Gloucestershire" }, "geometry": { "type": "Point", "coordinates": [ -2.56737, 51.51329 ] } },
{ "type": "Feature", "properties": { "park_id": "210006", "active_status": "Deactivated", "audit_status": "Approved and implement", "live_op_total_cap": 0, "approved_ua_total_cap": null, "ua_name": "South Gloucestershire" }, "geometry": { "type": "Point", "coordinates": [ -2.56634, 51.51295 ] } },
{ "type": "Feature", "properties": { "park_id": "210007", "active_status": "Active", "audit_status": "Approved and implement", "live_op_total_cap": 8, "approved_ua_total_cap": null, "ua_name": "South Gloucestershire" }, "geometry": { "type": "Point", "coordinates": [ -2.55458, 51.49676 ] } },
{ "type": "Feature", "properties": { "park_id": "210008", "active_status": "Inactive (rejected)", "audit_status": "Rejected", "live_op_total_cap": 0, "approved_ua_total_cap": null, "ua_name": "South Gloucestershire" }, "geometry": { "type": "Point", "coordinates": [ -2.55207, 51.49698 ] } },
{ "type": "Feature", "properties": { "park_id": "210009", "active_status": "Active", "audit_status": "Approved and implement", "live_op_total_cap": 10, "approved_ua_total_cap": null, "ua_name": "South Gloucestershire" }, "geometry": { "type": "Point", "coordinates": [ -2.52087, 51.49425 ] } },
{ "type": "Feature", "properties": { "park_id": "210010", "active_status": "Active", "audit_status": "Approved and implement", "live_op_total_cap": 8, "approved_ua_total_cap": null, "ua_name": "South Gloucestershire" }, "geometry": { "type": "Point", "coordinates": [ -2.51259, 51.49541 ] } },
{ "type": "Feature", "properties": { "park_id": "210011", "active_status": "Active", "audit_status": "Approved and implement", "live_op_total_cap": 5, "approved_ua_total_cap": null, "ua_name": "South Gloucestershire" }, "geometry": { "type": "Point", "coordinates": [ -2.50703, 51.49588 ] } },
{ "type": "Feature", "properties": { "park_id": "210012", "active_status": "Active", "audit_status": "Approved and implement", "live_op_total_cap": 6, "approved_ua_total_cap": null, "ua_name": "South Gloucestershire" }, "geometry": { "type": "Point", "coordinates": [ -2.50682, 51.4968 ] } },
{ "type": "Feature", "properties": { "park_id": "210013", "active_status": "Active", "audit_status": "Approved and implement", "live_op_total_cap": 10, "approved_ua_total_cap": null, "ua_name": "South Gloucestershire" }, "geometry": { "type": "Point", "coordinates": [ -2.50766, 51.49755 ] } },
{ "type": "Feature", "properties": { "park_id": "210014", "active_status": "Active", "audit_status": "Approved and implement", "live_op_total_cap": 5, "approved_ua_total_cap": null, "ua_name": "South Gloucestershire" }, "geometry": { "type": "Point", "coordinates": [ -2.50511, 51.49742 ] } },
{ "type": "Feature", "properties": { "park_id": "210015", "active_status": "Active", "audit_status": "Approved and implement", "live_op_total_cap": 6, "approved_ua_total_cap": null, "ua_name": "South Gloucestershire" }, "geometry": { "type": "Point", "coordinates": [ -2.50483, 51.49846 ] } },
{ "type": "Feature", "properties": { "park_id": "210016", "active_status": "Active", "audit_status": "Approved and implement", "live_op_total_cap": 8, "approved_ua_total_cap": null, "ua_name": "South Gloucestershire" }, "geometry": { "type": "Point", "coordinates": [ -2.50317, 51.49925 ] } },
{ "type": "Feature", "properties": { "park_id": "210017", "active_status": "Active", "audit_status": "Approved and implement", "live_op_total_cap": 6, "approved_ua_total_cap": null, "ua_name": "South Gloucestershire" }, "geometry": { "type": "Point", "coordinates": [ -2.50957, 51.49944 ] } },
{ "type": "Feature", "properties": { "park_id": "210018", "active_status": "Deactivated", "audit_status": "Approved and implement", "live_op_total_cap": 0, "approved_ua_total_cap": 6, "ua_name": "South Gloucestershire" }, "geometry": { "type": "Point", "coordinates": [ -2.50849, 51.50067 ] } },
{ "type": "Feature", "properties": { "park_id": "210019", "active_status": "Active", "audit_status": "Approved and implement", "live_op_total_cap": 4, "approved_ua_total_cap": null, "ua_name": "South Gloucestershire" }, "geometry": { "type": "Point", "coordinates": [ -2.50482, 51.50141 ] } },
{ "type": "Feature", "properties": { "park_id": "210020", "active_status": "Active", "audit_status": "Approved and implement", "live_op_total_cap": 12, "approved_ua_total_cap": null, "ua_name": "South Gloucestershire" }, "geometry": { "type": "Point", "coordinates": [ -2.49966, 51.50047 ] } },
{ "type": "Feature", "properties": { "park_id": "210021", "active_status": "Deactivated", "audit_status": "Approved and implement", "live_op_total_cap": 8, "approved_ua_total_cap": null, "ua_name": "South Gloucestershire" }, "geometry": { "type": "Point", "coordinates": [ -2.49731, 51.49947 ] } },
{ "type": "Feature", "properties": { "park_id": "210022", "active_status": "Active", "audit_status": "Approved and implement", "live_op_total_cap": 6, "approved_ua_total_cap": null, "ua_name": "South Gloucestershire" }, "geometry": { "type": "Point", "coordinates": [ -2.49207, 51.49937 ] } },
{ "type": "Feature", "properties": { "park_id": "210023", "active_status": "Active", "audit_status": "Approved and implement", "live_op_total_cap": 10, "approved_ua_total_cap": null, "ua_name": "South Gloucestershire" }, "geometry": { "type": "Point", "coordinates": [ -2.51371, 51.48133 ] } },
{ "type": "Feature", "properties": { "park_id": "210024", "active_status": "Active", "audit_status": "Approved and implement", "live_op_total_cap": 7, "approved_ua_total_cap": null, "ua_name": "South Gloucestershire" }, "geometry": { "type": "Point", "coordinates": [ -2.49088, 51.49813 ] } },
{ "type": "Feature", "properties": { "park_id": "210025", "active_status": "Active", "audit_status": "Approved and implement", "live_op_total_cap": 8, "approved_ua_total_cap": null, "ua_name": "South Gloucestershire" }, "geometry": { "type": "Point", "coordinates": [ -2.4938, 51.49693 ] } },
{ "type": "Feature", "properties": { "park_id": "210026", "active_status": "Active", "audit_status": "Approved and implement", "live_op_total_cap": 8, "approved_ua_total_cap": null, "ua_name": "South Gloucestershire" }, "geometry": { "type": "Point", "coordinates": [ -2.49397, 51.49648 ] } },
{ "type": "Feature", "properties": { "park_id": "210027", "active_status": "Active", "audit_status": "Approved and implement", "live_op_total_cap": 10, "approved_ua_total_cap": null, "ua_name": "South Gloucestershire" }, "geometry": { "type": "Point", "coordinates": [ -2.4979, 51.49601 ] } },
{ "type": "Feature", "properties": { "park_id": "210028", "active_status": "Active", "audit_status": "Approved and implement", "live_op_total_cap": 8, "approved_ua_total_cap": null, "ua_name": "South Gloucestershire" }, "geometry": { "type": "Point", "coordinates": [ -2.4957, 51.49526 ] } },
{ "type": "Feature", "properties": { "park_id": "210029", "active_status": "Active", "audit_status": "Approved and implement", "live_op_total_cap": 10, "approved_ua_total_cap": null, "ua_name": "South Gloucestershire" }, "geometry": { "type": "Point", "coordinates": [ -2.49429, 51.49452 ] } },
{ "type": "Feature", "properties": { "park_id": "210030", "active_status": "Active", "audit_status": "Approved and implement", "live_op_total_cap": 8, "approved_ua_total_cap": null, "ua_name": "South Gloucestershire" }, "geometry": { "type": "Point", "coordinates": [ -2.49356, 51.49411 ] } },
{ "type": "Feature", "properties": { "park_id": "210031", "active_status": "Active", "audit_status": "Approved and implement", "live_op_total_cap": 8, "approved_ua_total_cap": null, "ua_name": "South Gloucestershire" }, "geometry": { "type": "Point", "coordinates": [ -2.4918, 51.49542 ] } },
{ "type": "Feature", "properties": { "park_id": "210032", "active_status": "Deactivated", "audit_status": "Approved and implement", "live_op_total_cap": 0, "approved_ua_total_cap": null, "ua_name": "South Gloucestershire" }, "geometry": { "type": "Point", "coordinates": [ -2.4885, 51.49549 ] } },
{ "type": "Feature", "properties": { "park_id": "210033", "active_status": "Deactivated", "audit_status": "Approved and implement", "live_op_total_cap": 0, "approved_ua_total_cap": null, "ua_name": "South Gloucestershire" }, "geometry": { "type": "Point", "coordinates": [ -2.48819, 51.49534 ] } },
{ "type": "Feature", "properties": { "park_id": "210034", "active_status": "Deactivated", "audit_status": "Approved and implement", "live_op_total_cap": 0, "approved_ua_total_cap": null, "ua_name": "South Gloucestershire" }, "geometry": { "type": "Point", "coordinates": [ -2.48837, 51.49498 ] } },
{ "type": "Feature", "properties": { "park_id": "210035", "active_status": "Active", "audit_status": "Approved and implement", "live_op_total_cap": 8, "approved_ua_total_cap": null, "ua_name": "South Gloucestershire" }, "geometry": { "type": "Point", "coordinates": [ -2.582482899999945, 51.53642990000003 ] } },
{ "type": "Feature", "properties": { "park_id": "210036", "active_status": "Active", "audit_status": "Approved and implement", "live_op_total_cap": 6, "approved_ua_total_cap": null, "ua_name": "South Gloucestershire" }, "geometry": { "type": "Point", "coordinates": [ -2.580931899999939, 51.536095 ] } },
{ "type": "Feature", "properties": { "park_id": "210037", "active_status": "Active", "audit_status": "Approved and implement", "live_op_total_cap": 6, "approved_ua_total_cap": null, "ua_name": "South Gloucestershire" }, "geometry": { "type": "Point", "coordinates": [ -2.579975899999965, 51.536332200000061 ] } },
{ "type": "Feature", "properties": { "park_id": "210038", "active_status": "Active", "audit_status": "Approved and implement", "live_op_total_cap": 6, "approved_ua_total_cap": null, "ua_name": "South Gloucestershire" }, "geometry": { "type": "Point", "coordinates": [ -2.579243399999939, 51.536491900000044 ] } },
{ "type": "Feature", "properties": { "park_id": "210039", "active_status": "Active", "audit_status": "Approved and implement", "live_op_total_cap": 6, "approved_ua_total_cap": null, "ua_name": "South Gloucestershire" }, "geometry": { "type": "Point", "coordinates": [ -2.585631799999931, 51.538613200000043 ] } },
{ "type": "Feature", "properties": { "park_id": "210040", "active_status": "Active", "audit_status": "Approved and implement", "live_op_total_cap": 8, "approved_ua_total_cap": null, "ua_name": "South Gloucestershire" }, "geometry": { "type": "Point", "coordinates": [ -2.586942199999953, 51.537779500000056 ] } },
{ "type": "Feature", "properties": { "park_id": "210041", "active_status": "Active", "audit_status": "Approved and implement", "live_op_total_cap": 15, "approved_ua_total_cap": null, "ua_name": "South Gloucestershire" }, "geometry": { "type": "Point", "coordinates": [ -2.584316299999955, 51.525881 ] } },
{ "type": "Feature", "properties": { "park_id": "210042", "active_status": "Deactivated", "audit_status": "Approved and implement", "live_op_total_cap": 0, "approved_ua_total_cap": null, "ua_name": "South Gloucestershire" }, "geometry": { "type": "Point", "coordinates": [ -2.584271199999932, 51.525368100000037 ] } },
{ "type": "Feature", "properties": { "park_id": "210043", "active_status": "Deactivated", "audit_status": "Approved and implement", "live_op_total_cap": 0, "approved_ua_total_cap": null, "ua_name": "South Gloucestershire" }, "geometry": { "type": "Point", "coordinates": [ -2.482537799999932, 51.47397280000007 ] } },
{ "type": "Feature", "properties": { "park_id": "210044", "active_status": "Active", "audit_status": "Approved and implement", "live_op_total_cap": 6, "approved_ua_total_cap": null, "ua_name": "South Gloucestershire" }, "geometry": { "type": "Point", "coordinates": [ -2.483433699999978, 51.473934100000065 ] } },
{ "type": "Feature", "properties": { "park_id": "210045", "active_status": "Active", "audit_status": "Approved and implement", "live_op_total_cap": 8, "approved_ua_total_cap": null, "ua_name": "South Gloucestershire" }, "geometry": { "type": "Point", "coordinates": [ -2.484391199999948, 51.473917200000074 ] } },
{ "type": "Feature", "properties": { "park_id": "210046", "active_status": "Active", "audit_status": "Approved and implement", "live_op_total_cap": 7, "approved_ua_total_cap": null, "ua_name": "South Gloucestershire" }, "geometry": { "type": "Point", "coordinates": [ -2.485305199999971, 51.480417500000044 ] } },
{ "type": "Feature", "properties": { "park_id": "210047", "active_status": "Active", "audit_status": "Approved and implement", "live_op_total_cap": 8, "approved_ua_total_cap": null, "ua_name": "South Gloucestershire" }, "geometry": { "type": "Point", "coordinates": [ -2.484837699999957, 51.481429500000047 ] } },
{ "type": "Feature", "properties": { "park_id": "210048", "active_status": "Active", "audit_status": "Approved and implement", "live_op_total_cap": 12, "approved_ua_total_cap": null, "ua_name": "South Gloucestershire" }, "geometry": { "type": "Point", "coordinates": [ -2.50239659999994, 51.469373500000074 ] } },
{ "type": "Feature", "properties": { "park_id": "210049", "active_status": "Active", "audit_status": "Approved and implement", "live_op_total_cap": 8, "approved_ua_total_cap": null, "ua_name": "South Gloucestershire" }, "geometry": { "type": "Point", "coordinates": [ -2.509644899999955, 51.453524400000049 ] } },
{ "type": "Feature", "properties": { "park_id": "210050", "active_status": "Active", "audit_status": "Approved and implement", "live_op_total_cap": 16, "approved_ua_total_cap": null, "ua_name": "South Gloucestershire" }, "geometry": { "type": "Point", "coordinates": [ -2.511615599999971, 51.454728500000044 ] } },
{ "type": "Feature", "properties": { "park_id": "210051", "active_status": "Active", "audit_status": "Approved and implement", "live_op_total_cap": 10, "approved_ua_total_cap": null, "ua_name": "South Gloucestershire" }, "geometry": { "type": "Point", "coordinates": [ -2.503290799999945, 51.453036500000053 ] } },
{ "type": "Feature", "properties": { "park_id": "210052", "active_status": "Active", "audit_status": "Approved and implement", "live_op_total_cap": 6, "approved_ua_total_cap": null, "ua_name": "South Gloucestershire" }, "geometry": { "type": "Point", "coordinates": [ -2.582973599999946, 51.530798300000072 ] } },
{ "type": "Feature", "properties": { "park_id": "210053", "active_status": "Active", "audit_status": "Approved and implement", "live_op_total_cap": 6, "approved_ua_total_cap": null, "ua_name": "South Gloucestershire" }, "geometry": { "type": "Point", "coordinates": [ -2.51133219999997, 51.478361600000028 ] } },
{ "type": "Feature", "properties": { "park_id": "210054", "active_status": "Active", "audit_status": "Approved and implement", "live_op_total_cap": 6, "approved_ua_total_cap": null, "ua_name": "South Gloucestershire" }, "geometry": { "type": "Point", "coordinates": [ -2.510957399999938, 51.478656700000045 ] } },
{ "type": "Feature", "properties": { "park_id": "210055", "active_status": "Deactivated", "audit_status": "Approved and implement", "live_op_total_cap": 0, "approved_ua_total_cap": null, "ua_name": "South Gloucestershire" }, "geometry": { "type": "Point", "coordinates": [ -2.511218299999939, 51.480462600000067 ] } },
{ "type": "Feature", "properties": { "park_id": "210056", "active_status": "Active", "audit_status": "Approved and implement", "live_op_total_cap": 20, "approved_ua_total_cap": null, "ua_name": "South Gloucestershire" }, "geometry": { "type": "Point", "coordinates": [ -2.509147399999961, 51.481039700000053 ] } },
{ "type": "Feature", "properties": { "park_id": "210057", "active_status": "Active", "audit_status": "Approved and implement", "live_op_total_cap": 7, "approved_ua_total_cap": null, "ua_name": "South Gloucestershire" }, "geometry": { "type": "Point", "coordinates": [ -2.505538299999955, 51.481169400000056 ] } },
{ "type": "Feature", "properties": { "park_id": "210058", "active_status": "Active", "audit_status": "Approved and implement", "live_op_total_cap": 9, "approved_ua_total_cap": null, "ua_name": "South Gloucestershire" }, "geometry": { "type": "Point", "coordinates": [ -2.491684499999963, 51.483989100000031 ] } },
{ "type": "Feature", "properties": { "park_id": "210059", "active_status": "Active", "audit_status": "Approved and implement", "live_op_total_cap": 8, "approved_ua_total_cap": null, "ua_name": "South Gloucestershire" }, "geometry": { "type": "Point", "coordinates": [ -2.487548499999946, 51.483715500000073 ] } },
{ "type": "Feature", "properties": { "park_id": "210060", "active_status": "Active", "audit_status": "Approved and implement", "live_op_total_cap": 6, "approved_ua_total_cap": null, "ua_name": "South Gloucestershire" }, "geometry": { "type": "Point", "coordinates": [ -2.484147299999961, 51.485007900000028 ] } },
{ "type": "Feature", "properties": { "park_id": "210061", "active_status": "Deactivated", "audit_status": "Approved and implement", "live_op_total_cap": 0, "approved_ua_total_cap": null, "ua_name": "South Gloucestershire" }, "geometry": { "type": "Point", "coordinates": [ -2.476841199999967, 51.483426100000031 ] } },
{ "type": "Feature", "properties": { "park_id": "210062", "active_status": "Active", "audit_status": "Approved and implement", "live_op_total_cap": 7, "approved_ua_total_cap": null, "ua_name": "South Gloucestershire" }, "geometry": { "type": "Point", "coordinates": [ -2.491892099999973, 51.498357500000054 ] } },
{ "type": "Feature", "properties": { "park_id": "210063", "active_status": "Deactivated", "audit_status": "Approved and implement", "live_op_total_cap": 0, "approved_ua_total_cap": null, "ua_name": "South Gloucestershire" }, "geometry": { "type": "Point", "coordinates": [ -2.476569599999948, 51.483422800000028 ] } },
{ "type": "Feature", "properties": { "park_id": "210064", "active_status": "Active", "audit_status": "Approved and implement", "live_op_total_cap": 10, "approved_ua_total_cap": null, "ua_name": "South Gloucestershire" }, "geometry": { "type": "Point", "coordinates": [ -2.475092899999936, 51.486752 ] } },
{ "type": "Feature", "properties": { "park_id": "210065", "active_status": "Active", "audit_status": "Approved and implement", "live_op_total_cap": 10, "approved_ua_total_cap": null, "ua_name": "South Gloucestershire" }, "geometry": { "type": "Point", "coordinates": [ -2.491886399999942, 51.479243300000064 ] } },
{ "type": "Feature", "properties": { "park_id": "210066", "active_status": "Active", "audit_status": "Approved and implement", "live_op_total_cap": 8, "approved_ua_total_cap": null, "ua_name": "South Gloucestershire" }, "geometry": { "type": "Point", "coordinates": [ -2.494257, 51.479024500000037 ] } },
{ "type": "Feature", "properties": { "park_id": "210067", "active_status": "Deactivated", "audit_status": "Approved and implement", "live_op_total_cap": 0, "approved_ua_total_cap": null, "ua_name": "South Gloucestershire" }, "geometry": { "type": "Point", "coordinates": [ -2.505308899999932, 51.479571100000044 ] } },
{ "type": "Feature", "properties": { "park_id": "210068", "active_status": "Active", "audit_status": "Approved and implement", "live_op_total_cap": 12, "approved_ua_total_cap": null, "ua_name": "South Gloucestershire" }, "geometry": { "type": "Point", "coordinates": [ -2.505204299999946, 51.479393200000061 ] } },
{ "type": "Feature", "properties": { "park_id": "210069", "active_status": "Active", "audit_status": "Approved and implement", "live_op_total_cap": 10, "approved_ua_total_cap": null, "ua_name": "South Gloucestershire" }, "geometry": { "type": "Point", "coordinates": [ -2.500252699999976, 51.480992700000058 ] } },
{ "type": "Feature", "properties": { "park_id": "210070", "active_status": "Active", "audit_status": "Approved and implement", "live_op_total_cap": 9, "approved_ua_total_cap": null, "ua_name": "South Gloucestershire" }, "geometry": { "type": "Point", "coordinates": [ -2.506076399999927, 51.484289700000033 ] } },
{ "type": "Feature", "properties": { "park_id": "210071", "active_status": "Deactivated", "audit_status": "Approved and implement", "live_op_total_cap": 0, "approved_ua_total_cap": null, "ua_name": "South Gloucestershire" }, "geometry": { "type": "Point", "coordinates": [ -2.577497199999925, 51.541996900000072 ] } },
{ "type": "Feature", "properties": { "park_id": "210072", "active_status": "Active", "audit_status": "Approved and implement", "live_op_total_cap": 6, "approved_ua_total_cap": null, "ua_name": "South Gloucestershire" }, "geometry": { "type": "Point", "coordinates": [ -2.571177099999943, 51.541669700000057 ] } },
{ "type": "Feature", "properties": { "park_id": "210073", "active_status": "Deactivated", "audit_status": "Approved and implement", "live_op_total_cap": 0, "approved_ua_total_cap": null, "ua_name": "South Gloucestershire" }, "geometry": { "type": "Point", "coordinates": [ -2.576408899999933, 51.531717600000036 ] } },
{ "type": "Feature", "properties": { "park_id": "210074", "active_status": "Active", "audit_status": "Approved and implement", "live_op_total_cap": 10, "approved_ua_total_cap": null, "ua_name": "South Gloucestershire" }, "geometry": { "type": "Point", "coordinates": [ -2.582000099999959, 51.536058700000069 ] } },
{ "type": "Feature", "properties": { "park_id": "210075", "active_status": "Active", "audit_status": "Approved and implement", "live_op_total_cap": 8, "approved_ua_total_cap": null, "ua_name": "South Gloucestershire" }, "geometry": { "type": "Point", "coordinates": [ -2.539395399999933, 51.508749100000045 ] } },
{ "type": "Feature", "properties": { "park_id": "210076", "active_status": "Active", "audit_status": "Approved and implement", "live_op_total_cap": 6, "approved_ua_total_cap": null, "ua_name": "South Gloucestershire" }, "geometry": { "type": "Point", "coordinates": [ -2.541435599999943, 51.509766300000081 ] } },
{ "type": "Feature", "properties": { "park_id": "210077", "active_status": "Active", "audit_status": "Approved and implement", "live_op_total_cap": 7, "approved_ua_total_cap": null, "ua_name": "South Gloucestershire" }, "geometry": { "type": "Point", "coordinates": [ -2.533269799999971, 51.518807600000059 ] } },
{ "type": "Feature", "properties": { "park_id": "210078", "active_status": "Active", "audit_status": "Approved and implement", "live_op_total_cap": 6, "approved_ua_total_cap": null, "ua_name": "South Gloucestershire" }, "geometry": { "type": "Point", "coordinates": [ -2.538571299999944, 51.527481900000055 ] } },
{ "type": "Feature", "properties": { "park_id": "210079", "active_status": "Active", "audit_status": "Approved and implement", "live_op_total_cap": 10, "approved_ua_total_cap": null, "ua_name": "South Gloucestershire" }, "geometry": { "type": "Point", "coordinates": [ -2.544775299999969, 51.534574900000052 ] } },
{ "type": "Feature", "properties": { "park_id": "210080", "active_status": "Active", "audit_status": "Approved and implement", "live_op_total_cap": 6, "approved_ua_total_cap": null, "ua_name": "South Gloucestershire" }, "geometry": { "type": "Point", "coordinates": [ -2.560187299999939, 51.534473500000047 ] } },
{ "type": "Feature", "properties": { "park_id": "210081", "active_status": "Active", "audit_status": "Approved and implement", "live_op_total_cap": 10, "approved_ua_total_cap": null, "ua_name": "South Gloucestershire" }, "geometry": { "type": "Point", "coordinates": [ -2.565027399999963, 51.537692700000036 ] } },
{ "type": "Feature", "properties": { "park_id": "210082", "active_status": "Active", "audit_status": "Approved and implement", "live_op_total_cap": 6, "approved_ua_total_cap": null, "ua_name": "South Gloucestershire" }, "geometry": { "type": "Point", "coordinates": [ -2.56321, 51.538293300000078 ] } },
{ "type": "Feature", "properties": { "park_id": "210083", "active_status": "Active", "audit_status": "Approved and implement", "live_op_total_cap": 8, "approved_ua_total_cap": null, "ua_name": "South Gloucestershire" }, "geometry": { "type": "Point", "coordinates": [ -2.565875799999958, 51.535312700000077 ] } },
{ "type": "Feature", "properties": { "park_id": "210084", "active_status": "Active", "audit_status": "Approved and implement", "live_op_total_cap": 6, "approved_ua_total_cap": null, "ua_name": "South Gloucestershire" }, "geometry": { "type": "Point", "coordinates": [ -2.564194599999951, 51.534530800000027 ] } },
{ "type": "Feature", "properties": { "park_id": "210085", "active_status": "Deactivated", "audit_status": "Approved and implement", "live_op_total_cap": 8, "approved_ua_total_cap": null, "ua_name": "South Gloucestershire" }, "geometry": { "type": "Point", "coordinates": [ -2.565789, 51.533877300000029 ] } },
{ "type": "Feature", "properties": { "park_id": "210086", "active_status": "Active", "audit_status": "Approved and implement", "live_op_total_cap": 12, "approved_ua_total_cap": null, "ua_name": "South Gloucestershire" }, "geometry": { "type": "Point", "coordinates": [ -2.56290139999993, 51.533157300000028 ] } },
{ "type": "Feature", "properties": { "park_id": "210087", "active_status": "Active", "audit_status": "Approved and implement", "live_op_total_cap": 10, "approved_ua_total_cap": null, "ua_name": "South Gloucestershire" }, "geometry": { "type": "Point", "coordinates": [ -2.562205399999925, 51.533433400000035 ] } },
{ "type": "Feature", "properties": { "park_id": "210088", "active_status": "Active", "audit_status": "Approved and implement", "live_op_total_cap": 13, "approved_ua_total_cap": null, "ua_name": "South Gloucestershire" }, "geometry": { "type": "Point", "coordinates": [ -2.471550499999978, 51.487808400000063 ] } },
{ "type": "Feature", "properties": { "park_id": "210089", "active_status": "Deactivated", "audit_status": "Approved and implement", "live_op_total_cap": 0, "approved_ua_total_cap": null, "ua_name": "South Gloucestershire" }, "geometry": { "type": "Point", "coordinates": [ -2.48113189999998, 51.489889400000038 ] } },
{ "type": "Feature", "properties": { "park_id": "210090", "active_status": "Active", "audit_status": "Approved and implement", "live_op_total_cap": 10, "approved_ua_total_cap": null, "ua_name": "South Gloucestershire" }, "geometry": { "type": "Point", "coordinates": [ -2.486155, 51.497705300000064 ] } },
{ "type": "Feature", "properties": { "park_id": "210091", "active_status": "Active", "audit_status": "Approved and implement", "live_op_total_cap": 12, "approved_ua_total_cap": null, "ua_name": "South Gloucestershire" }, "geometry": { "type": "Point", "coordinates": [ -2.508700399999952, 51.485041400000057 ] } },
{ "type": "Feature", "properties": { "park_id": "210092", "active_status": "Active", "audit_status": "Approved and implement", "live_op_total_cap": 18, "approved_ua_total_cap": null, "ua_name": "South Gloucestershire" }, "geometry": { "type": "Point", "coordinates": [ -2.50966139999997, 51.483662700000082 ] } },
{ "type": "Feature", "properties": { "park_id": "210093", "active_status": "Active", "audit_status": "Approved and implement", "live_op_total_cap": 18, "approved_ua_total_cap": null, "ua_name": "South Gloucestershire" }, "geometry": { "type": "Point", "coordinates": [ -2.491926199999966, 51.489443400000027 ] } },
{ "type": "Feature", "properties": { "park_id": "210094", "active_status": "Active", "audit_status": "Approved and implement", "live_op_total_cap": 4, "approved_ua_total_cap": null, "ua_name": "South Gloucestershire" }, "geometry": { "type": "Point", "coordinates": [ -2.480130299999928, 51.485948400000041 ] } },
{ "type": "Feature", "properties": { "park_id": "210095", "active_status": "Deactivated", "audit_status": "Approved and implement", "live_op_total_cap": 0, "approved_ua_total_cap": null, "ua_name": "South Gloucestershire" }, "geometry": { "type": "Point", "coordinates": [ -2.481435, 51.48766930000005 ] } },
{ "type": "Feature", "properties": { "park_id": "210096", "active_status": "Active", "audit_status": "Approved and implement", "live_op_total_cap": 12, "approved_ua_total_cap": null, "ua_name": "South Gloucestershire" }, "geometry": { "type": "Point", "coordinates": [ -2.504179299999976, 51.479640200000063 ] } },
{ "type": "Feature", "properties": { "park_id": "210097", "active_status": "Active", "audit_status": "Approved and implement", "live_op_total_cap": 9, "approved_ua_total_cap": null, "ua_name": "South Gloucestershire" }, "geometry": { "type": "Point", "coordinates": [ -2.571540299999981, 51.54412080000003 ] } },
{ "type": "Feature", "properties": { "park_id": "210098", "active_status": "Active", "audit_status": "Approved and implement", "live_op_total_cap": 10, "approved_ua_total_cap": null, "ua_name": "South Gloucestershire" }, "geometry": { "type": "Point", "coordinates": [ -2.583329, 51.529668700000059 ] } },
{ "type": "Feature", "properties": { "park_id": "210099", "active_status": "Active", "audit_status": "Approved and implement", "live_op_total_cap": 16, "approved_ua_total_cap": null, "ua_name": "South Gloucestershire" }, "geometry": { "type": "Point", "coordinates": [ -2.570565099999953, 51.528522200000054 ] } },
{ "type": "Feature", "properties": { "park_id": "210100", "active_status": "Deactivated", "audit_status": "Approved and implement", "live_op_total_cap": 0, "approved_ua_total_cap": null, "ua_name": "South Gloucestershire" }, "geometry": { "type": "Point", "coordinates": [ -2.50355959999996, 51.453318400000057 ] } },
{ "type": "Feature", "properties": { "park_id": "210101", "active_status": "Active", "audit_status": "Approved and implement", "live_op_total_cap": 6, "approved_ua_total_cap": null, "ua_name": "South Gloucestershire" }, "geometry": { "type": "Point", "coordinates": [ -2.55041929999993, 51.531477100000075 ] } },
{ "type": "Feature", "properties": { "park_id": "210102", "active_status": "Deactivated", "audit_status": "Approved and implement", "live_op_total_cap": 0, "approved_ua_total_cap": null, "ua_name": "South Gloucestershire" }, "geometry": { "type": "Point", "coordinates": [ -2.549248599999942, 51.527082200000052 ] } },
{ "type": "Feature", "properties": { "park_id": "210103", "active_status": "Active", "audit_status": "Audited - private land", "live_op_total_cap": 16, "approved_ua_total_cap": null, "ua_name": "South Gloucestershire" }, "geometry": { "type": "Point", "coordinates": [ -2.475681699999939, 51.49290620000005 ] } },
{ "type": "Feature", "properties": { "park_id": "210104", "active_status": "Inactive (contact landowner)", "audit_status": "Audited - private land", "live_op_total_cap": null, "approved_ua_total_cap": null, "ua_name": "South Gloucestershire" }, "geometry": { "type": "Point", "coordinates": [ -2.47546049999994, 51.492705 ] } },
{ "type": "Feature", "properties": { "park_id": "210105", "active_status": "Active", "audit_status": "Approved and implement", "live_op_total_cap": 11, "approved_ua_total_cap": null, "ua_name": "South Gloucestershire" }, "geometry": { "type": "Point", "coordinates": [ -2.49404009999995, 51.472046300000045 ] } },
{ "type": "Feature", "properties": { "park_id": "210106", "active_status": "Active", "audit_status": "Approved and implement", "live_op_total_cap": 10, "approved_ua_total_cap": null, "ua_name": "South Gloucestershire" }, "geometry": { "type": "Point", "coordinates": [ -2.493054099999938, 51.472105 ] } },
{ "type": "Feature", "properties": { "park_id": "210107", "active_status": "Inactive (surplus)", "audit_status": "Approved and implement", "live_op_total_cap": null, "approved_ua_total_cap": null, "ua_name": "South Gloucestershire" }, "geometry": { "type": "Point", "coordinates": [ -2.492826199999968, 51.472047400000065 ] } },
{ "type": "Feature", "properties": { "park_id": "210108", "active_status": "Active", "audit_status": "Approved and implement", "live_op_total_cap": 8, "approved_ua_total_cap": null, "ua_name": "South Gloucestershire" }, "geometry": { "type": "Point", "coordinates": [ -2.495316099999968, 51.474009100000046 ] } },
{ "type": "Feature", "properties": { "park_id": "210109", "active_status": "Active", "audit_status": "Approved and implement", "live_op_total_cap": 7, "approved_ua_total_cap": null, "ua_name": "South Gloucestershire" }, "geometry": { "type": "Point", "coordinates": [ -2.499251299999969, 51.474266100000079 ] } },
{ "type": "Feature", "properties": { "park_id": "210110", "active_status": "Active", "audit_status": "Approved and implement", "live_op_total_cap": 8, "approved_ua_total_cap": null, "ua_name": "South Gloucestershire" }, "geometry": { "type": "Point", "coordinates": [ -2.490313699999945, 51.462647400000037 ] } },
{ "type": "Feature", "properties": { "park_id": "210111", "active_status": "Inactive (surplus)", "audit_status": "Approved and implement", "live_op_total_cap": null, "approved_ua_total_cap": null, "ua_name": "South Gloucestershire" }, "geometry": { "type": "Point", "coordinates": [ -2.490482899999961, 51.462163 ] } },
{ "type": "Feature", "properties": { "park_id": "210112", "active_status": "Active", "audit_status": "Approved and implement", "live_op_total_cap": 8, "approved_ua_total_cap": null, "ua_name": "South Gloucestershire" }, "geometry": { "type": "Point", "coordinates": [ -2.489922299999932, 51.461915100000056 ] } },
{ "type": "Feature", "properties": { "park_id": "210113", "active_status": "Active", "audit_status": "Approved and implement", "live_op_total_cap": 6, "approved_ua_total_cap": null, "ua_name": "South Gloucestershire" }, "geometry": { "type": "Point", "coordinates": [ -2.487107799999933, 51.462478700000077 ] } },
{ "type": "Feature", "properties": { "park_id": "210114", "active_status": "Inactive (surplus)", "audit_status": "Approved and implement", "live_op_total_cap": 0, "approved_ua_total_cap": 16, "ua_name": "South Gloucestershire" }, "geometry": { "type": "Point", "coordinates": [ -2.492128599999944, 51.464952800000049 ] } },
{ "type": "Feature", "properties": { "park_id": "210115", "active_status": "Active", "audit_status": "Approved and implement", "live_op_total_cap": 6, "approved_ua_total_cap": null, "ua_name": "South Gloucestershire" }, "geometry": { "type": "Point", "coordinates": [ -2.491206099999943, 51.468025 ] } },
{ "type": "Feature", "properties": { "park_id": "210116", "active_status": "Active", "audit_status": "Approved and implement", "live_op_total_cap": 10, "approved_ua_total_cap": null, "ua_name": "South Gloucestershire" }, "geometry": { "type": "Point", "coordinates": [ -2.499793899999929, 51.463536400000066 ] } },
{ "type": "Feature", "properties": { "park_id": "210117", "active_status": "Active", "audit_status": "Approved and implement", "live_op_total_cap": 17, "approved_ua_total_cap": null, "ua_name": "South Gloucestershire" }, "geometry": { "type": "Point", "coordinates": [ -2.49962, 51.463056300000062 ] } },
{ "type": "Feature", "properties": { "park_id": "210118", "active_status": "Deactivated", "audit_status": "Approved and implement", "live_op_total_cap": 0, "approved_ua_total_cap": null, "ua_name": "South Gloucestershire" }, "geometry": { "type": "Point", "coordinates": [ -2.498127499999953, 51.462044700000035 ] } },
{ "type": "Feature", "properties": { "park_id": "210119", "active_status": "Active", "audit_status": "Approved and implement", "live_op_total_cap": 9, "approved_ua_total_cap": null, "ua_name": "South Gloucestershire" }, "geometry": { "type": "Point", "coordinates": [ -2.493732799999975, 51.457641 ] } },
{ "type": "Feature", "properties": { "park_id": "210120", "active_status": "Deactivated", "audit_status": "Approved and implement", "live_op_total_cap": 0, "approved_ua_total_cap": null, "ua_name": "South Gloucestershire" }, "geometry": { "type": "Point", "coordinates": [ -2.487038299999938, 51.457036 ] } },
{ "type": "Feature", "properties": { "park_id": "210121", "active_status": "Deactivated", "audit_status": "Rejected", "live_op_total_cap": 0, "approved_ua_total_cap": null, "ua_name": "South Gloucestershire" }, "geometry": { "type": "Point", "coordinates": [ -2.503446899999972, 51.45444880000008 ] } },
{ "type": "Feature", "properties": { "park_id": "210122", "active_status": "Deactivated", "audit_status": "Approved and implement", "live_op_total_cap": 0, "approved_ua_total_cap": null, "ua_name": "South Gloucestershire" }, "geometry": { "type": "Point", "coordinates": [ -2.504574799999943, 51.451435200000049 ] } },
{ "type": "Feature", "properties": { "park_id": "310207", "active_status": "Inactive (rejected)", "audit_status": "Rejected", "live_op_total_cap": 0, "approved_ua_total_cap": 0, "ua_name": "Bristol, City of" }, "geometry": { "type": "Point", "coordinates": [ -2.590102, 51.460619500000064 ] } },
{ "type": "Feature", "properties": { "park_id": "310209", "active_status": "Active", "audit_status": " ", "live_op_total_cap": 8, "approved_ua_total_cap": 8, "ua_name": "Bristol, City of" }, "geometry": { "type": "Point", "coordinates": [ -2.57590689999995, 51.46302170000007 ] } },
{ "type": "Feature", "properties": { "park_id": "310211", "active_status": "Active", "audit_status": "Ready for UA review", "live_op_total_cap": 0, "approved_ua_total_cap": 0, "ua_name": "Bristol, City of" }, "geometry": { "type": "Point", "coordinates": [ -2.608538599999974, 51.488746500000047 ] } },
{ "type": "Feature", "properties": { "park_id": "310213", "active_status": "Inactive (rejected)", "audit_status": "Rejected", "live_op_total_cap": 0, "approved_ua_total_cap": 0, "ua_name": "Bristol, City of" }, "geometry": { "type": "Point", "coordinates": [ -2.555620699999963, 51.481265900000039 ] } },
{ "type": "Feature", "properties": { "park_id": "310214", "active_status": "Deactivated", "audit_status": " ", "live_op_total_cap": 0, "approved_ua_total_cap": 5, "ua_name": "Bristol, City of" }, "geometry": { "type": "Point", "coordinates": [ -2.530982599999959, 51.493932700000073 ] } },
{ "type": "Feature", "properties": { "park_id": "310215", "active_status": "Inactive (rejected)", "audit_status": "Rejected", "live_op_total_cap": 0, "approved_ua_total_cap": 0, "ua_name": "Bristol, City of" }, "geometry": { "type": "Point", "coordinates": [ -2.517628299999956, 51.491298900000061 ] } },
{ "type": "Feature", "properties": { "park_id": "310217", "active_status": "Active", "audit_status": "Ready for UA review", "live_op_total_cap": 0, "approved_ua_total_cap": 0, "ua_name": "Bristol, City of" }, "geometry": { "type": "Point", "coordinates": [ -2.577899199999933, 51.466443 ] } },
{ "type": "Feature", "properties": { "park_id": "310218", "active_status": "Active", "audit_status": " ", "live_op_total_cap": 5, "approved_ua_total_cap": 5, "ua_name": "Bristol, City of" }, "geometry": { "type": "Point", "coordinates": [ -2.57841389999993, 51.466484200000082 ] } },
{ "type": "Feature", "properties": { "park_id": "310219", "active_status": "Inactive (rejected)", "audit_status": "Rejected", "live_op_total_cap": 0, "approved_ua_total_cap": 0, "ua_name": "Bristol, City of" }, "geometry": { "type": "Point", "coordinates": [ -2.576531199999977, 51.466368900000077 ] } },
{ "type": "Feature", "properties": { "park_id": "310220", "active_status": "Inactive (rejected)", "audit_status": "Rejected", "live_op_total_cap": 0, "approved_ua_total_cap": 0, "ua_name": "Bristol, City of" }, "geometry": { "type": "Point", "coordinates": [ -2.584029499999929, 51.470516200000077 ] } },
{ "type": "Feature", "properties": { "park_id": "310221", "active_status": "Active", "audit_status": " ", "live_op_total_cap": 8, "approved_ua_total_cap": 8, "ua_name": "Bristol, City of" }, "geometry": { "type": "Point", "coordinates": [ -2.578380399999958, 51.454961800000035 ] } },
{ "type": "Feature", "properties": { "park_id": "310223", "active_status": "Active", "audit_status": " ", "live_op_total_cap": 8, "approved_ua_total_cap": 8, "ua_name": "Bristol, City of" }, "geometry": { "type": "Point", "coordinates": [ -2.575015199999939, 51.462154700000042 ] } },
{ "type": "Feature", "properties": { "park_id": "310224", "active_status": "Active", "audit_status": " ", "live_op_total_cap": 6, "approved_ua_total_cap": 6, "ua_name": "Bristol, City of" }, "geometry": { "type": "Point", "coordinates": [ -2.574186699999927, 51.462820300000033 ] } },
{ "type": "Feature", "properties": { "park_id": "310226", "active_status": "Inactive (rejected)", "audit_status": "Rejected", "live_op_total_cap": 0, "approved_ua_total_cap": 0, "ua_name": "Bristol, City of" }, "geometry": { "type": "Point", "coordinates": [ -2.588019899999949, 51.449234100000069 ] } },
{ "type": "Feature", "properties": { "park_id": "310227", "active_status": "Inactive (rejected)", "audit_status": "Rejected", "live_op_total_cap": 0, "approved_ua_total_cap": 0, "ua_name": "Bristol, City of" }, "geometry": { "type": "Point", "coordinates": [ -2.57373, 51.42165 ] } },
{ "type": "Feature", "properties": { "park_id": "310228", "active_status": "Active", "audit_status": " ", "live_op_total_cap": 5, "approved_ua_total_cap": 5, "ua_name": "Bristol, City of" }, "geometry": { "type": "Point", "coordinates": [ -2.534399399999927, 51.479853 ] } },
{ "type": "Feature", "properties": { "park_id": "310229", "active_status": "Inactive (rejected)", "audit_status": "Rejected", "live_op_total_cap": 0, "approved_ua_total_cap": 0, "ua_name": "Bristol, City of" }, "geometry": { "type": "Point", "coordinates": [ -2.55192, 51.47305 ] } },
{ "type": "Feature", "properties": { "park_id": "310230", "active_status": "Active", "audit_status": " ", "live_op_total_cap": 8, "approved_ua_total_cap": 8, "ua_name": "Bristol, City of" }, "geometry": { "type": "Point", "coordinates": [ -2.54362169999996, 51.473203600000033 ] } },
{ "type": "Feature", "properties": { "park_id": "310231", "active_status": "Inactive (rejected)", "audit_status": "Rejected", "live_op_total_cap": 0, "approved_ua_total_cap": 0, "ua_name": "Bristol, City of" }, "geometry": { "type": "Point", "coordinates": [ -2.53783, 51.46808 ] } },
{ "type": "Feature", "properties": { "park_id": "310232", "active_status": "Inactive (rejected)", "audit_status": "Rejected", "live_op_total_cap": 0, "approved_ua_total_cap": 0, "ua_name": "Bristol, City of" }, "geometry": { "type": "Point", "coordinates": [ -2.5349, 51.43927 ] } },
{ "type": "Feature", "properties": { "park_id": "310234", "active_status": "Active", "audit_status": " ", "live_op_total_cap": 5, "approved_ua_total_cap": 5, "ua_name": "Bristol, City of" }, "geometry": { "type": "Point", "coordinates": [ -2.532444399999974, 51.434399400000075 ] } },
{ "type": "Feature", "properties": { "park_id": "310235", "active_status": "Active", "audit_status": "Ready for UA review", "live_op_total_cap": 0, "approved_ua_total_cap": 0, "ua_name": "Bristol, City of" }, "geometry": { "type": "Point", "coordinates": [ -2.55859, 51.43405 ] } },
{ "type": "Feature", "properties": { "park_id": "310236", "active_status": "Active", "audit_status": "Ready for UA review", "live_op_total_cap": 0, "approved_ua_total_cap": 0, "ua_name": "Bristol, City of" }, "geometry": { "type": "Point", "coordinates": [ -2.5567, 51.43432 ] } },
{ "type": "Feature", "properties": { "park_id": "310237", "active_status": "Active", "audit_status": " ", "live_op_total_cap": 4, "approved_ua_total_cap": 4, "ua_name": "Bristol, City of" }, "geometry": { "type": "Point", "coordinates": [ -2.555958199999964, 51.431774300000029 ] } },
{ "type": "Feature", "properties": { "park_id": "310238", "active_status": "Inactive (rejected)", "audit_status": "Rejected", "live_op_total_cap": 0, "approved_ua_total_cap": 0, "ua_name": "Bristol, City of" }, "geometry": { "type": "Point", "coordinates": [ -2.56162, 51.44214 ] } },
{ "type": "Feature", "properties": { "park_id": "310239", "active_status": "Active", "audit_status": " ", "live_op_total_cap": 4, "approved_ua_total_cap": 4, "ua_name": "Bristol, City of" }, "geometry": { "type": "Point", "coordinates": [ -2.545237, 51.436741 ] } },
{ "type": "Feature", "properties": { "park_id": "310240", "active_status": "Active", "audit_status": " ", "live_op_total_cap": 4, "approved_ua_total_cap": 4, "ua_name": "Bristol, City of" }, "geometry": { "type": "Point", "coordinates": [ -2.555878299999961, 51.436773500000072 ] } },
{ "type": "Feature", "properties": { "park_id": "310241", "active_status": "Active", "audit_status": " ", "live_op_total_cap": 4, "approved_ua_total_cap": 4, "ua_name": "Bristol, City of" }, "geometry": { "type": "Point", "coordinates": [ -2.537925199999961, 51.468276800000069 ] } },
{ "type": "Feature", "properties": { "park_id": "310242", "active_status": "Deactivated", "audit_status": "Rejected", "live_op_total_cap": 0, "approved_ua_total_cap": 6, "ua_name": "Bristol, City of" }, "geometry": { "type": "Point", "coordinates": [ -2.52942, 51.47275 ] } },
{ "type": "Feature", "properties": { "park_id": "310243", "active_status": "Inactive (rejected)", "audit_status": "Rejected", "live_op_total_cap": 0, "approved_ua_total_cap": 0, "ua_name": "Bristol, City of" }, "geometry": { "type": "Point", "coordinates": [ -2.60052, 51.45099 ] } },
{ "type": "Feature", "properties": { "park_id": "310244", "active_status": "Active", "audit_status": " ", "live_op_total_cap": 6, "approved_ua_total_cap": 6, "ua_name": "Bristol, City of" }, "geometry": { "type": "Point", "coordinates": [ -2.532298, 51.433754300000032 ] } },
{ "type": "Feature", "properties": { "park_id": "310245", "active_status": "Active", "audit_status": " ", "live_op_total_cap": 6, "approved_ua_total_cap": 6, "ua_name": "Bristol, City of" }, "geometry": { "type": "Point", "coordinates": [ -2.533494899999937, 51.432200700000067 ] } },
{ "type": "Feature", "properties": { "park_id": "310246", "active_status": "Active", "audit_status": " ", "live_op_total_cap": 8, "approved_ua_total_cap": 8, "ua_name": "Bristol, City of" }, "geometry": { "type": "Point", "coordinates": [ -2.557916199999966, 51.443144400000051 ] } },
{ "type": "Feature", "properties": { "park_id": "310247", "active_status": "Inactive (rejected)", "audit_status": "Rejected", "live_op_total_cap": 0, "approved_ua_total_cap": 0, "ua_name": "Bristol, City of" }, "geometry": { "type": "Point", "coordinates": [ -2.54677, 51.43441 ] } },
{ "type": "Feature", "properties": { "park_id": "310249", "active_status": "Inactive (rejected)", "audit_status": "Rejected", "live_op_total_cap": 0, "approved_ua_total_cap": 0, "ua_name": "Bristol, City of" }, "geometry": { "type": "Point", "coordinates": [ -2.55118, 51.43392 ] } },
{ "type": "Feature", "properties": { "park_id": "310250", "active_status": "Active", "audit_status": " ", "live_op_total_cap": 6, "approved_ua_total_cap": 6, "ua_name": "Bristol, City of" }, "geometry": { "type": "Point", "coordinates": [ -2.542093299999976, 51.440440700000067 ] } },
{ "type": "Feature", "properties": { "park_id": "310251", "active_status": "Inactive (rejected)", "audit_status": "Rejected", "live_op_total_cap": 0, "approved_ua_total_cap": 0, "ua_name": "Bristol, City of" }, "geometry": { "type": "Point", "coordinates": [ -2.60602, 51.44626 ] } },
{ "type": "Feature", "properties": { "park_id": "310252", "active_status": "Inactive (rejected)", "audit_status": "Rejected", "live_op_total_cap": 0, "approved_ua_total_cap": 0, "ua_name": "Bristol, City of" }, "geometry": { "type": "Point", "coordinates": [ -2.55992, 51.47464 ] } },
{ "type": "Feature", "properties": { "park_id": "310253", "active_status": "Active", "audit_status": " ", "live_op_total_cap": 6, "approved_ua_total_cap": 6, "ua_name": "Bristol, City of" }, "geometry": { "type": "Point", "coordinates": [ -2.529515, 51.472575 ] } },
{ "type": "Feature", "properties": { "park_id": "310254", "active_status": "Active", "audit_status": " ", "live_op_total_cap": 11, "approved_ua_total_cap": 11, "ua_name": "Bristol, City of" }, "geometry": { "type": "Point", "coordinates": [ -2.574213399999962, 51.422275600000035 ] } },
{ "type": "Feature", "properties": { "park_id": "310258", "active_status": "Inactive (rejected)", "audit_status": "Rejected", "live_op_total_cap": 0, "approved_ua_total_cap": 0, "ua_name": "Bristol, City of" }, "geometry": { "type": "Point", "coordinates": [ -2.61788, 51.44096 ] } },
{ "type": "Feature", "properties": { "park_id": "310260", "active_status": "Inactive (rejected)", "audit_status": "Rejected", "live_op_total_cap": 0, "approved_ua_total_cap": 0, "ua_name": "Bristol, City of" }, "geometry": { "type": "Point", "coordinates": [ -2.59977, 51.45462 ] } },
{ "type": "Feature", "properties": { "park_id": "310261", "active_status": "Inactive (rejected)", "audit_status": "Rejected", "live_op_total_cap": 0, "approved_ua_total_cap": 0, "ua_name": "Bristol, City of" }, "geometry": { "type": "Point", "coordinates": [ -2.59942, 51.46431 ] } },
{ "type": "Feature", "properties": { "park_id": "310262", "active_status": "Deactivated", "audit_status": "Rejected", "live_op_total_cap": 0, "approved_ua_total_cap": 13, "ua_name": "Bristol, City of" }, "geometry": { "type": "Point", "coordinates": [ -2.585322899999937, 51.42429960000004 ] } },
{ "type": "Feature", "properties": { "park_id": "310263", "active_status": "Inactive (rejected)", "audit_status": "Rejected", "live_op_total_cap": 0, "approved_ua_total_cap": 0, "ua_name": "Bristol, City of" }, "geometry": { "type": "Point", "coordinates": [ -2.60891, 51.45594 ] } },
{ "type": "Feature", "properties": { "park_id": "310264", "active_status": "Active", "audit_status": " ", "live_op_total_cap": 10, "approved_ua_total_cap": 10, "ua_name": "Bristol, City of" }, "geometry": { "type": "Point", "coordinates": [ -2.585340099999939, 51.459411 ] } },
{ "type": "Feature", "properties": { "park_id": "310265", "active_status": "Active", "audit_status": " ", "live_op_total_cap": 14, "approved_ua_total_cap": 14, "ua_name": "Bristol, City of" }, "geometry": { "type": "Point", "coordinates": [ -2.584711499999969, 51.459579500000075 ] } },
{ "type": "Feature", "properties": { "park_id": "310266", "active_status": "Inactive (rejected)", "audit_status": "Rejected", "live_op_total_cap": 0, "approved_ua_total_cap": 0, "ua_name": "Bristol, City of" }, "geometry": { "type": "Point", "coordinates": [ -2.58493, 51.45959 ] } },
{ "type": "Feature", "properties": { "park_id": "310267", "active_status": "Active", "audit_status": "Ready for UA review", "live_op_total_cap": 0, "approved_ua_total_cap": 0, "ua_name": "Bristol, City of" }, "geometry": { "type": "Point", "coordinates": [ -2.58936, 51.4595 ] } },
{ "type": "Feature", "properties": { "park_id": "310269", "active_status": "Inactive (rejected)", "audit_status": "Rejected", "live_op_total_cap": 0, "approved_ua_total_cap": 0, "ua_name": "Bristol, City of" }, "geometry": { "type": "Point", "coordinates": [ -2.59101, 51.45892 ] } },
{ "type": "Feature", "properties": { "park_id": "310270", "active_status": "Inactive (rejected)", "audit_status": "Rejected", "live_op_total_cap": 0, "approved_ua_total_cap": 0, "ua_name": "Bristol, City of" }, "geometry": { "type": "Point", "coordinates": [ -2.5868, 51.45917 ] } },
{ "type": "Feature", "properties": { "park_id": "310271", "active_status": "Inactive (rejected)", "audit_status": "Rejected", "live_op_total_cap": 0, "approved_ua_total_cap": 0, "ua_name": "Bristol, City of" }, "geometry": { "type": "Point", "coordinates": [ -2.5917, 51.45799 ] } },
{ "type": "Feature", "properties": { "park_id": "310272", "active_status": "Inactive (rejected)", "audit_status": "Rejected", "live_op_total_cap": 0, "approved_ua_total_cap": 0, "ua_name": "Bristol, City of" }, "geometry": { "type": "Point", "coordinates": [ -2.59173, 51.45696 ] } },
{ "type": "Feature", "properties": { "park_id": "310273", "active_status": "Inactive (rejected)", "audit_status": "Rejected", "live_op_total_cap": 0, "approved_ua_total_cap": 0, "ua_name": "Bristol, City of" }, "geometry": { "type": "Point", "coordinates": [ -2.59177, 51.45688 ] } },
{ "type": "Feature", "properties": { "park_id": "310274", "active_status": "Deactivated", "audit_status": " ", "live_op_total_cap": 0, "approved_ua_total_cap": 6, "ua_name": "Bristol, City of" }, "geometry": { "type": "Point", "coordinates": [ -2.60658, 51.47096 ] } },
{ "type": "Feature", "properties": { "park_id": "310275", "active_status": "Inactive (rejected)", "audit_status": "Rejected", "live_op_total_cap": 0, "approved_ua_total_cap": 0, "ua_name": "Bristol, City of" }, "geometry": { "type": "Point", "coordinates": [ -2.59987, 51.46062 ] } },
{ "type": "Feature", "properties": { "park_id": "310276", "active_status": "Inactive (rejected)", "audit_status": "Rejected", "live_op_total_cap": 0, "approved_ua_total_cap": 0, "ua_name": "Bristol, City of" }, "geometry": { "type": "Point", "coordinates": [ -2.60569, 51.45288 ] } },
{ "type": "Feature", "properties": { "park_id": "310278", "active_status": "Active", "audit_status": " ", "live_op_total_cap": 8, "approved_ua_total_cap": 8, "ua_name": "Bristol, City of" }, "geometry": { "type": "Point", "coordinates": [ -2.602701, 51.452799 ] } },
{ "type": "Feature", "properties": { "park_id": "310279", "active_status": "Inactive (rejected)", "audit_status": "Rejected", "live_op_total_cap": 0, "approved_ua_total_cap": 0, "ua_name": "Bristol, City of" }, "geometry": { "type": "Point", "coordinates": [ -2.59119, 51.46028 ] } },
{ "type": "Feature", "properties": { "park_id": "310280", "active_status": "Deactivated", "audit_status": " ", "live_op_total_cap": 0, "approved_ua_total_cap": 6, "ua_name": "Bristol, City of" }, "geometry": { "type": "Point", "coordinates": [ -2.591997099999958, 51.459895200000062 ] } },
{ "type": "Feature", "properties": { "park_id": "310281", "active_status": "Inactive (rejected)", "audit_status": "Rejected", "live_op_total_cap": 0, "approved_ua_total_cap": 0, "ua_name": "Bristol, City of" }, "geometry": { "type": "Point", "coordinates": [ -2.59386, 51.45944 ] } },
{ "type": "Feature", "properties": { "park_id": "310282", "active_status": "Inactive (rejected)", "audit_status": "Rejected", "live_op_total_cap": null, "approved_ua_total_cap": 0, "ua_name": "Bristol, City of" }, "geometry": { "type": "Point", "coordinates": [ -2.58541839999998, 51.424160200000074 ] } },
{ "type": "Feature", "properties": { "park_id": "310283", "active_status": "Inactive (rejected)", "audit_status": "Rejected", "live_op_total_cap": 0, "approved_ua_total_cap": 0, "ua_name": "Bristol, City of" }, "geometry": { "type": "Point", "coordinates": [ -2.59252, 51.45803 ] } },
{ "type": "Feature", "properties": { "park_id": "310284", "active_status": "Active", "audit_status": " ", "live_op_total_cap": 15, "approved_ua_total_cap": 15, "ua_name": "Bristol, City of" }, "geometry": { "type": "Point", "coordinates": [ -2.585821, 51.424352 ] } },
{ "type": "Feature", "properties": { "park_id": "310285", "active_status": "Inactive (rejected)", "audit_status": "Rejected", "live_op_total_cap": 0, "approved_ua_total_cap": 0, "ua_name": "Bristol, City of" }, "geometry": { "type": "Point", "coordinates": [ -2.60209, 51.47004 ] } },
{ "type": "Feature", "properties": { "park_id": "310286", "active_status": "Active", "audit_status": " ", "live_op_total_cap": 8, "approved_ua_total_cap": 8, "ua_name": "Bristol, City of" }, "geometry": { "type": "Point", "coordinates": [ -2.620557899999937, 51.45707770000007 ] } },
{ "type": "Feature", "properties": { "park_id": "310287", "active_status": "Inactive (rejected)", "audit_status": "Rejected", "live_op_total_cap": null, "approved_ua_total_cap": 0, "ua_name": "Bristol, City of" }, "geometry": { "type": "Point", "coordinates": [ -2.585740599999951, 51.425039100000049 ] } },
{ "type": "Feature", "properties": { "park_id": "310288", "active_status": "Active", "audit_status": "Ready for UA review", "live_op_total_cap": null, "approved_ua_total_cap": 0, "ua_name": "Bristol, City of" }, "geometry": { "type": "Point", "coordinates": [ -2.569501099999968, 51.424255200000061 ] } },
{ "type": "Feature", "properties": { "park_id": "310289", "active_status": "Active", "audit_status": " ", "live_op_total_cap": 20, "approved_ua_total_cap": 20, "ua_name": "Bristol, City of" }, "geometry": { "type": "Point", "coordinates": [ -2.591212, 51.46071 ] } },
{ "type": "Feature", "properties": { "park_id": "310290", "active_status": "Active", "audit_status": " ", "live_op_total_cap": 6, "approved_ua_total_cap": 6, "ua_name": "Bristol, City of" }, "geometry": { "type": "Point", "coordinates": [ -2.578654, 51.419568 ] } },
{ "type": "Feature", "properties": { "park_id": "310291", "active_status": "Active", "audit_status": " ", "live_op_total_cap": 12, "approved_ua_total_cap": 12, "ua_name": "Bristol, City of" }, "geometry": { "type": "Point", "coordinates": [ -2.514929, 51.47151 ] } },
{ "type": "Feature", "properties": { "park_id": "310292", "active_status": "Active", "audit_status": " ", "live_op_total_cap": 4, "approved_ua_total_cap": 4, "ua_name": "Bristol, City of" }, "geometry": { "type": "Point", "coordinates": [ -2.513137, 51.476128 ] } },
{ "type": "Feature", "properties": { "park_id": "310293", "active_status": "Active", "audit_status": " ", "live_op_total_cap": 4, "approved_ua_total_cap": 4, "ua_name": "Bristol, City of" }, "geometry": { "type": "Point", "coordinates": [ -2.512929, 51.476687 ] } },
{ "type": "Feature", "properties": { "park_id": "310294", "active_status": "Active", "audit_status": "Ready for UA review", "live_op_total_cap": null, "approved_ua_total_cap": 0, "ua_name": "Bristol, City of" }, "geometry": { "type": "Point", "coordinates": [ -2.517267899999979, 51.477828400000078 ] } },
{ "type": "Feature", "properties": { "park_id": "310295", "active_status": "Active", "audit_status": " ", "live_op_total_cap": 4, "approved_ua_total_cap": 4, "ua_name": "Bristol, City of" }, "geometry": { "type": "Point", "coordinates": [ -2.519718, 51.473105 ] } },
{ "type": "Feature", "properties": { "park_id": "310296", "active_status": "Active", "audit_status": "Ready for UA review", "live_op_total_cap": null, "approved_ua_total_cap": 0, "ua_name": "Bristol, City of" }, "geometry": { "type": "Point", "coordinates": [ -2.565976, 51.424257700000055 ] } },
{ "type": "Feature", "properties": { "park_id": "310297", "active_status": "Inactive (rejected)", "audit_status": "Rejected", "live_op_total_cap": null, "approved_ua_total_cap": 0, "ua_name": "Bristol, City of" }, "geometry": { "type": "Point", "coordinates": [ -2.535910199999933, 51.452728800000045 ] } },
{ "type": "Feature", "properties": { "park_id": "310298", "active_status": "Inactive (surplus)", "audit_status": " ", "live_op_total_cap": 0, "approved_ua_total_cap": 8, "ua_name": "Bristol, City of" }, "geometry": { "type": "Point", "coordinates": [ -2.529978, 51.457081 ] } },
{ "type": "Feature", "properties": { "park_id": "310299", "active_status": "Active", "audit_status": " ", "live_op_total_cap": 5, "approved_ua_total_cap": 5, "ua_name": "Bristol, City of" }, "geometry": { "type": "Point", "coordinates": [ -2.528321, 51.452662 ] } },
{ "type": "Feature", "properties": { "park_id": "310300", "active_status": "Active", "audit_status": " ", "live_op_total_cap": 6, "approved_ua_total_cap": 6, "ua_name": "Bristol, City of" }, "geometry": { "type": "Point", "coordinates": [ -2.530554, 51.451438 ] } },
{ "type": "Feature", "properties": { "park_id": "310301", "active_status": "Inactive (rejected)", "audit_status": "Rejected", "live_op_total_cap": null, "approved_ua_total_cap": 0, "ua_name": "Bristol, City of" }, "geometry": { "type": "Point", "coordinates": [ -2.528423099999941, 51.450695100000075 ] } },
{ "type": "Feature", "properties": { "park_id": "310302", "active_status": "Active", "audit_status": "Ready for UA review", "live_op_total_cap": null, "approved_ua_total_cap": 0, "ua_name": "Bristol, City of" }, "geometry": { "type": "Point", "coordinates": [ -2.522266899999977, 51.456461900000079 ] } },
{ "type": "Feature", "properties": { "park_id": "310303", "active_status": "Inactive (rejected)", "audit_status": "Rejected", "live_op_total_cap": null, "approved_ua_total_cap": 0, "ua_name": "Bristol, City of" }, "geometry": { "type": "Point", "coordinates": [ -2.584874, 51.425472900000045 ] } },
{ "type": "Feature", "properties": { "park_id": "310304", "active_status": "Active", "audit_status": " ", "live_op_total_cap": 10, "approved_ua_total_cap": 10, "ua_name": "Bristol, City of" }, "geometry": { "type": "Point", "coordinates": [ -2.585342, 51.423314 ] } },
{ "type": "Feature", "properties": { "park_id": "310305", "active_status": "Inactive (rejected)", "audit_status": "Rejected", "live_op_total_cap": null, "approved_ua_total_cap": 0, "ua_name": "Bristol, City of" }, "geometry": { "type": "Point", "coordinates": [ -2.59371729999998, 51.419916400000034 ] } },
{ "type": "Feature", "properties": { "park_id": "310306", "active_status": "Deactivated", "audit_status": "Rejected", "live_op_total_cap": 0, "approved_ua_total_cap": 4, "ua_name": "Bristol, City of" }, "geometry": { "type": "Point", "coordinates": [ -2.59584069999994, 51.421143700000073 ] } },
{ "type": "Feature", "properties": { "park_id": "310307", "active_status": "Inactive (rejected)", "audit_status": "Rejected", "live_op_total_cap": null, "approved_ua_total_cap": 0, "ua_name": "Bristol, City of" }, "geometry": { "type": "Point", "coordinates": [ -2.597694299999944, 51.426407200000028 ] } },
{ "type": "Feature", "properties": { "park_id": "310308", "active_status": "Active", "audit_status": "Ready for UA review", "live_op_total_cap": null, "approved_ua_total_cap": 0, "ua_name": "Bristol, City of" }, "geometry": { "type": "Point", "coordinates": [ -2.52875709999995, 51.461230300000068 ] } },
{ "type": "Feature", "properties": { "park_id": "310309", "active_status": "Active", "audit_status": " ", "live_op_total_cap": 4, "approved_ua_total_cap": 4, "ua_name": "Bristol, City of" }, "geometry": { "type": "Point", "coordinates": [ -2.541417, 51.446759 ] } },
{ "type": "Feature", "properties": { "park_id": "310310", "active_status": "Active", "audit_status": " ", "live_op_total_cap": 4, "approved_ua_total_cap": 4, "ua_name": "Bristol, City of" }, "geometry": { "type": "Point", "coordinates": [ -2.548769, 51.445387 ] } },
{ "type": "Feature", "properties": { "park_id": "310311", "active_status": "Inactive (rejected)", "audit_status": "Rejected", "live_op_total_cap": null, "approved_ua_total_cap": 0, "ua_name": "Bristol, City of" }, "geometry": { "type": "Point", "coordinates": [ -2.514607299999966, 51.471515100000033 ] } },
{ "type": "Feature", "properties": { "park_id": "310312", "active_status": "Active", "audit_status": " ", "live_op_total_cap": 6, "approved_ua_total_cap": 6, "ua_name": "Bristol, City of" }, "geometry": { "type": "Point", "coordinates": [ -2.526858, 51.454771 ] } },
{ "type": "Feature", "properties": { "park_id": "310313", "active_status": "Deactivated", "audit_status": "Rejected", "live_op_total_cap": 0, "approved_ua_total_cap": 110, "ua_name": "Bristol, City of" }, "geometry": { "type": "Point", "coordinates": [ -2.591840799999943, 51.454382400000043 ] } },
{ "type": "Feature", "properties": { "park_id": "310314", "active_status": "Deactivated", "audit_status": "Rejected", "live_op_total_cap": 0, "approved_ua_total_cap": 4, "ua_name": "Bristol, City of" }, "geometry": { "type": "Point", "coordinates": [ -2.62296559999993, 51.413827300000037 ] } },
{ "type": "Feature", "properties": { "park_id": "310315", "active_status": "Active", "audit_status": " ", "live_op_total_cap": 4, "approved_ua_total_cap": 4, "ua_name": "Bristol, City of" }, "geometry": { "type": "Point", "coordinates": [ -2.621665, 51.414236 ] } },
{ "type": "Feature", "properties": { "park_id": "310316", "active_status": "Inactive (rejected)", "audit_status": "Rejected", "live_op_total_cap": null, "approved_ua_total_cap": 0, "ua_name": "Bristol, City of" }, "geometry": { "type": "Point", "coordinates": [ -2.585018199999979, 51.406094 ] } },
{ "type": "Feature", "properties": { "park_id": "310317", "active_status": "Active", "audit_status": " ", "live_op_total_cap": 6, "approved_ua_total_cap": 6, "ua_name": "Bristol, City of" }, "geometry": { "type": "Point", "coordinates": [ -2.581946, 51.404449 ] } },
{ "type": "Feature", "properties": { "park_id": "310318", "active_status": "Inactive (rejected)", "audit_status": "Rejected", "live_op_total_cap": null, "approved_ua_total_cap": 0, "ua_name": "Bristol, City of" }, "geometry": { "type": "Point", "coordinates": [ -2.579432899999972, 51.404486100000042 ] } },
{ "type": "Feature", "properties": { "park_id": "310319", "active_status": "Inactive (rejected)", "audit_status": "Rejected", "live_op_total_cap": null, "approved_ua_total_cap": 0, "ua_name": "Bristol, City of" }, "geometry": { "type": "Point", "coordinates": [ -2.57031539999997, 51.40976390000003 ] } },
{ "type": "Feature", "properties": { "park_id": "310320", "active_status": "Active", "audit_status": " ", "live_op_total_cap": 12, "approved_ua_total_cap": 12, "ua_name": "Bristol, City of" }, "geometry": { "type": "Point", "coordinates": [ -2.568983, 51.404857 ] } },
{ "type": "Feature", "properties": { "park_id": "310321", "active_status": "Inactive (surplus)", "audit_status": "Approved and implement", "live_op_total_cap": 0, "approved_ua_total_cap": 8, "ua_name": "Bristol, City of" }, "geometry": { "type": "Point", "coordinates": [ -2.568848799999955, 51.405167200000051 ] } },
{ "type": "Feature", "properties": { "park_id": "310322", "active_status": "Active", "audit_status": "Ready for UA review", "live_op_total_cap": null, "approved_ua_total_cap": 0, "ua_name": "Bristol, City of" }, "geometry": { "type": "Point", "coordinates": [ -2.567074299999945, 51.406820400000072 ] } },
{ "type": "Feature", "properties": { "park_id": "310323", "active_status": "Deactivated", "audit_status": "Rejected", "live_op_total_cap": 0, "approved_ua_total_cap": 4, "ua_name": "Bristol, City of" }, "geometry": { "type": "Point", "coordinates": [ -2.569885499999941, 51.408240100000057 ] } },
{ "type": "Feature", "properties": { "park_id": "310324", "active_status": "Inactive (rejected)", "audit_status": "Rejected", "live_op_total_cap": null, "approved_ua_total_cap": 0, "ua_name": "Bristol, City of" }, "geometry": { "type": "Point", "coordinates": [ -2.561379799999941, 51.41248180000008 ] } },
{ "type": "Feature", "properties": { "park_id": "310325", "active_status": "Active", "audit_status": "Ready for UA review", "live_op_total_cap": null, "approved_ua_total_cap": 0, "ua_name": "Bristol, City of" }, "geometry": { "type": "Point", "coordinates": [ -2.568161599999939, 51.413933400000076 ] } },
{ "type": "Feature", "properties": { "park_id": "310326", "active_status": "Inactive (rejected)", "audit_status": "Rejected", "live_op_total_cap": null, "approved_ua_total_cap": 10, "ua_name": "Bristol, City of" }, "geometry": { "type": "Point", "coordinates": [ -2.57498389999995, 51.421134900000027 ] } },
{ "type": "Feature", "properties": { "park_id": "310327", "active_status": "Inactive (rejected)", "audit_status": "Rejected", "live_op_total_cap": null, "approved_ua_total_cap": 0, "ua_name": "Bristol, City of" }, "geometry": { "type": "Point", "coordinates": [ -2.576284199999975, 51.421231200000079 ] } },
{ "type": "Feature", "properties": { "park_id": "310328", "active_status": "Deactivated", "audit_status": "Rejected", "live_op_total_cap": 0, "approved_ua_total_cap": 6, "ua_name": "Bristol, City of" }, "geometry": { "type": "Point", "coordinates": [ -2.528213699999981, 51.458817 ] } },
{ "type": "Feature", "properties": { "park_id": "310329", "active_status": "Active", "audit_status": " ", "live_op_total_cap": 4, "approved_ua_total_cap": 4, "ua_name": "Bristol, City of" }, "geometry": { "type": "Point", "coordinates": [ -2.518224, 51.46079 ] } },
{ "type": "Feature", "properties": { "park_id": "310330", "active_status": "Inactive (rejected)", "audit_status": "Rejected", "live_op_total_cap": null, "approved_ua_total_cap": 0, "ua_name": "Bristol, City of" }, "geometry": { "type": "Point", "coordinates": [ -2.514334599999927, 51.466562900000042 ] } },
{ "type": "Feature", "properties": { "park_id": "310331", "active_status": "Inactive (rejected)", "audit_status": "Rejected", "live_op_total_cap": null, "approved_ua_total_cap": 0, "ua_name": "Bristol, City of" }, "geometry": { "type": "Point", "coordinates": [ -2.521313299999974, 51.464496600000075 ] } },
{ "type": "Feature", "properties": { "park_id": "310332", "active_status": "Deactivated", "audit_status": "Rejected", "live_op_total_cap": 0, "approved_ua_total_cap": 4, "ua_name": "Bristol, City of" }, "geometry": { "type": "Point", "coordinates": [ -2.517353399999934, 51.464512 ] } },
{ "type": "Feature", "properties": { "park_id": "310333", "active_status": "Active", "audit_status": " ", "live_op_total_cap": 4, "approved_ua_total_cap": 6, "ua_name": "Bristol, City of" }, "geometry": { "type": "Point", "coordinates": [ -2.575426, 51.414812 ] } },
{ "type": "Feature", "properties": { "park_id": "310334", "active_status": "Inactive (rejected)", "audit_status": "Rejected", "live_op_total_cap": null, "approved_ua_total_cap": 0, "ua_name": "Bristol, City of" }, "geometry": { "type": "Point", "coordinates": [ -2.557265499999971, 51.426194200000054 ] } },
{ "type": "Feature", "properties": { "park_id": "310335", "active_status": "Inactive (rejected)", "audit_status": "Rejected", "live_op_total_cap": null, "approved_ua_total_cap": 0, "ua_name": "Bristol, City of" }, "geometry": { "type": "Point", "coordinates": [ -2.555574399999955, 51.427791900000045 ] } },
{ "type": "Feature", "properties": { "park_id": "310336", "active_status": "Active", "audit_status": " ", "live_op_total_cap": 4, "approved_ua_total_cap": 4, "ua_name": "Bristol, City of" }, "geometry": { "type": "Point", "coordinates": [ -2.552457, 51.428574 ] } },
{ "type": "Feature", "properties": { "park_id": "310337", "active_status": "Inactive (rejected)", "audit_status": "Rejected", "live_op_total_cap": null, "approved_ua_total_cap": 0, "ua_name": "Bristol, City of" }, "geometry": { "type": "Point", "coordinates": [ -2.543777399999954, 51.426285200000052 ] } },
{ "type": "Feature", "properties": { "park_id": "310338", "active_status": "Inactive (rejected)", "audit_status": "Rejected", "live_op_total_cap": 0, "approved_ua_total_cap": 8, "ua_name": "Bristol, City of" }, "geometry": { "type": "Point", "coordinates": [ -2.538818399999968, 51.427295700000059 ] } },
{ "type": "Feature", "properties": { "park_id": "310339", "active_status": "Active", "audit_status": " ", "live_op_total_cap": 10, "approved_ua_total_cap": 10, "ua_name": "Bristol, City of" }, "geometry": { "type": "Point", "coordinates": [ -2.553912, 51.418229 ] } },
{ "type": "Feature", "properties": { "park_id": "310340", "active_status": "Active", "audit_status": " ", "live_op_total_cap": 6, "approved_ua_total_cap": 6, "ua_name": "Bristol, City of" }, "geometry": { "type": "Point", "coordinates": [ -2.547345, 51.412955 ] } },
{ "type": "Feature", "properties": { "park_id": "310341", "active_status": "Active", "audit_status": " ", "live_op_total_cap": 8, "approved_ua_total_cap": 8, "ua_name": "Bristol, City of" }, "geometry": { "type": "Point", "coordinates": [ -2.542649, 51.416097 ] } },
{ "type": "Feature", "properties": { "park_id": "310342", "active_status": "Active", "audit_status": " ", "live_op_total_cap": 6, "approved_ua_total_cap": 6, "ua_name": "Bristol, City of" }, "geometry": { "type": "Point", "coordinates": [ -2.547287, 51.413618 ] } },
{ "type": "Feature", "properties": { "park_id": "310343", "active_status": "Active", "audit_status": " ", "live_op_total_cap": 4, "approved_ua_total_cap": 4, "ua_name": "Bristol, City of" }, "geometry": { "type": "Point", "coordinates": [ -2.541171, 51.413183 ] } },
{ "type": "Feature", "properties": { "park_id": "310344", "active_status": "Inactive (rejected)", "audit_status": "Rejected", "live_op_total_cap": null, "approved_ua_total_cap": 0, "ua_name": "Bristol, City of" }, "geometry": { "type": "Point", "coordinates": [ -2.551089199999979, 51.410416100000077 ] } },
{ "type": "Feature", "properties": { "park_id": "310345", "active_status": "Active", "audit_status": " ", "live_op_total_cap": 8, "approved_ua_total_cap": 8, "ua_name": "Bristol, City of" }, "geometry": { "type": "Point", "coordinates": [ -2.611526, 51.413433 ] } },
{ "type": "Feature", "properties": { "park_id": "310346", "active_status": "Active", "audit_status": " ", "live_op_total_cap": 8, "approved_ua_total_cap": 8, "ua_name": "Bristol, City of" }, "geometry": { "type": "Point", "coordinates": [ -2.625588, 51.415655 ] } },
{ "type": "Feature", "properties": { "park_id": "310347", "active_status": "Inactive (rejected)", "audit_status": "Approved and implement", "live_op_total_cap": 0, "approved_ua_total_cap": 4, "ua_name": "Bristol, City of" }, "geometry": { "type": "Point", "coordinates": [ -2.625306699999953, 51.41606070000006 ] } },
{ "type": "Feature", "properties": { "park_id": "310348", "active_status": "Active", "audit_status": " ", "live_op_total_cap": 4, "approved_ua_total_cap": 4, "ua_name": "Bristol, City of" }, "geometry": { "type": "Point", "coordinates": [ -2.610221, 51.419037 ] } },
{ "type": "Feature", "properties": { "park_id": "310349", "active_status": "Active", "audit_status": " ", "live_op_total_cap": 4, "approved_ua_total_cap": 4, "ua_name": "Bristol, City of" }, "geometry": { "type": "Point", "coordinates": [ -2.594829, 51.412398 ] } },
{ "type": "Feature", "properties": { "park_id": "310350", "active_status": "Active", "audit_status": " ", "live_op_total_cap": 8, "approved_ua_total_cap": 8, "ua_name": "Bristol, City of" }, "geometry": { "type": "Point", "coordinates": [ -2.614513, 51.414561 ] } },
{ "type": "Feature", "properties": { "park_id": "310351", "active_status": "Inactive (rejected)", "audit_status": "Rejected", "live_op_total_cap": null, "approved_ua_total_cap": 0, "ua_name": "Bristol, City of" }, "geometry": { "type": "Point", "coordinates": [ -2.607584699999961, 51.414170700000057 ] } },
{ "type": "Feature", "properties": { "park_id": "310352", "active_status": "Inactive (rejected)", "audit_status": "Rejected", "live_op_total_cap": null, "approved_ua_total_cap": 0, "ua_name": "Bristol, City of" }, "geometry": { "type": "Point", "coordinates": [ -2.60165939999996, 51.413914 ] } },
{ "type": "Feature", "properties": { "park_id": "310353", "active_status": "Inactive (rejected)", "audit_status": "Rejected", "live_op_total_cap": null, "approved_ua_total_cap": 0, "ua_name": "Bristol, City of" }, "geometry": { "type": "Point", "coordinates": [ -2.546002899999962, 51.414558300000067 ] } },
{ "type": "Feature", "properties": { "park_id": "310354", "active_status": "Active", "audit_status": " ", "live_op_total_cap": 8, "approved_ua_total_cap": 8, "ua_name": "Bristol, City of" }, "geometry": { "type": "Point", "coordinates": [ -2.616481, 51.415943 ] } },
{ "type": "Feature", "properties": { "park_id": "310355", "active_status": "Active", "audit_status": " ", "live_op_total_cap": 10, "approved_ua_total_cap": 10, "ua_name": "Bristol, City of" }, "geometry": { "type": "Point", "coordinates": [ -2.542703, 51.409943 ] } },
{ "type": "Feature", "properties": { "park_id": "310356", "active_status": "Active", "audit_status": " ", "live_op_total_cap": 8, "approved_ua_total_cap": 8, "ua_name": "Bristol, City of" }, "geometry": { "type": "Point", "coordinates": [ -2.595977, 51.403647 ] } },
{ "type": "Feature", "properties": { "park_id": "310357", "active_status": "Inactive (rejected)", "audit_status": "Rejected", "live_op_total_cap": null, "approved_ua_total_cap": 0, "ua_name": "Bristol, City of" }, "geometry": { "type": "Point", "coordinates": [ -2.593549499999938, 51.40571140000003 ] } },
{ "type": "Feature", "properties": { "park_id": "310358", "active_status": "Active", "audit_status": " ", "live_op_total_cap": 6, "approved_ua_total_cap": 6, "ua_name": "Bristol, City of" }, "geometry": { "type": "Point", "coordinates": [ -2.623354, 51.406029 ] } },
{ "type": "Feature", "properties": { "park_id": "310359", "active_status": "Inactive (rejected)", "audit_status": "Rejected", "live_op_total_cap": null, "approved_ua_total_cap": 0, "ua_name": "Bristol, City of" }, "geometry": { "type": "Point", "coordinates": [ -2.546867, 51.42926360000007 ] } },
{ "type": "Feature", "properties": { "park_id": "310360", "active_status": "Inactive (rejected)", "audit_status": "Rejected", "live_op_total_cap": null, "approved_ua_total_cap": 0, "ua_name": "Bristol, City of" }, "geometry": { "type": "Point", "coordinates": [ -2.572285499999964, 51.439423800000043 ] } },
{ "type": "Feature", "properties": { "park_id": "310361", "active_status": "Inactive (rejected)", "audit_status": "Rejected", "live_op_total_cap": null, "approved_ua_total_cap": 0, "ua_name": "Bristol, City of" }, "geometry": { "type": "Point", "coordinates": [ -2.588008199999933, 51.453478800000028 ] } },
{ "type": "Feature", "properties": { "park_id": "310362", "active_status": "Inactive (rejected)", "audit_status": "Rejected", "live_op_total_cap": null, "approved_ua_total_cap": 0, "ua_name": "Bristol, City of" }, "geometry": { "type": "Point", "coordinates": [ -2.586806299999978, 51.450923800000055 ] } },
{ "type": "Feature", "properties": { "park_id": "310363", "active_status": "Inactive (rejected)", "audit_status": "Rejected", "live_op_total_cap": null, "approved_ua_total_cap": 0, "ua_name": "Bristol, City of" }, "geometry": { "type": "Point", "coordinates": [ -2.578839899999934, 51.41975 ] } },
{ "type": "Feature", "properties": { "park_id": "310364", "active_status": "Active", "audit_status": " ", "live_op_total_cap": 9, "approved_ua_total_cap": 9, "ua_name": "Bristol, City of" }, "geometry": { "type": "Point", "coordinates": [ -2.574706, 51.421086 ] } },
{ "type": "Feature", "properties": { "park_id": "310365", "active_status": "Inactive (rejected)", "audit_status": "Rejected", "live_op_total_cap": null, "approved_ua_total_cap": 0, "ua_name": "Bristol, City of" }, "geometry": { "type": "Point", "coordinates": [ -2.594104299999969, 51.460446 ] } },
{ "type": "Feature", "properties": { "park_id": "310366", "active_status": "Inactive (rejected)", "audit_status": "Rejected", "live_op_total_cap": null, "approved_ua_total_cap": 0, "ua_name": "Bristol, City of" }, "geometry": { "type": "Point", "coordinates": [ -2.586769299999958, 51.453305200000045 ] } },
{ "type": "Feature", "properties": { "park_id": "310367", "active_status": "Active", "audit_status": " ", "live_op_total_cap": 20, "approved_ua_total_cap": 0, "ua_name": "Bristol, City of" }, "geometry": { "type": "Point", "coordinates": [ -2.61616, 51.449675 ] } },
{ "type": "Feature", "properties": { "park_id": "310368", "active_status": "Inactive (surplus)", "audit_status": "Approved and implement", "live_op_total_cap": 0, "approved_ua_total_cap": 8, "ua_name": "Bristol, City of" }, "geometry": { "type": "Point", "coordinates": [ -2.687060599999938, 51.502723800000069 ] } },
{ "type": "Feature", "properties": { "park_id": "310369", "active_status": "Active", "audit_status": " ", "live_op_total_cap": 8, "approved_ua_total_cap": 8, "ua_name": "Bristol, City of" }, "geometry": { "type": "Point", "coordinates": [ -2.68777, 51.497492 ] } },
{ "type": "Feature", "properties": { "park_id": "310370", "active_status": "Active", "audit_status": " ", "live_op_total_cap": 4, "approved_ua_total_cap": 4, "ua_name": "Bristol, City of" }, "geometry": { "type": "Point", "coordinates": [ -2.689388, 51.497771 ] } },
{ "type": "Feature", "properties": { "park_id": "310371", "active_status": "Active", "audit_status": " ", "live_op_total_cap": 8, "approved_ua_total_cap": 8, "ua_name": "Bristol, City of" }, "geometry": { "type": "Point", "coordinates": [ -2.69162, 51.498051 ] } },
{ "type": "Feature", "properties": { "park_id": "310372", "active_status": "Inactive (rejected)", "audit_status": "Rejected", "live_op_total_cap": null, "approved_ua_total_cap": 0, "ua_name": "Bristol, City of" }, "geometry": { "type": "Point", "coordinates": [ -2.589690399999938, 51.444165200000043 ] } },
{ "type": "Feature", "properties": { "park_id": "310373", "active_status": "Active", "audit_status": " ", "live_op_total_cap": 8, "approved_ua_total_cap": 8, "ua_name": "Bristol, City of" }, "geometry": { "type": "Point", "coordinates": [ -2.697163, 51.503341 ] } },
{ "type": "Feature", "properties": { "park_id": "310374", "active_status": "Inactive (rejected)", "audit_status": "Rejected", "live_op_total_cap": null, "approved_ua_total_cap": 0, "ua_name": "Bristol, City of" }, "geometry": { "type": "Point", "coordinates": [ -2.671215899999936, 51.517654600000071 ] } },
{ "type": "Feature", "properties": { "park_id": "310375", "active_status": "Inactive (rejected)", "audit_status": "Rejected", "live_op_total_cap": null, "approved_ua_total_cap": 0, "ua_name": "Bristol, City of" }, "geometry": { "type": "Point", "coordinates": [ -2.668040099999928, 51.516132300000038 ] } },
{ "type": "Feature", "properties": { "park_id": "310377", "active_status": "Inactive (rejected)", "audit_status": "Rejected", "live_op_total_cap": null, "approved_ua_total_cap": 0, "ua_name": "Bristol, City of" }, "geometry": { "type": "Point", "coordinates": [ -2.603597899999954, 51.458330400000079 ] } },
{ "type": "Feature", "properties": { "park_id": "310378", "active_status": "Active", "audit_status": "Approved and implement", "live_op_total_cap": 12, "approved_ua_total_cap": 12, "ua_name": "Bristol, City of" }, "geometry": { "type": "Point", "coordinates": [ -2.62176889999995, 51.447052600000063 ] } },
{ "type": "Feature", "properties": { "park_id": "310379", "active_status": "Active", "audit_status": "Approved and implement", "live_op_total_cap": 10, "approved_ua_total_cap": 10, "ua_name": "Bristol, City of" }, "geometry": { "type": "Point", "coordinates": [ -2.587818, 51.453424 ] } },
{ "type": "Feature", "properties": { "park_id": "310380", "active_status": "Active", "audit_status": "Approved and implement", "live_op_total_cap": 10, "approved_ua_total_cap": 10, "ua_name": "Bristol, City of" }, "geometry": { "type": "Point", "coordinates": [ -2.585092399999951, 51.450396300000079 ] } },
{ "type": "Feature", "properties": { "park_id": "310381", "active_status": "Active", "audit_status": "Approved and implement", "live_op_total_cap": 10, "approved_ua_total_cap": 10, "ua_name": "Bristol, City of" }, "geometry": { "type": "Point", "coordinates": [ -2.59292389999996, 51.461697800000081 ] } },
{ "type": "Feature", "properties": { "park_id": "310382", "active_status": "Active", "audit_status": "Approved and implement", "live_op_total_cap": 10, "approved_ua_total_cap": 10, "ua_name": "Bristol, City of" }, "geometry": { "type": "Point", "coordinates": [ -2.582461799999976, 51.464580500000068 ] } },
{ "type": "Feature", "properties": { "park_id": "310383", "active_status": "Inactive (surplus)", "audit_status": "Approved and implement", "live_op_total_cap": null, "approved_ua_total_cap": null, "ua_name": "Bristol, City of" }, "geometry": { "type": "Point", "coordinates": [ -2.582262499999956, 51.464647 ] } },
{ "type": "Feature", "properties": { "park_id": "310384", "active_status": "Active", "audit_status": "Approved and implement", "live_op_total_cap": 16, "approved_ua_total_cap": 16, "ua_name": "Bristol, City of" }, "geometry": { "type": "Point", "coordinates": [ -2.571710699999926, 51.467889300000081 ] } },
{ "type": "Feature", "properties": { "park_id": "310385", "active_status": "Active", "audit_status": "Approved and implement", "live_op_total_cap": 6, "approved_ua_total_cap": 6, "ua_name": "Bristol, City of" }, "geometry": { "type": "Point", "coordinates": [ -2.587212, 51.498139 ] } },
{ "type": "Feature", "properties": { "park_id": "310386", "active_status": "Active", "audit_status": "Approved and implement", "live_op_total_cap": 8, "approved_ua_total_cap": 8, "ua_name": "Bristol, City of" }, "geometry": { "type": "Point", "coordinates": [ -2.585876, 51.462359 ] } },
{ "type": "Feature", "properties": { "park_id": "310387", "active_status": "Deactivated", "audit_status": "Approved and implement", "live_op_total_cap": 0, "approved_ua_total_cap": 6, "ua_name": "Bristol, City of" }, "geometry": { "type": "Point", "coordinates": [ -2.527123199999949, 51.461700800000074 ] } },
{ "type": "Feature", "properties": { "park_id": "310388", "active_status": "Inactive (rejected)", "audit_status": "Rejected", "live_op_total_cap": null, "approved_ua_total_cap": 0, "ua_name": "Bristol, City of" }, "geometry": { "type": "Point", "coordinates": [ -2.530544599999928, 51.46099810000004 ] } },
{ "type": "Feature", "properties": { "park_id": "310389", "active_status": "Active", "audit_status": "Approved and implement", "live_op_total_cap": 16, "approved_ua_total_cap": 16, "ua_name": "Bristol, City of" }, "geometry": { "type": "Point", "coordinates": [ -2.53896, 51.429137 ] } },
{ "type": "Feature", "properties": { "park_id": "310390", "active_status": "Inactive (rejected)", "audit_status": "Rejected", "live_op_total_cap": null, "approved_ua_total_cap": 0, "ua_name": "Bristol, City of" }, "geometry": { "type": "Point", "coordinates": [ -2.543865899999957, 51.430567100000076 ] } },
{ "type": "Feature", "properties": { "park_id": "310391", "active_status": "Inactive (rejected)", "audit_status": "Rejected", "live_op_total_cap": null, "approved_ua_total_cap": 0, "ua_name": "Bristol, City of" }, "geometry": { "type": "Point", "coordinates": [ -2.545891899999958, 51.431598600000029 ] } },
{ "type": "Feature", "properties": { "park_id": "310392", "active_status": "Active", "audit_status": "Approved and implement", "live_op_total_cap": 4, "approved_ua_total_cap": 4, "ua_name": "Bristol, City of" }, "geometry": { "type": "Point", "coordinates": [ -2.543424, 51.438318 ] } },
{ "type": "Feature", "properties": { "park_id": "310393", "active_status": "Active", "audit_status": "Ready for UA review", "live_op_total_cap": null, "approved_ua_total_cap": 0, "ua_name": "Bristol, City of" }, "geometry": { "type": "Point", "coordinates": [ -2.549324699999943, 51.457545 ] } },
{ "type": "Feature", "properties": { "park_id": "310394", "active_status": "Active", "audit_status": "Approved and implement", "live_op_total_cap": 8, "approved_ua_total_cap": 8, "ua_name": "Bristol, City of" }, "geometry": { "type": "Point", "coordinates": [ -2.597379, 51.497325 ] } },
{ "type": "Feature", "properties": { "park_id": "310395", "active_status": "Inactive (rejected)", "audit_status": "Rejected", "live_op_total_cap": null, "approved_ua_total_cap": 0, "ua_name": "Bristol, City of" }, "geometry": { "type": "Point", "coordinates": [ -2.61901249999994, 51.447123900000065 ] } },
{ "type": "Feature", "properties": { "park_id": "310396", "active_status": "Inactive (rejected)", "audit_status": "Rejected", "live_op_total_cap": null, "approved_ua_total_cap": 0, "ua_name": "Bristol, City of" }, "geometry": { "type": "Point", "coordinates": [ -2.596507299999928, 51.507889800000044 ] } },
{ "type": "Feature", "properties": { "park_id": "310397", "active_status": "Inactive (rejected)", "audit_status": "Rejected", "live_op_total_cap": null, "approved_ua_total_cap": 0, "ua_name": "Bristol, City of" }, "geometry": { "type": "Point", "coordinates": [ -2.60658559999996, 51.507138800000064 ] } },
{ "type": "Feature", "properties": { "park_id": "310398", "active_status": "Inactive (rejected)", "audit_status": "Rejected", "live_op_total_cap": null, "approved_ua_total_cap": 0, "ua_name": "Bristol, City of" }, "geometry": { "type": "Point", "coordinates": [ -2.608293499999945, 51.457457900000065 ] } },
{ "type": "Feature", "properties": { "park_id": "310399", "active_status": "Inactive (rejected)", "audit_status": "Rejected", "live_op_total_cap": null, "approved_ua_total_cap": 0, "ua_name": "Bristol, City of" }, "geometry": { "type": "Point", "coordinates": [ -2.529460899999947, 51.478647200000069 ] } },
{ "type": "Feature", "properties": { "park_id": "310400", "active_status": "Inactive (rejected)", "audit_status": "Rejected", "live_op_total_cap": null, "approved_ua_total_cap": 0, "ua_name": "Bristol, City of" }, "geometry": { "type": "Point", "coordinates": [ -2.586302599999954, 51.464075100000059 ] } },
{ "type": "Feature", "properties": { "park_id": "310401", "active_status": "Active", "audit_status": "Approved and implement", "live_op_total_cap": 4, "approved_ua_total_cap": 4, "ua_name": "Bristol, City of" }, "geometry": { "type": "Point", "coordinates": [ -2.625204, 51.409237 ] } },
{ "type": "Feature", "properties": { "park_id": "310402", "active_status": "Active", "audit_status": "Ready for UA review", "live_op_total_cap": null, "approved_ua_total_cap": 0, "ua_name": "Bristol, City of" }, "geometry": { "type": "Point", "coordinates": [ -2.616697699999975, 51.434841 ] } },
{ "type": "Feature", "properties": { "park_id": "310403", "active_status": "Active", "audit_status": "Ready for UA review", "live_op_total_cap": null, "approved_ua_total_cap": 0, "ua_name": "Bristol, City of" }, "geometry": { "type": "Point", "coordinates": [ -2.610037, 51.45319 ] } },
{ "type": "Feature", "properties": { "park_id": "310404", "active_status": "Inactive (rejected)", "audit_status": "Rejected", "live_op_total_cap": null, "approved_ua_total_cap": 0, "ua_name": "Bristol, City of" }, "geometry": { "type": "Point", "coordinates": [ -2.595362399999942, 51.456084900000064 ] } },
{ "type": "Feature", "properties": { "park_id": "310405", "active_status": "Inactive (rejected)", "audit_status": "Rejected", "live_op_total_cap": null, "approved_ua_total_cap": 0, "ua_name": "Bristol, City of" }, "geometry": { "type": "Point", "coordinates": [ -2.606201, 51.470754 ] } },
{ "type": "Feature", "properties": { "park_id": "310406", "active_status": "Inactive (rejected)", "audit_status": "Rejected", "live_op_total_cap": null, "approved_ua_total_cap": 0, "ua_name": "Bristol, City of" }, "geometry": { "type": "Point", "coordinates": [ -2.595362399999942, 51.456084900000064 ] } },
{ "type": "Feature", "properties": { "park_id": "310407", "active_status": "Active", "audit_status": "Approved and implement", "live_op_total_cap": 8, "approved_ua_total_cap": 8, "ua_name": "Bristol, City of" }, "geometry": { "type": "Point", "coordinates": [ -2.598778, 51.436978 ] } },
{ "type": "Feature", "properties": { "park_id": "310408", "active_status": "Active", "audit_status": "Approved and implement", "live_op_total_cap": 4, "approved_ua_total_cap": 4, "ua_name": "Bristol, City of" }, "geometry": { "type": "Point", "coordinates": [ -2.6002, 51.434647 ] } },
{ "type": "Feature", "properties": { "park_id": "310409", "active_status": "Active", "audit_status": "Ready for UA review", "live_op_total_cap": null, "approved_ua_total_cap": 0, "ua_name": "Bristol, City of" }, "geometry": { "type": "Point", "coordinates": [ -2.539379, 51.441236400000037 ] } },
{ "type": "Feature", "properties": { "park_id": "310410", "active_status": "Inactive (rejected)", "audit_status": "Rejected", "live_op_total_cap": null, "approved_ua_total_cap": 0, "ua_name": "Bristol, City of" }, "geometry": { "type": "Point", "coordinates": [ -2.596140599999956, 51.454775700000027 ] } },
{ "type": "Feature", "properties": { "park_id": "310411", "active_status": "Inactive (rejected)", "audit_status": "Rejected", "live_op_total_cap": null, "approved_ua_total_cap": 0, "ua_name": "Bristol, City of" }, "geometry": { "type": "Point", "coordinates": [ -2.579643499999975, 51.525209500000074 ] } },
{ "type": "Feature", "properties": { "park_id": "310412", "active_status": "Inactive (surplus)", "audit_status": "Approved and implement", "live_op_total_cap": null, "approved_ua_total_cap": 0, "ua_name": "Bristol, City of" }, "geometry": { "type": "Point", "coordinates": [ -2.585577899999976, 51.450321400000064 ] } },
{ "type": "Feature", "properties": { "park_id": "310413", "active_status": "Inactive (contact landowner)", "audit_status": "Audited - private land", "live_op_total_cap": null, "approved_ua_total_cap": null, "ua_name": "Bristol, City of" }, "geometry": { "type": "Point", "coordinates": [ -2.538004599999965, 51.440752800000041 ] } },
{ "type": "Feature", "properties": { "park_id": "310414", "active_status": "Inactive (rejected)", "audit_status": "Rejected", "live_op_total_cap": null, "approved_ua_total_cap": 0, "ua_name": "Bristol, City of" }, "geometry": { "type": "Point", "coordinates": [ -2.587836699999968, 51.453546600000038 ] } },
{ "type": "Feature", "properties": { "park_id": "310415", "active_status": "Inactive (rejected)", "audit_status": "Rejected", "live_op_total_cap": null, "approved_ua_total_cap": 0, "ua_name": "Bristol, City of" }, "geometry": { "type": "Point", "coordinates": [ -2.586679699999934, 51.45075810000003 ] } },
{ "type": "Feature", "properties": { "park_id": "310416", "active_status": "Active", "audit_status": "Approved and implement", "live_op_total_cap": 12, "approved_ua_total_cap": 12, "ua_name": "Bristol, City of" }, "geometry": { "type": "Point", "coordinates": [ -2.586424, 51.454769 ] } },
{ "type": "Feature", "properties": { "park_id": "310417", "active_status": "Inactive (undergoing audit process)", "audit_status": "Approved and implement", "live_op_total_cap": null, "approved_ua_total_cap": 4, "ua_name": "Bristol, City of" }, "geometry": { "type": "Point", "coordinates": [ -2.587272299999938, 51.453633100000047 ] } },
{ "type": "Feature", "properties": { "park_id": "310418", "active_status": "Active", "audit_status": "Approved and implement", "live_op_total_cap": 8, "approved_ua_total_cap": 8, "ua_name": "Bristol, City of" }, "geometry": { "type": "Point", "coordinates": [ -2.587432, 51.452388 ] } },
{ "type": "Feature", "properties": { "park_id": "310419", "active_status": "Inactive (rejected)", "audit_status": "Rejected", "live_op_total_cap": null, "approved_ua_total_cap": 0, "ua_name": "Bristol, City of" }, "geometry": { "type": "Point", "coordinates": [ -2.593824199999972, 51.45201250000008 ] } },
{ "type": "Feature", "properties": { "park_id": "310420", "active_status": "Active", "audit_status": "Approved and implement", "live_op_total_cap": 10, "approved_ua_total_cap": 10, "ua_name": "Bristol, City of" }, "geometry": { "type": "Point", "coordinates": [ -2.581144, 51.42139 ] } },
{ "type": "Feature", "properties": { "park_id": "310421", "active_status": "Inactive (rejected)", "audit_status": "Rejected", "live_op_total_cap": null, "approved_ua_total_cap": 0, "ua_name": "Bristol, City of" }, "geometry": { "type": "Point", "coordinates": [ -2.672977499999945, 51.518406300000038 ] } },
{ "type": "Feature", "properties": { "park_id": "300390", "active_status": "Deactivated", "audit_status": "Rejected", "live_op_total_cap": 0, "approved_ua_total_cap": 0, "ua_name": "Bristol, City of" }, "geometry": { "type": "Point", "coordinates": [ -2.58484, 51.44434 ] } },
{ "type": "Feature", "properties": { "park_id": "300391", "active_status": "Active", "audit_status": "Rejected", "live_op_total_cap": 0, "approved_ua_total_cap": 0, "ua_name": "Bristol, City of" }, "geometry": { "type": "Point", "coordinates": [ -2.572477101999937, 51.497444150000035 ] } },
{ "type": "Feature", "properties": { "park_id": "300392", "active_status": "Active", "audit_status": "Approved and implement", "live_op_total_cap": 8, "approved_ua_total_cap": 8, "ua_name": "Bristol, City of" }, "geometry": { "type": "Point", "coordinates": [ -2.553769299999942, 51.462116600000058 ] } },
{ "type": "Feature", "properties": { "park_id": "300393", "active_status": "Active", "audit_status": "Make changes and resubmit", "live_op_total_cap": 10, "approved_ua_total_cap": 10, "ua_name": "Bristol, City of" }, "geometry": { "type": "Point", "coordinates": [ -2.608555, 51.460111 ] } },
{ "type": "Feature", "properties": { "park_id": "300394", "active_status": "Active", "audit_status": "Make changes and implement", "live_op_total_cap": 8, "approved_ua_total_cap": 8, "ua_name": "Bristol, City of" }, "geometry": { "type": "Point", "coordinates": [ -2.55319, 51.459679 ] } },
{ "type": "Feature", "properties": { "park_id": "300395", "active_status": "Deactivated", "audit_status": "Approved and implement", "live_op_total_cap": 0, "approved_ua_total_cap": 12, "ua_name": "Bristol, City of" }, "geometry": { "type": "Point", "coordinates": [ -2.6068, 51.47122 ] } },
{ "type": "Feature", "properties": { "park_id": "300396", "active_status": "Active", "audit_status": "Approved and implement", "live_op_total_cap": 6, "approved_ua_total_cap": 6, "ua_name": "Bristol, City of" }, "geometry": { "type": "Point", "coordinates": [ -2.582273399999963, 51.454395500000032 ] } },
{ "type": "Feature", "properties": { "park_id": "300397", "active_status": "Active", "audit_status": "Make changes and resubmit", "live_op_total_cap": 10, "approved_ua_total_cap": 10, "ua_name": "Bristol, City of" }, "geometry": { "type": "Point", "coordinates": [ -2.573647299999948, 51.495534500000076 ] } },
{ "type": "Feature", "properties": { "park_id": "300398", "active_status": "Active", "audit_status": "Make changes and implement", "live_op_total_cap": 8, "approved_ua_total_cap": 8, "ua_name": "Bristol, City of" }, "geometry": { "type": "Point", "coordinates": [ -2.58719739999998, 51.433574400000055 ] } },
{ "type": "Feature", "properties": { "park_id": "300399", "active_status": "Deactivated", "audit_status": "Approved and implement", "live_op_total_cap": 0, "approved_ua_total_cap": 4, "ua_name": "Bristol, City of" }, "geometry": { "type": "Point", "coordinates": [ -2.564160099999981, 51.455899300000056 ] } },
{ "type": "Feature", "properties": { "park_id": "300400", "active_status": "Active", "audit_status": "Approved and implement", "live_op_total_cap": 60, "approved_ua_total_cap": 60, "ua_name": "Bristol, City of" }, "geometry": { "type": "Point", "coordinates": [ -2.5844, 51.450178 ] } },
{ "type": "Feature", "properties": { "park_id": "300401", "active_status": "Active", "audit_status": "Make changes and implement", "live_op_total_cap": 7, "approved_ua_total_cap": 6, "ua_name": "Bristol, City of" }, "geometry": { "type": "Point", "coordinates": [ -2.605822799999942, 51.470372600000076 ] } },
{ "type": "Feature", "properties": { "park_id": "300402", "active_status": "Active", "audit_status": "Make changes and resubmit", "live_op_total_cap": 4, "approved_ua_total_cap": 4, "ua_name": "Bristol, City of" }, "geometry": { "type": "Point", "coordinates": [ -2.554340699999955, 51.458944700000075 ] } },
{ "type": "Feature", "properties": { "park_id": "300403", "active_status": "Active", "audit_status": "Make changes and resubmit", "live_op_total_cap": 6, "approved_ua_total_cap": 6, "ua_name": "Bristol, City of" }, "geometry": { "type": "Point", "coordinates": [ -2.573971, 51.495306 ] } },
{ "type": "Feature", "properties": { "park_id": "300404", "active_status": "Active", "audit_status": "Make changes and resubmit", "live_op_total_cap": 4, "approved_ua_total_cap": 4, "ua_name": "Bristol, City of" }, "geometry": { "type": "Point", "coordinates": [ -2.55668, 51.458838600000036 ] } },
{ "type": "Feature", "properties": { "park_id": "300405", "active_status": "Active", "audit_status": "Make changes and resubmit", "live_op_total_cap": 5, "approved_ua_total_cap": 4, "ua_name": "Bristol, City of" }, "geometry": { "type": "Point", "coordinates": [ -2.59508349999993, 51.428200900000036 ] } },
{ "type": "Feature", "properties": { "park_id": "300406", "active_status": "Active", "audit_status": "Approved and implement", "live_op_total_cap": 6, "approved_ua_total_cap": 6, "ua_name": "Bristol, City of" }, "geometry": { "type": "Point", "coordinates": [ -2.557428799999968, 51.458664 ] } },
{ "type": "Feature", "properties": { "park_id": "300407", "active_status": "Active", "audit_status": "Make changes and implement", "live_op_total_cap": 7, "approved_ua_total_cap": 6, "ua_name": "Bristol, City of" }, "geometry": { "type": "Point", "coordinates": [ -2.614401799999939, 51.457797600000049 ] } },
{ "type": "Feature", "properties": { "park_id": "300408", "active_status": "Deactivated", "audit_status": "Approved and implement", "live_op_total_cap": 0, "approved_ua_total_cap": 0, "ua_name": "Bristol, City of" }, "geometry": { "type": "Point", "coordinates": [ -2.56268, 51.45796 ] } },
{ "type": "Feature", "properties": { "park_id": "300409", "active_status": "Deactivated", "audit_status": "Approved and implement", "live_op_total_cap": 0, "approved_ua_total_cap": 15, "ua_name": "Bristol, City of" }, "geometry": { "type": "Point", "coordinates": [ -2.58782, 51.45214 ] } },
{ "type": "Feature", "properties": { "park_id": "300410", "active_status": "Deactivated", "audit_status": "Rejected", "live_op_total_cap": 0, "approved_ua_total_cap": 0, "ua_name": "Bristol, City of" }, "geometry": { "type": "Point", "coordinates": [ -2.60377, 51.46255 ] } },
{ "type": "Feature", "properties": { "park_id": "300411", "active_status": "Active", "audit_status": "Make changes and implement", "live_op_total_cap": 8, "approved_ua_total_cap": 8, "ua_name": "Bristol, City of" }, "geometry": { "type": "Point", "coordinates": [ -2.582161699999972, 51.488542800000062 ] } },
{ "type": "Feature", "properties": { "park_id": "300412", "active_status": "Active", "audit_status": "Approved and implement", "live_op_total_cap": 16, "approved_ua_total_cap": 16, "ua_name": "Bristol, City of" }, "geometry": { "type": "Point", "coordinates": [ -2.559348899999975, 51.458436600000027 ] } },
{ "type": "Feature", "properties": { "park_id": "300413", "active_status": "Active", "audit_status": "Make changes and implement", "live_op_total_cap": 5, "approved_ua_total_cap": 5, "ua_name": "Bristol, City of" }, "geometry": { "type": "Point", "coordinates": [ -2.603063799999973, 51.46185440000005 ] } },
{ "type": "Feature", "properties": { "park_id": "300414", "active_status": "Active", "audit_status": "Make changes and implement", "live_op_total_cap": 12, "approved_ua_total_cap": 12, "ua_name": "Bristol, City of" }, "geometry": { "type": "Point", "coordinates": [ -2.576746, 51.44855 ] } },
{ "type": "Feature", "properties": { "park_id": "300415", "active_status": "Active", "audit_status": "Make changes and resubmit", "live_op_total_cap": 6, "approved_ua_total_cap": 6, "ua_name": "Bristol, City of" }, "geometry": { "type": "Point", "coordinates": [ -2.562425699999949, 51.457810800000061 ] } },
{ "type": "Feature", "properties": { "park_id": "300416", "active_status": "Active", "audit_status": "Approved and implement", "live_op_total_cap": 4, "approved_ua_total_cap": 4, "ua_name": "Bristol, City of" }, "geometry": { "type": "Point", "coordinates": [ -2.599511, 51.423226600000078 ] } },
{ "type": "Feature", "properties": { "park_id": "300417", "active_status": "Deactivated", "audit_status": "Rejected", "live_op_total_cap": 0, "approved_ua_total_cap": 0, "ua_name": "Bristol, City of" }, "geometry": { "type": "Point", "coordinates": [ -2.61535, 51.45561 ] } },
{ "type": "Feature", "properties": { "park_id": "300418", "active_status": "Active", "audit_status": "Approved and implement", "live_op_total_cap": 10, "approved_ua_total_cap": 10, "ua_name": "Bristol, City of" }, "geometry": { "type": "Point", "coordinates": [ -2.563870599999973, 51.490966300000082 ] } },
{ "type": "Feature", "properties": { "park_id": "300419", "active_status": "Active", "audit_status": "Make changes and implement", "live_op_total_cap": 6, "approved_ua_total_cap": 6, "ua_name": "Bristol, City of" }, "geometry": { "type": "Point", "coordinates": [ -2.561401699999976, 51.457852500000058 ] } },
{ "type": "Feature", "properties": { "park_id": "300420", "active_status": "Deactivated", "audit_status": "Make changes and implement", "live_op_total_cap": 0, "approved_ua_total_cap": 0, "ua_name": "Bristol, City of" }, "geometry": { "type": "Point", "coordinates": [ -2.57778, 51.44845 ] } },
{ "type": "Feature", "properties": { "park_id": "300421", "active_status": "Deactivated", "audit_status": "Rejected", "live_op_total_cap": 0, "approved_ua_total_cap": 0, "ua_name": "Bristol, City of" }, "geometry": { "type": "Point", "coordinates": [ -2.60122, 51.46042 ] } },
{ "type": "Feature", "properties": { "park_id": "300422", "active_status": "Active", "audit_status": "Make changes and resubmit", "live_op_total_cap": 6, "approved_ua_total_cap": 6, "ua_name": "Bristol, City of" }, "geometry": { "type": "Point", "coordinates": [ -2.560490799999968, 51.458166500000061 ] } },
{ "type": "Feature", "properties": { "park_id": "300423", "active_status": "Active", "audit_status": "Make changes and implement", "live_op_total_cap": 7, "approved_ua_total_cap": 7, "ua_name": "Bristol, City of" }, "geometry": { "type": "Point", "coordinates": [ -2.592526199999952, 51.469594700000073 ] } },
{ "type": "Feature", "properties": { "park_id": "300424", "active_status": "Active", "audit_status": "Make changes and implement", "live_op_total_cap": 8, "approved_ua_total_cap": 8, "ua_name": "Bristol, City of" }, "geometry": { "type": "Point", "coordinates": [ -2.612252799999965, 51.457807700000046 ] } },
{ "type": "Feature", "properties": { "park_id": "300425", "active_status": "Deactivated", "audit_status": "Rejected", "live_op_total_cap": 0, "approved_ua_total_cap": 0, "ua_name": "Bristol, City of" }, "geometry": { "type": "Point", "coordinates": [ -2.55337, 51.45624 ] } },
{ "type": "Feature", "properties": { "park_id": "300426", "active_status": "Deactivated", "audit_status": "Rejected", "live_op_total_cap": 0, "approved_ua_total_cap": 0, "ua_name": "Bristol, City of" }, "geometry": { "type": "Point", "coordinates": [ -2.56318807599996, 51.490932460000067 ] } },
{ "type": "Feature", "properties": { "park_id": "300427", "active_status": "Deactivated", "audit_status": "Rejected", "live_op_total_cap": 0, "approved_ua_total_cap": 0, "ua_name": "Bristol, City of" }, "geometry": { "type": "Point", "coordinates": [ -2.59756, 51.45331 ] } },
{ "type": "Feature", "properties": { "park_id": "300428", "active_status": "Inactive (rejected)", "audit_status": "Rejected", "live_op_total_cap": 0, "approved_ua_total_cap": 0, "ua_name": "Bristol, City of" }, "geometry": { "type": "Point", "coordinates": [ -2.558166980999943, 51.455249790000039 ] } },
{ "type": "Feature", "properties": { "park_id": "300429", "active_status": "Active", "audit_status": "Make changes and resubmit", "live_op_total_cap": 14, "approved_ua_total_cap": 0, "ua_name": "Bristol, City of" }, "geometry": { "type": "Point", "coordinates": [ -2.59597, 51.451564 ] } },
{ "type": "Feature", "properties": { "park_id": "300430", "active_status": "Deactivated", "audit_status": "Rejected", "live_op_total_cap": 0, "approved_ua_total_cap": 0, "ua_name": "Bristol, City of" }, "geometry": { "type": "Point", "coordinates": [ -2.56809091599996, 51.48500824000007 ] } },
{ "type": "Feature", "properties": { "park_id": "300431", "active_status": "Active", "audit_status": "Approved and implement", "live_op_total_cap": 14, "approved_ua_total_cap": 14, "ua_name": "Bristol, City of" }, "geometry": { "type": "Point", "coordinates": [ -2.560617, 51.454786 ] } },
{ "type": "Feature", "properties": { "park_id": "300432", "active_status": "Deactivated", "audit_status": "Rejected", "live_op_total_cap": 0, "approved_ua_total_cap": 0, "ua_name": "Bristol, City of" }, "geometry": { "type": "Point", "coordinates": [ -2.60939, 51.45528 ] } },
{ "type": "Feature", "properties": { "park_id": "300433", "active_status": "Active", "audit_status": "Approved and implement", "live_op_total_cap": 6, "approved_ua_total_cap": 6, "ua_name": "Bristol, City of" }, "geometry": { "type": "Point", "coordinates": [ -2.587689299999965, 51.422915400000079 ] } },
{ "type": "Feature", "properties": { "park_id": "300434", "active_status": "Active", "audit_status": "Make changes and resubmit", "live_op_total_cap": 5, "approved_ua_total_cap": 5, "ua_name": "Bristol, City of" }, "geometry": { "type": "Point", "coordinates": [ -2.605018, 51.461142 ] } },
{ "type": "Feature", "properties": { "park_id": "300435", "active_status": "Deactivated", "audit_status": "Rejected", "live_op_total_cap": 0, "approved_ua_total_cap": 0, "ua_name": "Bristol, City of" }, "geometry": { "type": "Point", "coordinates": [ -2.61589, 51.42696 ] } },
{ "type": "Feature", "properties": { "park_id": "300436", "active_status": "Active", "audit_status": "Make changes and resubmit", "live_op_total_cap": 6, "approved_ua_total_cap": 6, "ua_name": "Bristol, City of" }, "geometry": { "type": "Point", "coordinates": [ -2.622056499999928, 51.41299870000006 ] } },
{ "type": "Feature", "properties": { "park_id": "300437", "active_status": "Active", "audit_status": "Approved and implement", "live_op_total_cap": 12, "approved_ua_total_cap": 12, "ua_name": "Bristol, City of" }, "geometry": { "type": "Point", "coordinates": [ -2.59194, 51.425796 ] } },
{ "type": "Feature", "properties": { "park_id": "300438", "active_status": "Deactivated", "audit_status": "Approved and implement", "live_op_total_cap": 0, "approved_ua_total_cap": 0, "ua_name": "Bristol, City of" }, "geometry": { "type": "Point", "coordinates": [ -2.59149, 51.42591 ] } },
{ "type": "Feature", "properties": { "park_id": "300439", "active_status": "Active", "audit_status": "Make changes and implement", "live_op_total_cap": 20, "approved_ua_total_cap": 15, "ua_name": "Bristol, City of" }, "geometry": { "type": "Point", "coordinates": [ -2.587979, 51.452226 ] } },
{ "type": "Feature", "properties": { "park_id": "300440", "active_status": "Deactivated", "audit_status": "Rejected", "live_op_total_cap": 0, "approved_ua_total_cap": 0, "ua_name": "Bristol, City of" }, "geometry": { "type": "Point", "coordinates": [ -2.58764, 51.45195 ] } },
{ "type": "Feature", "properties": { "park_id": "300441", "active_status": "Active", "audit_status": "Approved and implement", "live_op_total_cap": 10, "approved_ua_total_cap": 10, "ua_name": "Bristol, City of" }, "geometry": { "type": "Point", "coordinates": [ -2.56665959999998, 51.43433820000007 ] } },
{ "type": "Feature", "properties": { "park_id": "300442", "active_status": "Deactivated", "audit_status": "Make changes and resubmit", "live_op_total_cap": 0, "approved_ua_total_cap": 0, "ua_name": "Bristol, City of" }, "geometry": { "type": "Point", "coordinates": [ -2.55838, 51.45522 ] } },
{ "type": "Feature", "properties": { "park_id": "300443", "active_status": "Active", "audit_status": "Approved and implement", "live_op_total_cap": 8, "approved_ua_total_cap": 8, "ua_name": "Bristol, City of" }, "geometry": { "type": "Point", "coordinates": [ -2.59302, 51.458086 ] } },
{ "type": "Feature", "properties": { "park_id": "300444", "active_status": "Deactivated", "audit_status": "Approved and implement", "live_op_total_cap": 0, "approved_ua_total_cap": 0, "ua_name": "Bristol, City of" }, "geometry": { "type": "Point", "coordinates": [ -2.59558, 51.42094 ] } },
{ "type": "Feature", "properties": { "park_id": "300445", "active_status": "Active", "audit_status": "Approved and implement", "live_op_total_cap": 4, "approved_ua_total_cap": 4, "ua_name": "Bristol, City of" }, "geometry": { "type": "Point", "coordinates": [ -2.597575799999959, 51.435770600000069 ] } },
{ "type": "Feature", "properties": { "park_id": "300446", "active_status": "Inactive (undergoing audit process)", "audit_status": "Not yet audited (requested)", "live_op_total_cap": 0, "approved_ua_total_cap": 0, "ua_name": "Bristol, City of" }, "geometry": { "type": "Point", "coordinates": [ -2.598087071999942, 51.439224240000044 ] } },
{ "type": "Feature", "properties": { "park_id": "300447", "active_status": "Active", "audit_status": "Approved and implement", "live_op_total_cap": 6, "approved_ua_total_cap": 6, "ua_name": "Bristol, City of" }, "geometry": { "type": "Point", "coordinates": [ -2.577528499999971, 51.432295300000078 ] } },
{ "type": "Feature", "properties": { "park_id": "300448", "active_status": "Deactivated", "audit_status": "Make changes and implement", "live_op_total_cap": 0, "approved_ua_total_cap": 0, "ua_name": "Bristol, City of" }, "geometry": { "type": "Point", "coordinates": [ -2.60857, 51.47187 ] } },
{ "type": "Feature", "properties": { "park_id": "300449", "active_status": "Active", "audit_status": "Approved and implement", "live_op_total_cap": 6, "approved_ua_total_cap": 6, "ua_name": "Bristol, City of" }, "geometry": { "type": "Point", "coordinates": [ -2.566911599999969, 51.434662900000035 ] } },
{ "type": "Feature", "properties": { "park_id": "300451", "active_status": "Active", "audit_status": "Make changes and implement", "live_op_total_cap": 8, "approved_ua_total_cap": 8, "ua_name": "Bristol, City of" }, "geometry": { "type": "Point", "coordinates": [ -2.56443349999995, 51.475198200000079 ] } },
{ "type": "Feature", "properties": { "park_id": "300452", "active_status": "Active", "audit_status": "Make changes and resubmit", "live_op_total_cap": 10, "approved_ua_total_cap": 10, "ua_name": "Bristol, City of" }, "geometry": { "type": "Point", "coordinates": [ -2.563017899999977, 51.475031100000081 ] } },
{ "type": "Feature", "properties": { "park_id": "300453", "active_status": "Active", "audit_status": "Approved and implement", "live_op_total_cap": 16, "approved_ua_total_cap": 16, "ua_name": "Bristol, City of" }, "geometry": { "type": "Point", "coordinates": [ -2.570454299999938, 51.472973300000035 ] } },
{ "type": "Feature", "properties": { "park_id": "300454", "active_status": "Deactivated", "audit_status": "Rejected", "live_op_total_cap": 0, "approved_ua_total_cap": 0, "ua_name": "Bristol, City of" }, "geometry": { "type": "Point", "coordinates": [ -2.54475, 51.46018 ] } },
{ "type": "Feature", "properties": { "park_id": "300455", "active_status": "Active", "audit_status": "Make changes and implement", "live_op_total_cap": 8, "approved_ua_total_cap": 8, "ua_name": "Bristol, City of" }, "geometry": { "type": "Point", "coordinates": [ -2.591893699999957, 51.455434 ] } },
{ "type": "Feature", "properties": { "park_id": "300456", "active_status": "Deactivated", "audit_status": "Approved and implement", "live_op_total_cap": 0, "approved_ua_total_cap": 4, "ua_name": "Bristol, City of" }, "geometry": { "type": "Point", "coordinates": [ -2.598351001999958, 51.454277040000079 ] } },
{ "type": "Feature", "properties": { "park_id": "300457", "active_status": "Deactivated", "audit_status": "Make changes and implement", "live_op_total_cap": 0, "approved_ua_total_cap": 0, "ua_name": "Bristol, City of" }, "geometry": { "type": "Point", "coordinates": [ -2.58463, 51.44977 ] } },
{ "type": "Feature", "properties": { "park_id": "300458", "active_status": "Deactivated", "audit_status": "Approved and implement", "live_op_total_cap": 0, "approved_ua_total_cap": 15, "ua_name": "Bristol, City of" }, "geometry": { "type": "Point", "coordinates": [ -2.58939, 51.45597 ] } },
{ "type": "Feature", "properties": { "park_id": "300459", "active_status": "Active", "audit_status": "Make changes and implement", "live_op_total_cap": 8, "approved_ua_total_cap": 8, "ua_name": "Bristol, City of" }, "geometry": { "type": "Point", "coordinates": [ -2.599376499999948, 51.455581600000073 ] } },
{ "type": "Feature", "properties": { "park_id": "300460", "active_status": "Active", "audit_status": "Make changes and resubmit", "live_op_total_cap": 6, "approved_ua_total_cap": 6, "ua_name": "Bristol, City of" }, "geometry": { "type": "Point", "coordinates": [ -2.611704299999928, 51.466899600000033 ] } },
{ "type": "Feature", "properties": { "park_id": "300461", "active_status": "Active", "audit_status": "Make changes and implement", "live_op_total_cap": 6, "approved_ua_total_cap": 6, "ua_name": "Bristol, City of" }, "geometry": { "type": "Point", "coordinates": [ -2.584669799999972, 51.449147 ] } },
{ "type": "Feature", "properties": { "park_id": "300462", "active_status": "Deactivated", "audit_status": "Approved and implement", "live_op_total_cap": 0, "approved_ua_total_cap": 8, "ua_name": "Bristol, City of" }, "geometry": { "type": "Point", "coordinates": [ -2.593534699999964, 51.459903500000053 ] } },
{ "type": "Feature", "properties": { "park_id": "300463", "active_status": "Deactivated", "audit_status": "Approved and implement", "live_op_total_cap": 0, "approved_ua_total_cap": 0, "ua_name": "Bristol, City of" }, "geometry": { "type": "Point", "coordinates": [ -2.59465, 51.45757 ] } },
{ "type": "Feature", "properties": { "park_id": "300464", "active_status": "Active", "audit_status": "Approved and implement", "live_op_total_cap": 7, "approved_ua_total_cap": 7, "ua_name": "Bristol, City of" }, "geometry": { "type": "Point", "coordinates": [ -2.606448099999966, 51.440298100000064 ] } },
{ "type": "Feature", "properties": { "park_id": "300465", "active_status": "Active", "audit_status": "Make changes and implement", "live_op_total_cap": 6, "approved_ua_total_cap": 6, "ua_name": "Bristol, City of" }, "geometry": { "type": "Point", "coordinates": [ -2.589706299999932, 51.498577900000043 ] } },
{ "type": "Feature", "properties": { "park_id": "300466", "active_status": "Active", "audit_status": "Make changes and implement", "live_op_total_cap": 50, "approved_ua_total_cap": 50, "ua_name": "Bristol, City of" }, "geometry": { "type": "Point", "coordinates": [ -2.584161, 51.455862 ] } },
{ "type": "Feature", "properties": { "park_id": "300467", "active_status": "Active", "audit_status": "Make changes and resubmit", "live_op_total_cap": 12, "approved_ua_total_cap": 12, "ua_name": "Bristol, City of" }, "geometry": { "type": "Point", "coordinates": [ -2.559730699999932, 51.475056900000027 ] } },
{ "type": "Feature", "properties": { "park_id": "300468", "active_status": "Active", "audit_status": "Make changes and resubmit", "live_op_total_cap": 4, "approved_ua_total_cap": 4, "ua_name": "Bristol, City of" }, "geometry": { "type": "Point", "coordinates": [ -2.534788, 51.464316 ] } },
{ "type": "Feature", "properties": { "park_id": "300469", "active_status": "Active", "audit_status": "Make changes and resubmit", "live_op_total_cap": 4, "approved_ua_total_cap": 4, "ua_name": "Bristol, City of" }, "geometry": { "type": "Point", "coordinates": [ -2.530888399999981, 51.466846200000077 ] } },
{ "type": "Feature", "properties": { "park_id": "300470", "active_status": "Active", "audit_status": "Approved and implement", "live_op_total_cap": 16, "approved_ua_total_cap": 16, "ua_name": "Bristol, City of" }, "geometry": { "type": "Point", "coordinates": [ -2.531308599999932, 51.466989 ] } },
{ "type": "Feature", "properties": { "park_id": "300471", "active_status": "Active", "audit_status": "Approved and implement", "live_op_total_cap": 60, "approved_ua_total_cap": 60, "ua_name": "Bristol, City of" }, "geometry": { "type": "Point", "coordinates": [ -2.60090729999996, 51.450945500000046 ] } },
{ "type": "Feature", "properties": { "park_id": "300472", "active_status": "Active", "audit_status": "Approved and implement", "live_op_total_cap": 20, "approved_ua_total_cap": 20, "ua_name": "Bristol, City of" }, "geometry": { "type": "Point", "coordinates": [ -2.600302799999952, 51.451024200000063 ] } },
{ "type": "Feature", "properties": { "park_id": "300473", "active_status": "Deactivated", "audit_status": "Approved and implement", "live_op_total_cap": 0, "approved_ua_total_cap": 0, "ua_name": "Bristol, City of" }, "geometry": { "type": "Point", "coordinates": [ -2.59327, 51.45346 ] } },
{ "type": "Feature", "properties": { "park_id": "300474", "active_status": "Active", "audit_status": "Approved and implement", "live_op_total_cap": 8, "approved_ua_total_cap": 8, "ua_name": "Bristol, City of" }, "geometry": { "type": "Point", "coordinates": [ -2.598176699999954, 51.452103900000054 ] } },
{ "type": "Feature", "properties": { "park_id": "300475", "active_status": "Active", "audit_status": "Approved and implement", "live_op_total_cap": 6, "approved_ua_total_cap": 6, "ua_name": "Bristol, City of" }, "geometry": { "type": "Point", "coordinates": [ -2.587157, 51.459631 ] } },
{ "type": "Feature", "properties": { "park_id": "300476", "active_status": "Deactivated", "audit_status": "Make changes and implement", "live_op_total_cap": 0, "approved_ua_total_cap": 20, "ua_name": "Bristol, City of" }, "geometry": { "type": "Point", "coordinates": [ -2.59712, 51.45435 ] } },
{ "type": "Feature", "properties": { "park_id": "300477", "active_status": "Active", "audit_status": "Make changes and implement", "live_op_total_cap": 8, "approved_ua_total_cap": 8, "ua_name": "Bristol, City of" }, "geometry": { "type": "Point", "coordinates": [ -2.592704599999934, 51.459672 ] } },
{ "type": "Feature", "properties": { "park_id": "300478", "active_status": "Deactivated", "audit_status": "Rejected", "live_op_total_cap": 0, "approved_ua_total_cap": 0, "ua_name": "Bristol, City of" }, "geometry": { "type": "Point", "coordinates": [ -2.59776, 51.45404 ] } },
{ "type": "Feature", "properties": { "park_id": "300479", "active_status": "Deactivated", "audit_status": "Rejected", "live_op_total_cap": 0, "approved_ua_total_cap": 0, "ua_name": "Bristol, City of" }, "geometry": { "type": "Point", "coordinates": [ -2.52847, 51.48098 ] } },
{ "type": "Feature", "properties": { "park_id": "300480", "active_status": "Deactivated", "audit_status": "Make changes and implement", "live_op_total_cap": 0, "approved_ua_total_cap": 16, "ua_name": "Bristol, City of" }, "geometry": { "type": "Point", "coordinates": [ -2.5925, 51.45461 ] } },
{ "type": "Feature", "properties": { "park_id": "300482", "active_status": "Deactivated", "audit_status": "Approved and implement", "live_op_total_cap": 0, "approved_ua_total_cap": 8, "ua_name": "Bristol, City of" }, "geometry": { "type": "Point", "coordinates": [ -2.59568, 51.45895 ] } },
{ "type": "Feature", "properties": { "park_id": "300483", "active_status": "Active", "audit_status": "Make changes and implement", "live_op_total_cap": 28, "approved_ua_total_cap": 28, "ua_name": "Bristol, City of" }, "geometry": { "type": "Point", "coordinates": [ -2.59442, 51.459636 ] } },
{ "type": "Feature", "properties": { "park_id": "300484", "active_status": "Active", "audit_status": "Approved and implement", "live_op_total_cap": 8, "approved_ua_total_cap": 8, "ua_name": "Bristol, City of" }, "geometry": { "type": "Point", "coordinates": [ -2.580067, 51.452681100000063 ] } },
{ "type": "Feature", "properties": { "park_id": "300485", "active_status": "Active", "audit_status": "Approved and implement", "live_op_total_cap": 8, "approved_ua_total_cap": 8, "ua_name": "Bristol, City of" }, "geometry": { "type": "Point", "coordinates": [ -2.58990179999995, 51.449242200000072 ] } },
{ "type": "Feature", "properties": { "park_id": "300486", "active_status": "Active", "audit_status": "Approved and implement", "live_op_total_cap": 5, "approved_ua_total_cap": 5, "ua_name": "Bristol, City of" }, "geometry": { "type": "Point", "coordinates": [ -2.589382099999966, 51.447160500000052 ] } },
{ "type": "Feature", "properties": { "park_id": "300487", "active_status": "Active", "audit_status": "Approved and implement", "live_op_total_cap": 12, "approved_ua_total_cap": 12, "ua_name": "Bristol, City of" }, "geometry": { "type": "Point", "coordinates": [ -2.590842, 51.463374 ] } },
{ "type": "Feature", "properties": { "park_id": "300488", "active_status": "Active", "audit_status": "Approved and implement", "live_op_total_cap": 12, "approved_ua_total_cap": 12, "ua_name": "Bristol, City of" }, "geometry": { "type": "Point", "coordinates": [ -2.587460699999951, 51.449400900000057 ] } },
{ "type": "Feature", "properties": { "park_id": "300489", "active_status": "Deactivated", "audit_status": "Make changes and implement", "live_op_total_cap": 0, "approved_ua_total_cap": 0, "ua_name": "Bristol, City of" }, "geometry": { "type": "Point", "coordinates": [ -2.56976, 51.45894 ] } },
{ "type": "Feature", "properties": { "park_id": "300490", "active_status": "Active", "audit_status": "Approved and implement", "live_op_total_cap": 20, "approved_ua_total_cap": 20, "ua_name": "Bristol, City of" }, "geometry": { "type": "Point", "coordinates": [ -2.5844, 51.45119 ] } },
{ "type": "Feature", "properties": { "park_id": "300491", "active_status": "Active", "audit_status": "Approved and implement", "live_op_total_cap": 8, "approved_ua_total_cap": 8, "ua_name": "Bristol, City of" }, "geometry": { "type": "Point", "coordinates": [ -2.586036, 51.449131 ] } },
{ "type": "Feature", "properties": { "park_id": "300492", "active_status": "Active", "audit_status": "Approved and implement", "live_op_total_cap": 12, "approved_ua_total_cap": 12, "ua_name": "Bristol, City of" }, "geometry": { "type": "Point", "coordinates": [ -2.584837299999947, 51.446369300000072 ] } },
{ "type": "Feature", "properties": { "park_id": "300493", "active_status": "Active", "audit_status": "Approved and implement", "live_op_total_cap": 12, "approved_ua_total_cap": 12, "ua_name": "Bristol, City of" }, "geometry": { "type": "Point", "coordinates": [ -2.586117499999943, 51.445837500000039 ] } },
{ "type": "Feature", "properties": { "park_id": "300494", "active_status": "Active", "audit_status": "Approved and implement", "live_op_total_cap": 10, "approved_ua_total_cap": 10, "ua_name": "Bristol, City of" }, "geometry": { "type": "Point", "coordinates": [ -2.587977399999943, 51.445515700000044 ] } },
{ "type": "Feature", "properties": { "park_id": "300495", "active_status": "Active", "audit_status": "Approved and implement", "live_op_total_cap": 10, "approved_ua_total_cap": 10, "ua_name": "Bristol, City of" }, "geometry": { "type": "Point", "coordinates": [ -2.590592299999969, 51.445956800000033 ] } },
{ "type": "Feature", "properties": { "park_id": "300496", "active_status": "Active", "audit_status": "Approved and implement", "live_op_total_cap": 6, "approved_ua_total_cap": 6, "ua_name": "Bristol, City of" }, "geometry": { "type": "Point", "coordinates": [ -2.594060399999933, 51.443808900000079 ] } },
{ "type": "Feature", "properties": { "park_id": "300497", "active_status": "Active", "audit_status": "Make changes and resubmit", "live_op_total_cap": 8, "approved_ua_total_cap": 8, "ua_name": "Bristol, City of" }, "geometry": { "type": "Point", "coordinates": [ -2.594769799999938, 51.443259400000045 ] } },
{ "type": "Feature", "properties": { "park_id": "300498", "active_status": "Active", "audit_status": "Make changes and implement", "live_op_total_cap": 7, "approved_ua_total_cap": 8, "ua_name": "Bristol, City of" }, "geometry": { "type": "Point", "coordinates": [ -2.591066299999966, 51.44642790000006 ] } },
{ "type": "Feature", "properties": { "park_id": "300499", "active_status": "Deactivated", "audit_status": "Rejected", "live_op_total_cap": 0, "approved_ua_total_cap": 0, "ua_name": "Bristol, City of" }, "geometry": { "type": "Point", "coordinates": [ -2.59075, 51.44893 ] } },
{ "type": "Feature", "properties": { "park_id": "300500", "active_status": "Deactivated", "audit_status": "Rejected", "live_op_total_cap": 0, "approved_ua_total_cap": 0, "ua_name": "Bristol, City of" }, "geometry": { "type": "Point", "coordinates": [ -2.62001, 51.44721 ] } },
{ "type": "Feature", "properties": { "park_id": "300501", "active_status": "Active", "audit_status": "Approved and implement", "live_op_total_cap": 6, "approved_ua_total_cap": 6, "ua_name": "Bristol, City of" }, "geometry": { "type": "Point", "coordinates": [ -2.57019269999995, 51.459319900000025 ] } },
{ "type": "Feature", "properties": { "park_id": "300502", "active_status": "Active", "audit_status": "Make changes and implement", "live_op_total_cap": 15, "approved_ua_total_cap": 15, "ua_name": "Bristol, City of" }, "geometry": { "type": "Point", "coordinates": [ -2.561529299999961, 51.475327100000072 ] } },
{ "type": "Feature", "properties": { "park_id": "300503", "active_status": "Active", "audit_status": "Make changes and resubmit", "live_op_total_cap": 6, "approved_ua_total_cap": 6, "ua_name": "Bristol, City of" }, "geometry": { "type": "Point", "coordinates": [ -2.551945699999976, 51.468063200000074 ] } },
{ "type": "Feature", "properties": { "park_id": "300504", "active_status": "Active", "audit_status": "Approved and implement", "live_op_total_cap": 8, "approved_ua_total_cap": 8, "ua_name": "Bristol, City of" }, "geometry": { "type": "Point", "coordinates": [ -2.590281399999981, 51.49014580000005 ] } },
{ "type": "Feature", "properties": { "park_id": "300505", "active_status": "Active", "audit_status": "Make changes and implement", "live_op_total_cap": 6, "approved_ua_total_cap": 6, "ua_name": "Bristol, City of" }, "geometry": { "type": "Point", "coordinates": [ -2.587057399999935, 51.492072500000063 ] } },
{ "type": "Feature", "properties": { "park_id": "300506", "active_status": "Active", "audit_status": "Approved and implement", "live_op_total_cap": 12, "approved_ua_total_cap": 12, "ua_name": "Bristol, City of" }, "geometry": { "type": "Point", "coordinates": [ -2.585345, 51.492134800000031 ] } },
{ "type": "Feature", "properties": { "park_id": "300507", "active_status": "Active", "audit_status": "Make changes and resubmit", "live_op_total_cap": 4, "approved_ua_total_cap": 4, "ua_name": "Bristol, City of" }, "geometry": { "type": "Point", "coordinates": [ -2.594391799999926, 51.49106990000007 ] } },
{ "type": "Feature", "properties": { "park_id": "300508", "active_status": "Active", "audit_status": "Make changes and resubmit", "live_op_total_cap": 10, "approved_ua_total_cap": 10, "ua_name": "Bristol, City of" }, "geometry": { "type": "Point", "coordinates": [ -2.584231099999954, 51.444809300000031 ] } },
{ "type": "Feature", "properties": { "park_id": "300509", "active_status": "Active", "audit_status": "Make changes and implement", "live_op_total_cap": 8, "approved_ua_total_cap": 8, "ua_name": "Bristol, City of" }, "geometry": { "type": "Point", "coordinates": [ -2.589108599999975, 51.436262600000077 ] } },
{ "type": "Feature", "properties": { "park_id": "300510", "active_status": "Active", "audit_status": "Approved and implement", "live_op_total_cap": 25, "approved_ua_total_cap": 25, "ua_name": "Bristol, City of" }, "geometry": { "type": "Point", "coordinates": [ -2.58295389999995, 51.447718300000076 ] } },
{ "type": "Feature", "properties": { "park_id": "300511", "active_status": "Active", "audit_status": "Approved and implement", "live_op_total_cap": 6, "approved_ua_total_cap": 6, "ua_name": "Bristol, City of" }, "geometry": { "type": "Point", "coordinates": [ -2.600299099999972, 51.435309400000051 ] } },
{ "type": "Feature", "properties": { "park_id": "300512", "active_status": "Deactivated", "audit_status": "Rejected", "live_op_total_cap": 0, "approved_ua_total_cap": 0, "ua_name": "Bristol, City of" }, "geometry": { "type": "Point", "coordinates": [ -2.59868, 51.43287 ] } },
{ "type": "Feature", "properties": { "park_id": "300513", "active_status": "Active", "audit_status": "Ready for UA review", "live_op_total_cap": null, "approved_ua_total_cap": 0, "ua_name": "Bristol, City of" }, "geometry": { "type": "Point", "coordinates": [ -2.590300082999931, 51.449344640000049 ] } },
{ "type": "Feature", "properties": { "park_id": "300514", "active_status": "Active", "audit_status": "Approved and implement", "live_op_total_cap": 14, "approved_ua_total_cap": 14, "ua_name": "Bristol, City of" }, "geometry": { "type": "Point", "coordinates": [ -2.560409, 51.454797 ] } },
{ "type": "Feature", "properties": { "park_id": "300515", "active_status": "Deactivated", "audit_status": "Rejected", "live_op_total_cap": 0, "approved_ua_total_cap": 0, "ua_name": "Bristol, City of" }, "geometry": { "type": "Point", "coordinates": [ -2.55847, 51.47277 ] } },
{ "type": "Feature", "properties": { "park_id": "300516", "active_status": "Deactivated", "audit_status": "Rejected", "live_op_total_cap": 0, "approved_ua_total_cap": 0, "ua_name": "Bristol, City of" }, "geometry": { "type": "Point", "coordinates": [ -2.55997, 51.45361 ] } },
{ "type": "Feature", "properties": { "park_id": "300517", "active_status": "Active", "audit_status": "Approved and implement", "live_op_total_cap": 35, "approved_ua_total_cap": 35, "ua_name": "Bristol, City of" }, "geometry": { "type": "Point", "coordinates": [ -2.592508, 51.45488 ] } },
{ "type": "Feature", "properties": { "park_id": "300518", "active_status": "Active", "audit_status": "Approved and implement", "live_op_total_cap": 6, "approved_ua_total_cap": 6, "ua_name": "Bristol, City of" }, "geometry": { "type": "Point", "coordinates": [ -2.532826599999964, 51.477874 ] } },
{ "type": "Feature", "properties": { "park_id": "300519", "active_status": "Active", "audit_status": "Make changes and resubmit", "live_op_total_cap": 8, "approved_ua_total_cap": 8, "ua_name": "Bristol, City of" }, "geometry": { "type": "Point", "coordinates": [ -2.566529899999978, 51.485801 ] } },
{ "type": "Feature", "properties": { "park_id": "300520", "active_status": "Deactivated", "audit_status": "Rejected", "live_op_total_cap": 0, "approved_ua_total_cap": 0, "ua_name": "Bristol, City of" }, "geometry": { "type": "Point", "coordinates": [ -2.55251, 51.44498 ] } },
{ "type": "Feature", "properties": { "park_id": "300521", "active_status": "Active", "audit_status": "Make changes and implement", "live_op_total_cap": 12, "approved_ua_total_cap": 12, "ua_name": "Bristol, City of" }, "geometry": { "type": "Point", "coordinates": [ -2.595052899999928, 51.457486700000061 ] } },
{ "type": "Feature", "properties": { "park_id": "300522", "active_status": "Deactivated", "audit_status": "Approved and implement", "live_op_total_cap": 0, "approved_ua_total_cap": 6, "ua_name": "Bristol, City of" }, "geometry": { "type": "Point", "coordinates": [ -2.52942, 51.47968 ] } },
{ "type": "Feature", "properties": { "park_id": "300523", "active_status": "Active", "audit_status": "Approved and implement", "live_op_total_cap": 14, "approved_ua_total_cap": 14, "ua_name": "Bristol, City of" }, "geometry": { "type": "Point", "coordinates": [ -2.551607799999942, 51.472019100000068 ] } },
{ "type": "Feature", "properties": { "park_id": "300524", "active_status": "Deactivated", "audit_status": "Rejected", "live_op_total_cap": 0, "approved_ua_total_cap": 0, "ua_name": "Bristol, City of" }, "geometry": { "type": "Point", "coordinates": [ -2.562546967999936, 51.490333560000067 ] } },
{ "type": "Feature", "properties": { "park_id": "300525", "active_status": "Active", "audit_status": "Approved and implement", "live_op_total_cap": 6, "approved_ua_total_cap": 6, "ua_name": "Bristol, City of" }, "geometry": { "type": "Point", "coordinates": [ -2.520727799999975, 51.481607 ] } },
{ "type": "Feature", "properties": { "park_id": "300526", "active_status": "Deactivated", "audit_status": "Make changes and resubmit", "live_op_total_cap": 0, "approved_ua_total_cap": 6, "ua_name": "Bristol, City of" }, "geometry": { "type": "Point", "coordinates": [ -2.58158, 51.44104 ] } },
{ "type": "Feature", "properties": { "park_id": "300528", "active_status": "Active", "audit_status": "Approved and implement", "live_op_total_cap": 4, "approved_ua_total_cap": 4, "ua_name": "Bristol, City of" }, "geometry": { "type": "Point", "coordinates": [ -2.539556299999958, 51.460262 ] } },
{ "type": "Feature", "properties": { "park_id": "300529", "active_status": "Active", "audit_status": "Approved and implement", "live_op_total_cap": 24, "approved_ua_total_cap": 24, "ua_name": "Bristol, City of" }, "geometry": { "type": "Point", "coordinates": [ -2.59351, 51.457851 ] } },
{ "type": "Feature", "properties": { "park_id": "300530", "active_status": "Active", "audit_status": "Approved and implement", "live_op_total_cap": 12, "approved_ua_total_cap": 12, "ua_name": "Bristol, City of" }, "geometry": { "type": "Point", "coordinates": [ -2.551809899999967, 51.471336 ] } },
{ "type": "Feature", "properties": { "park_id": "300531", "active_status": "Deactivated", "audit_status": "Rejected", "live_op_total_cap": 0, "approved_ua_total_cap": 0, "ua_name": "Bristol, City of" }, "geometry": { "type": "Point", "coordinates": [ -2.54726, 51.46627 ] } },
{ "type": "Feature", "properties": { "park_id": "300532", "active_status": "Active", "audit_status": "Approved and implement", "live_op_total_cap": 10, "approved_ua_total_cap": 10, "ua_name": "Bristol, City of" }, "geometry": { "type": "Point", "coordinates": [ -2.580880299999933, 51.496700300000043 ] } },
{ "type": "Feature", "properties": { "park_id": "300533", "active_status": "Active", "audit_status": "Make changes and implement", "live_op_total_cap": 12, "approved_ua_total_cap": 12, "ua_name": "Bristol, City of" }, "geometry": { "type": "Point", "coordinates": [ -2.55135219999994, 51.463762900000063 ] } },
{ "type": "Feature", "properties": { "park_id": "300534", "active_status": "Deactivated", "audit_status": "Approved and implement", "live_op_total_cap": 0, "approved_ua_total_cap": 4, "ua_name": "Bristol, City of" }, "geometry": { "type": "Point", "coordinates": [ -2.57948, 51.47845 ] } },
{ "type": "Feature", "properties": { "park_id": "300535", "active_status": "Active", "audit_status": "Approved and implement", "live_op_total_cap": 12, "approved_ua_total_cap": 12, "ua_name": "Bristol, City of" }, "geometry": { "type": "Point", "coordinates": [ -2.580848599999968, 51.497199800000033 ] } },
{ "type": "Feature", "properties": { "park_id": "300536", "active_status": "Active", "audit_status": "Make changes and implement", "live_op_total_cap": 10, "approved_ua_total_cap": 10, "ua_name": "Bristol, City of" }, "geometry": { "type": "Point", "coordinates": [ -2.55788519999993, 51.461813100000029 ] } },
{ "type": "Feature", "properties": { "park_id": "300537", "active_status": "Active", "audit_status": "Make changes and resubmit", "live_op_total_cap": 4, "approved_ua_total_cap": 4, "ua_name": "Bristol, City of" }, "geometry": { "type": "Point", "coordinates": [ -2.564083699999969, 51.465801 ] } },
{ "type": "Feature", "properties": { "park_id": "300538", "active_status": "Active", "audit_status": "Approved and implement", "live_op_total_cap": 8, "approved_ua_total_cap": 8, "ua_name": "Bristol, City of" }, "geometry": { "type": "Point", "coordinates": [ -2.604122699999948, 51.451378200000079 ] } },
{ "type": "Feature", "properties": { "park_id": "300539", "active_status": "Deactivated", "audit_status": "Rejected", "live_op_total_cap": 0, "approved_ua_total_cap": 0, "ua_name": "Bristol, City of" }, "geometry": { "type": "Point", "coordinates": [ -2.56188, 51.43426 ] } },
{ "type": "Feature", "properties": { "park_id": "300540", "active_status": "Deactivated", "audit_status": "Make changes and resubmit", "live_op_total_cap": 0, "approved_ua_total_cap": 10, "ua_name": "Bristol, City of" }, "geometry": { "type": "Point", "coordinates": [ -2.58007, 51.47709 ] } },
{ "type": "Feature", "properties": { "park_id": "300542", "active_status": "Active", "audit_status": "Make changes and implement", "live_op_total_cap": 8, "approved_ua_total_cap": 8, "ua_name": "Bristol, City of" }, "geometry": { "type": "Point", "coordinates": [ -2.598215799999934, 51.469211200000075 ] } },
{ "type": "Feature", "properties": { "park_id": "300543", "active_status": "Deactivated", "audit_status": "Rejected", "live_op_total_cap": 0, "approved_ua_total_cap": 0, "ua_name": "Bristol, City of" }, "geometry": { "type": "Point", "coordinates": [ -2.57506, 51.44064 ] } },
{ "type": "Feature", "properties": { "park_id": "300545", "active_status": "Deactivated", "audit_status": "Rejected", "live_op_total_cap": 0, "approved_ua_total_cap": 0, "ua_name": "Bristol, City of" }, "geometry": { "type": "Point", "coordinates": [ -2.58973, 51.50259 ] } },
{ "type": "Feature", "properties": { "park_id": "300546", "active_status": "Active", "audit_status": "Approved and implement", "live_op_total_cap": 10, "approved_ua_total_cap": 10, "ua_name": "Bristol, City of" }, "geometry": { "type": "Point", "coordinates": [ -2.548258899999951, 51.464271500000052 ] } },
{ "type": "Feature", "properties": { "park_id": "300547", "active_status": "Active", "audit_status": "Make changes and resubmit", "live_op_total_cap": 6, "approved_ua_total_cap": 6, "ua_name": "Bristol, City of" }, "geometry": { "type": "Point", "coordinates": [ -2.600758, 51.441594 ] } },
{ "type": "Feature", "properties": { "park_id": "300548", "active_status": "Active", "audit_status": "Approved and implement", "live_op_total_cap": 14, "approved_ua_total_cap": 14, "ua_name": "Bristol, City of" }, "geometry": { "type": "Point", "coordinates": [ -2.592761499999938, 51.500599 ] } },
{ "type": "Feature", "properties": { "park_id": "300549", "active_status": "Active", "audit_status": "Make changes and implement", "live_op_total_cap": 8, "approved_ua_total_cap": 8, "ua_name": "Bristol, City of" }, "geometry": { "type": "Point", "coordinates": [ -2.605123799999944, 51.47017070000004 ] } },
{ "type": "Feature", "properties": { "park_id": "300550", "active_status": "Active", "audit_status": "Make changes and resubmit", "live_op_total_cap": 12, "approved_ua_total_cap": 12, "ua_name": "Bristol, City of" }, "geometry": { "type": "Point", "coordinates": [ -2.582987699999933, 51.447206200000039 ] } },
{ "type": "Feature", "properties": { "park_id": "300551", "active_status": "Active", "audit_status": "Approved and implement", "live_op_total_cap": 4, "approved_ua_total_cap": 4, "ua_name": "Bristol, City of" }, "geometry": { "type": "Point", "coordinates": [ -2.541543, 51.465918800000054 ] } },
{ "type": "Feature", "properties": { "park_id": "300552", "active_status": "Active", "audit_status": "Make changes and resubmit", "live_op_total_cap": 8, "approved_ua_total_cap": 8, "ua_name": "Bristol, City of" }, "geometry": { "type": "Point", "coordinates": [ -2.575912199999948, 51.471252 ] } },
{ "type": "Feature", "properties": { "park_id": "300553", "active_status": "Active", "audit_status": "Make changes and implement", "live_op_total_cap": 8, "approved_ua_total_cap": 8, "ua_name": "Bristol, City of" }, "geometry": { "type": "Point", "coordinates": [ -2.610829699999954, 51.472303400000044 ] } },
{ "type": "Feature", "properties": { "park_id": "300554", "active_status": "Active", "audit_status": "Ready for UA review", "live_op_total_cap": 0, "approved_ua_total_cap": 0, "ua_name": "Bristol, City of" }, "geometry": { "type": "Point", "coordinates": [ -2.59047, 51.49164 ] } },
{ "type": "Feature", "properties": { "park_id": "300555", "active_status": "Active", "audit_status": "Approved and implement", "live_op_total_cap": 12, "approved_ua_total_cap": 12, "ua_name": "Bristol, City of" }, "geometry": { "type": "Point", "coordinates": [ -2.551537399999972, 51.472902500000032 ] } },
{ "type": "Feature", "properties": { "park_id": "300556", "active_status": "Active", "audit_status": "Make changes and resubmit", "live_op_total_cap": 6, "approved_ua_total_cap": 6, "ua_name": "Bristol, City of" }, "geometry": { "type": "Point", "coordinates": [ -2.547341699999947, 51.474205400000073 ] } },
{ "type": "Feature", "properties": { "park_id": "300557", "active_status": "Active", "audit_status": "Approved and implement", "live_op_total_cap": 14, "approved_ua_total_cap": 14, "ua_name": "Bristol, City of" }, "geometry": { "type": "Point", "coordinates": [ -2.536578499999962, 51.477234300000077 ] } },
{ "type": "Feature", "properties": { "park_id": "300558", "active_status": "Active", "audit_status": "Make changes and implement", "live_op_total_cap": 6, "approved_ua_total_cap": 6, "ua_name": "Bristol, City of" }, "geometry": { "type": "Point", "coordinates": [ -2.548271099999965, 51.483965400000045 ] } },
{ "type": "Feature", "properties": { "park_id": "300559", "active_status": "Inactive (rejected)", "audit_status": "Rejected", "live_op_total_cap": 0, "approved_ua_total_cap": 0, "ua_name": "Bristol, City of" }, "geometry": { "type": "Point", "coordinates": [ -2.53997, 51.48249 ] } },
{ "type": "Feature", "properties": { "park_id": "300560", "active_status": "Inactive (rejected)", "audit_status": "Rejected", "live_op_total_cap": 0, "approved_ua_total_cap": 0, "ua_name": "Bristol, City of" }, "geometry": { "type": "Point", "coordinates": [ -2.54714488999997, 51.487567900000045 ] } },
{ "type": "Feature", "properties": { "park_id": "300561", "active_status": "Active", "audit_status": "Make changes and implement", "live_op_total_cap": 3, "approved_ua_total_cap": 3, "ua_name": "Bristol, City of" }, "geometry": { "type": "Point", "coordinates": [ -2.540372899999966, 51.489292 ] } },
{ "type": "Feature", "properties": { "park_id": "300562", "active_status": "Inactive (rejected)", "audit_status": "Rejected", "live_op_total_cap": null, "approved_ua_total_cap": 0, "ua_name": "Bristol, City of" }, "geometry": { "type": "Point", "coordinates": [ -2.607440947999976, 51.432857510000076 ] } },
{ "type": "Feature", "properties": { "park_id": "300563", "active_status": "Deactivated", "audit_status": "Make changes and implement", "live_op_total_cap": 6, "approved_ua_total_cap": 6, "ua_name": "Bristol, City of" }, "geometry": { "type": "Point", "coordinates": [ -2.608013099999937, 51.433617500000082 ] } },
{ "type": "Feature", "properties": { "park_id": "300564", "active_status": "Deactivated", "audit_status": "Rejected", "live_op_total_cap": 0, "approved_ua_total_cap": 0, "ua_name": "Bristol, City of" }, "geometry": { "type": "Point", "coordinates": [ -2.60855, 51.43367 ] } },
{ "type": "Feature", "properties": { "park_id": "300565", "active_status": "Active", "audit_status": "Make changes and implement", "live_op_total_cap": 4, "approved_ua_total_cap": 4, "ua_name": "Bristol, City of" }, "geometry": { "type": "Point", "coordinates": [ -2.610149, 51.433091 ] } },
{ "type": "Feature", "properties": { "park_id": "300566", "active_status": "Inactive (rejected)", "audit_status": "Rejected", "live_op_total_cap": 0, "approved_ua_total_cap": 0, "ua_name": "Bristol, City of" }, "geometry": { "type": "Point", "coordinates": [ -2.60509, 51.43666 ] } },
{ "type": "Feature", "properties": { "park_id": "300567", "active_status": "Active", "audit_status": "Approved and implement", "live_op_total_cap": 4, "approved_ua_total_cap": 4, "ua_name": "Bristol, City of" }, "geometry": { "type": "Point", "coordinates": [ -2.603083499999968, 51.438397400000042 ] } },
{ "type": "Feature", "properties": { "park_id": "300570", "active_status": "Active", "audit_status": "Approved and implement", "live_op_total_cap": 12, "approved_ua_total_cap": 12, "ua_name": "Bristol, City of" }, "geometry": { "type": "Point", "coordinates": [ -2.59063569999995, 51.446521100000041 ] } },
{ "type": "Feature", "properties": { "park_id": "300571", "active_status": "Active", "audit_status": "Make changes and implement", "live_op_total_cap": 8, "approved_ua_total_cap": 8, "ua_name": "Bristol, City of" }, "geometry": { "type": "Point", "coordinates": [ -2.603690799999924, 51.492628400000058 ] } },
{ "type": "Feature", "properties": { "park_id": "300572", "active_status": "Active", "audit_status": "Make changes and implement", "live_op_total_cap": 6, "approved_ua_total_cap": 6, "ua_name": "Bristol, City of" }, "geometry": { "type": "Point", "coordinates": [ -2.59581, 51.491498 ] } },
{ "type": "Feature", "properties": { "park_id": "300573", "active_status": "Active", "audit_status": "Make changes and implement", "live_op_total_cap": 6, "approved_ua_total_cap": 6, "ua_name": "Bristol, City of" }, "geometry": { "type": "Point", "coordinates": [ -2.596569799999941, 51.491688 ] } },
{ "type": "Feature", "properties": { "park_id": "300574", "active_status": "Deactivated", "audit_status": "Rejected", "live_op_total_cap": 0, "approved_ua_total_cap": 0, "ua_name": "Bristol, City of" }, "geometry": { "type": "Point", "coordinates": [ -2.567286014999979, 51.461509700000079 ] } },
{ "type": "Feature", "properties": { "park_id": "300575", "active_status": "Active", "audit_status": "Approved and implement", "live_op_total_cap": 4, "approved_ua_total_cap": 4, "ua_name": "Bristol, City of" }, "geometry": { "type": "Point", "coordinates": [ -2.538073699999927, 51.4663 ] } },
{ "type": "Feature", "properties": { "park_id": "300576", "active_status": "Active", "audit_status": "Make changes and implement", "live_op_total_cap": 4, "approved_ua_total_cap": 4, "ua_name": "Bristol, City of" }, "geometry": { "type": "Point", "coordinates": [ -2.617170699999974, 51.459970100000078 ] } },
{ "type": "Feature", "properties": { "park_id": "300577", "active_status": "Active", "audit_status": "Make changes and implement", "live_op_total_cap": 6, "approved_ua_total_cap": 6, "ua_name": "Bristol, City of" }, "geometry": { "type": "Point", "coordinates": [ -2.607795199999941, 51.48399930000005 ] } },
{ "type": "Feature", "properties": { "park_id": "300578", "active_status": "Deactivated", "audit_status": "Rejected", "live_op_total_cap": 0, "approved_ua_total_cap": 0, "ua_name": "Bristol, City of" }, "geometry": { "type": "Point", "coordinates": [ -2.51847, 51.47568 ] } },
{ "type": "Feature", "properties": { "park_id": "300579", "active_status": "Active", "audit_status": "Make changes and implement", "live_op_total_cap": 70, "approved_ua_total_cap": 70, "ua_name": "Bristol, City of" }, "geometry": { "type": "Point", "coordinates": [ -2.582028, 51.447972 ] } },
{ "type": "Feature", "properties": { "park_id": "300580", "active_status": "Active", "audit_status": "Approved and implement", "live_op_total_cap": 5, "approved_ua_total_cap": 5, "ua_name": "Bristol, City of" }, "geometry": { "type": "Point", "coordinates": [ -2.617217299999936, 51.459441200000072 ] } },
{ "type": "Feature", "properties": { "park_id": "300581", "active_status": "Active", "audit_status": "Approved and implement", "live_op_total_cap": 14, "approved_ua_total_cap": 14, "ua_name": "Bristol, City of" }, "geometry": { "type": "Point", "coordinates": [ -2.536075, 51.467727100000047 ] } },
{ "type": "Feature", "properties": { "park_id": "300582", "active_status": "Active", "audit_status": "Approved and implement", "live_op_total_cap": 6, "approved_ua_total_cap": 6, "ua_name": "Bristol, City of" }, "geometry": { "type": "Point", "coordinates": [ -2.574847199999965, 51.427967100000046 ] } },
{ "type": "Feature", "properties": { "park_id": "300583", "active_status": "Active", "audit_status": "Make changes and implement", "live_op_total_cap": 4, "approved_ua_total_cap": 4, "ua_name": "Bristol, City of" }, "geometry": { "type": "Point", "coordinates": [ -2.521260199999972, 51.451359900000057 ] } },
{ "type": "Feature", "properties": { "park_id": "300584", "active_status": "Active", "audit_status": "Make changes and resubmit", "live_op_total_cap": 8, "approved_ua_total_cap": 8, "ua_name": "Bristol, City of" }, "geometry": { "type": "Point", "coordinates": [ -2.579413699999975, 51.448508600000082 ] } },
{ "type": "Feature", "properties": { "park_id": "300585", "active_status": "Active", "audit_status": "Approved and implement", "live_op_total_cap": 6, "approved_ua_total_cap": 6, "ua_name": "Bristol, City of" }, "geometry": { "type": "Point", "coordinates": [ -2.534131799999955, 51.46826 ] } },
{ "type": "Feature", "properties": { "park_id": "300586", "active_status": "Active", "audit_status": "Approved and implement", "live_op_total_cap": 6, "approved_ua_total_cap": 6, "ua_name": "Bristol, City of" }, "geometry": { "type": "Point", "coordinates": [ -2.574408799999958, 51.432427800000028 ] } },
{ "type": "Feature", "properties": { "park_id": "300587", "active_status": "Active", "audit_status": "Approved and implement", "live_op_total_cap": 6, "approved_ua_total_cap": 6, "ua_name": "Bristol, City of" }, "geometry": { "type": "Point", "coordinates": [ -2.559658, 51.452354400000047 ] } },
{ "type": "Feature", "properties": { "park_id": "300588", "active_status": "Deactivated", "audit_status": "Approved and implement", "live_op_total_cap": 0, "approved_ua_total_cap": 6, "ua_name": "Bristol, City of" }, "geometry": { "type": "Point", "coordinates": [ -2.527386699999965, 51.470698600000048 ] } },
{ "type": "Feature", "properties": { "park_id": "300589", "active_status": "Active", "audit_status": "Approved and implement", "live_op_total_cap": 12, "approved_ua_total_cap": 12, "ua_name": "Bristol, City of" }, "geometry": { "type": "Point", "coordinates": [ -2.578110099999947, 51.448351500000058 ] } },
{ "type": "Feature", "properties": { "park_id": "300590", "active_status": "Active", "audit_status": "Approved and implement", "live_op_total_cap": 8, "approved_ua_total_cap": 8, "ua_name": "Bristol, City of" }, "geometry": { "type": "Point", "coordinates": [ -2.578737099999955, 51.434230200000059 ] } },
{ "type": "Feature", "properties": { "park_id": "300591", "active_status": "Active", "audit_status": "Approved and implement", "live_op_total_cap": 0, "approved_ua_total_cap": 6, "ua_name": "Bristol, City of" }, "geometry": { "type": "Point", "coordinates": [ -2.52725, 51.47058 ] } },
{ "type": "Feature", "properties": { "park_id": "300592", "active_status": "Active", "audit_status": "Make changes and implement", "live_op_total_cap": 6, "approved_ua_total_cap": 6, "ua_name": "Bristol, City of" }, "geometry": { "type": "Point", "coordinates": [ -2.608712, 51.459058 ] } },
{ "type": "Feature", "properties": { "park_id": "300593", "active_status": "Active", "audit_status": "Approved and implement", "live_op_total_cap": 10, "approved_ua_total_cap": 10, "ua_name": "Bristol, City of" }, "geometry": { "type": "Point", "coordinates": [ -2.573359299999936, 51.458075 ] } },
{ "type": "Feature", "properties": { "park_id": "300594", "active_status": "Deactivated", "audit_status": "Make changes and implement", "live_op_total_cap": 0, "approved_ua_total_cap": 18, "ua_name": "Bristol, City of" }, "geometry": { "type": "Point", "coordinates": [ -2.59214, 51.45433 ] } },
{ "type": "Feature", "properties": { "park_id": "300595", "active_status": "Active", "audit_status": "Approved and implement", "live_op_total_cap": 8, "approved_ua_total_cap": 8, "ua_name": "Bristol, City of" }, "geometry": { "type": "Point", "coordinates": [ -2.578373, 51.451354600000059 ] } },
{ "type": "Feature", "properties": { "park_id": "300596", "active_status": "Active", "audit_status": "Approved and implement", "live_op_total_cap": 6, "approved_ua_total_cap": 6, "ua_name": "Bristol, City of" }, "geometry": { "type": "Point", "coordinates": [ -2.582246099999963, 51.430189900000073 ] } },
{ "type": "Feature", "properties": { "park_id": "300597", "active_status": "Active", "audit_status": "Approved and implement", "live_op_total_cap": 6, "approved_ua_total_cap": 6, "ua_name": "Bristol, City of" }, "geometry": { "type": "Point", "coordinates": [ -2.585369899999932, 51.446838 ] } },
{ "type": "Feature", "properties": { "park_id": "300598", "active_status": "Deactivated", "audit_status": "Rejected", "live_op_total_cap": 0, "approved_ua_total_cap": 0, "ua_name": "Bristol, City of" }, "geometry": { "type": "Point", "coordinates": [ -2.52389, 51.47203 ] } },
{ "type": "Feature", "properties": { "park_id": "300599", "active_status": "Deactivated", "audit_status": "Rejected", "live_op_total_cap": 0, "approved_ua_total_cap": 0, "ua_name": "Bristol, City of" }, "geometry": { "type": "Point", "coordinates": [ -2.61638, 51.45492 ] } },
{ "type": "Feature", "properties": { "park_id": "300600", "active_status": "Active", "audit_status": "Approved and implement", "live_op_total_cap": 16, "approved_ua_total_cap": 16, "ua_name": "Bristol, City of" }, "geometry": { "type": "Point", "coordinates": [ -2.580689599999971, 51.452322 ] } },
{ "type": "Feature", "properties": { "park_id": "300601", "active_status": "Active", "audit_status": "Approved and implement", "live_op_total_cap": null, "approved_ua_total_cap": null, "ua_name": "Bristol, City of" }, "geometry": { "type": "Point", "coordinates": [ -2.575611, 51.466396 ] } },
{ "type": "Feature", "properties": { "park_id": "300602", "active_status": "Active", "audit_status": "Approved and implement", "live_op_total_cap": 8, "approved_ua_total_cap": 8, "ua_name": "Bristol, City of" }, "geometry": { "type": "Point", "coordinates": [ -2.579195399999946, 51.45237220000007 ] } },
{ "type": "Feature", "properties": { "park_id": "300603", "active_status": "Active", "audit_status": "Approved and implement", "live_op_total_cap": 5, "approved_ua_total_cap": 5, "ua_name": "Bristol, City of" }, "geometry": { "type": "Point", "coordinates": [ -2.62035, 51.465963 ] } },
{ "type": "Feature", "properties": { "park_id": "300605", "active_status": "Active", "audit_status": "Make changes and resubmit", "live_op_total_cap": 8, "approved_ua_total_cap": 8, "ua_name": "Bristol, City of" }, "geometry": { "type": "Point", "coordinates": [ -2.534703699999966, 51.461254800000063 ] } },
{ "type": "Feature", "properties": { "park_id": "300606", "active_status": "Deactivated", "audit_status": "Rejected", "live_op_total_cap": 0, "approved_ua_total_cap": 0, "ua_name": "Bristol, City of" }, "geometry": { "type": "Point", "coordinates": [ -2.57867, 51.45223 ] } },
{ "type": "Feature", "properties": { "park_id": "300607", "active_status": "Active", "audit_status": "Make changes and resubmit", "live_op_total_cap": 3, "approved_ua_total_cap": 3, "ua_name": "Bristol, City of" }, "geometry": { "type": "Point", "coordinates": [ -2.529183, 51.460937100000081 ] } },
{ "type": "Feature", "properties": { "park_id": "300608", "active_status": "Deactivated", "audit_status": "Rejected", "live_op_total_cap": 0, "approved_ua_total_cap": 0, "ua_name": "Bristol, City of" }, "geometry": { "type": "Point", "coordinates": [ -2.59685, 51.45366 ] } },
{ "type": "Feature", "properties": { "park_id": "300609", "active_status": "Active", "audit_status": "Approved and implement", "live_op_total_cap": 6, "approved_ua_total_cap": 6, "ua_name": "Bristol, City of" }, "geometry": { "type": "Point", "coordinates": [ -2.579452099999969, 51.42974120000008 ] } },
{ "type": "Feature", "properties": { "park_id": "300610", "active_status": "Active", "audit_status": "Approved and implement", "live_op_total_cap": 6, "approved_ua_total_cap": 6, "ua_name": "Bristol, City of" }, "geometry": { "type": "Point", "coordinates": [ -2.515166499999964, 51.463150100000064 ] } },
{ "type": "Feature", "properties": { "park_id": "300611", "active_status": "Inactive (rejected)", "audit_status": "Rejected", "live_op_total_cap": null, "approved_ua_total_cap": 0, "ua_name": "Bristol, City of" }, "geometry": { "type": "Point", "coordinates": [ -2.586285113999963, 51.449344640000049 ] } },
{ "type": "Feature", "properties": { "park_id": "300612", "active_status": "Active", "audit_status": "Make changes and implement", "live_op_total_cap": 6, "approved_ua_total_cap": 6, "ua_name": "Bristol, City of" }, "geometry": { "type": "Point", "coordinates": [ -2.621540399999958, 51.453521300000034 ] } },
{ "type": "Feature", "properties": { "park_id": "300613", "active_status": "Active", "audit_status": "Make changes and implement", "live_op_total_cap": 12, "approved_ua_total_cap": 12, "ua_name": "Bristol, City of" }, "geometry": { "type": "Point", "coordinates": [ -2.616210899999942, 51.470465200000035 ] } },
{ "type": "Feature", "properties": { "park_id": "300614", "active_status": "Deactivated", "audit_status": "Make changes and implement", "live_op_total_cap": 0, "approved_ua_total_cap": 6, "ua_name": "Bristol, City of" }, "geometry": { "type": "Point", "coordinates": [ -2.5894, 51.45269 ] } },
{ "type": "Feature", "properties": { "park_id": "300615", "active_status": "Active", "audit_status": "Ready for UA review", "live_op_total_cap": 0, "approved_ua_total_cap": 0, "ua_name": "Bristol, City of" }, "geometry": { "type": "Point", "coordinates": [ -2.51415, 51.46493 ] } },
{ "type": "Feature", "properties": { "park_id": "300616", "active_status": "Active", "audit_status": "Approved and implement", "live_op_total_cap": 6, "approved_ua_total_cap": 6, "ua_name": "Bristol, City of" }, "geometry": { "type": "Point", "coordinates": [ -2.579325199999971, 51.429495300000042 ] } },
{ "type": "Feature", "properties": { "park_id": "300617", "active_status": "Deactivated", "audit_status": "Rejected", "live_op_total_cap": 0, "approved_ua_total_cap": 6, "ua_name": "Bristol, City of" }, "geometry": { "type": "Point", "coordinates": [ -2.59382, 51.46006 ] } },
{ "type": "Feature", "properties": { "park_id": "300618", "active_status": "Active", "audit_status": "Make changes and implement", "live_op_total_cap": 40, "approved_ua_total_cap": 40, "ua_name": "Bristol, City of" }, "geometry": { "type": "Point", "coordinates": [ -2.615226199999938, 51.471700500000054 ] } },
{ "type": "Feature", "properties": { "park_id": "300619", "active_status": "Deactivated", "audit_status": "Approved and implement", "live_op_total_cap": 0, "approved_ua_total_cap": 0, "ua_name": "Bristol, City of" }, "geometry": { "type": "Point", "coordinates": [ -2.58851, 51.45619 ] } },
{ "type": "Feature", "properties": { "park_id": "300620", "active_status": "Active", "audit_status": "Make changes and resubmit", "live_op_total_cap": 4, "approved_ua_total_cap": 4, "ua_name": "Bristol, City of" }, "geometry": { "type": "Point", "coordinates": [ -2.574678199999937, 51.433148600000038 ] } },
{ "type": "Feature", "properties": { "park_id": "300621", "active_status": "Active", "audit_status": "Make changes and resubmit", "live_op_total_cap": 5, "approved_ua_total_cap": 5, "ua_name": "Bristol, City of" }, "geometry": { "type": "Point", "coordinates": [ -2.602541099999939, 51.455828600000075 ] } },
{ "type": "Feature", "properties": { "park_id": "300622", "active_status": "Active", "audit_status": "Approved and implement", "live_op_total_cap": 15, "approved_ua_total_cap": 15, "ua_name": "Bristol, City of" }, "geometry": { "type": "Point", "coordinates": [ -2.514621399999953, 51.467832800000053 ] } },
{ "type": "Feature", "properties": { "park_id": "300623", "active_status": "Deactivated", "audit_status": "Approved and implement", "live_op_total_cap": 0, "approved_ua_total_cap": 4, "ua_name": "Bristol, City of" }, "geometry": { "type": "Point", "coordinates": [ -2.5869, 51.42843 ] } },
{ "type": "Feature", "properties": { "park_id": "300624", "active_status": "Deactivated", "audit_status": "Rejected", "live_op_total_cap": 0, "approved_ua_total_cap": 0, "ua_name": "Bristol, City of" }, "geometry": { "type": "Point", "coordinates": [ -2.61329, 51.46461 ] } },
{ "type": "Feature", "properties": { "park_id": "300625", "active_status": "Active", "audit_status": "Approved and implement", "live_op_total_cap": 50, "approved_ua_total_cap": 50, "ua_name": "Bristol, City of" }, "geometry": { "type": "Point", "coordinates": [ -2.587405299999944, 51.456473500000072 ] } },
{ "type": "Feature", "properties": { "park_id": "300626", "active_status": "Deactivated", "audit_status": "Rejected", "live_op_total_cap": 0, "approved_ua_total_cap": 0, "ua_name": "Bristol, City of" }, "geometry": { "type": "Point", "coordinates": [ -2.62086, 51.46558 ] } },
{ "type": "Feature", "properties": { "park_id": "300627", "active_status": "Active", "audit_status": "Ready for UA review", "live_op_total_cap": 0, "approved_ua_total_cap": 0, "ua_name": "Bristol, City of" }, "geometry": { "type": "Point", "coordinates": [ -2.61056, 51.46566 ] } },
{ "type": "Feature", "properties": { "park_id": "300628", "active_status": "Deactivated", "audit_status": "Rejected", "live_op_total_cap": 0, "approved_ua_total_cap": 0, "ua_name": "Bristol, City of" }, "geometry": { "type": "Point", "coordinates": [ -2.5869, 51.43733 ] } },
{ "type": "Feature", "properties": { "park_id": "300629", "active_status": "Inactive (surplus)", "audit_status": "Approved and implement", "live_op_total_cap": 0, "approved_ua_total_cap": 10, "ua_name": "Bristol, City of" }, "geometry": { "type": "Point", "coordinates": [ -2.588711, 51.456293 ] } },
{ "type": "Feature", "properties": { "park_id": "300630", "active_status": "Active", "audit_status": "Make changes and resubmit", "live_op_total_cap": 5, "approved_ua_total_cap": 5, "ua_name": "Bristol, City of" }, "geometry": { "type": "Point", "coordinates": [ -2.524727199999973, 51.475248600000043 ] } },
{ "type": "Feature", "properties": { "park_id": "300631", "active_status": "Deactivated", "audit_status": "Rejected", "live_op_total_cap": 0, "approved_ua_total_cap": 0, "ua_name": "Bristol, City of" }, "geometry": { "type": "Point", "coordinates": [ -2.6194, 51.46575 ] } },
{ "type": "Feature", "properties": { "park_id": "300632", "active_status": "Active", "audit_status": "Make changes and implement", "live_op_total_cap": 10, "approved_ua_total_cap": 10, "ua_name": "Bristol, City of" }, "geometry": { "type": "Point", "coordinates": [ -2.608292499999948, 51.456044800000029 ] } },
{ "type": "Feature", "properties": { "park_id": "300633", "active_status": "Active", "audit_status": "Approved and implement", "live_op_total_cap": 25, "approved_ua_total_cap": 25, "ua_name": "Bristol, City of" }, "geometry": { "type": "Point", "coordinates": [ -2.584926, 51.457289 ] } },
{ "type": "Feature", "properties": { "park_id": "300634", "active_status": "Deactivated", "audit_status": "Rejected", "live_op_total_cap": 0, "approved_ua_total_cap": 0, "ua_name": "Bristol, City of" }, "geometry": { "type": "Point", "coordinates": [ -2.57557, 51.43546 ] } },
{ "type": "Feature", "properties": { "park_id": "300635", "active_status": "Deactivated", "audit_status": "Make changes and implement", "live_op_total_cap": 0, "approved_ua_total_cap": 0, "ua_name": "Bristol, City of" }, "geometry": { "type": "Point", "coordinates": [ -2.58419, 51.45599 ] } },
{ "type": "Feature", "properties": { "park_id": "300636", "active_status": "Active", "audit_status": "Make changes and implement", "live_op_total_cap": 6, "approved_ua_total_cap": 6, "ua_name": "Bristol, City of" }, "geometry": { "type": "Point", "coordinates": [ -2.599788099999955, 51.458523500000069 ] } },
{ "type": "Feature", "properties": { "park_id": "300637", "active_status": "Deactivated", "audit_status": "Rejected", "live_op_total_cap": 0, "approved_ua_total_cap": 6, "ua_name": "Bristol, City of" }, "geometry": { "type": "Point", "coordinates": [ -2.6137, 51.46515 ] } },
{ "type": "Feature", "properties": { "park_id": "300638", "active_status": "Active", "audit_status": "Approved and implement", "live_op_total_cap": 30, "approved_ua_total_cap": 30, "ua_name": "Bristol, City of" }, "geometry": { "type": "Point", "coordinates": [ -2.581475, 51.45992 ] } },
{ "type": "Feature", "properties": { "park_id": "300639", "active_status": "Deactivated", "audit_status": "Rejected", "live_op_total_cap": 0, "approved_ua_total_cap": 0, "ua_name": "Bristol, City of" }, "geometry": { "type": "Point", "coordinates": [ -2.59769, 51.43936 ] } },
{ "type": "Feature", "properties": { "park_id": "300640", "active_status": "Deactivated", "audit_status": "Approved and implement", "live_op_total_cap": 0, "approved_ua_total_cap": 8, "ua_name": "Bristol, City of" }, "geometry": { "type": "Point", "coordinates": [ -2.583224299999927, 51.465210900000045 ] } },
{ "type": "Feature", "properties": { "park_id": "300641", "active_status": "Active", "audit_status": "Make changes and implement", "live_op_total_cap": 8, "approved_ua_total_cap": 8, "ua_name": "Bristol, City of" }, "geometry": { "type": "Point", "coordinates": [ -2.614717299999938, 51.46749710000006 ] } },
{ "type": "Feature", "properties": { "park_id": "300642", "active_status": "Active", "audit_status": "Make changes and implement", "live_op_total_cap": 6, "approved_ua_total_cap": 6, "ua_name": "Bristol, City of" }, "geometry": { "type": "Point", "coordinates": [ -2.573477699999955, 51.436625500000048 ] } },
{ "type": "Feature", "properties": { "park_id": "300644", "active_status": "Active", "audit_status": "Make changes and implement", "live_op_total_cap": 7, "approved_ua_total_cap": 7, "ua_name": "Bristol, City of" }, "geometry": { "type": "Point", "coordinates": [ -2.613871399999937, 51.468717500000082 ] } },
{ "type": "Feature", "properties": { "park_id": "300645", "active_status": "Deactivated", "audit_status": "Approved and implement", "live_op_total_cap": 0, "approved_ua_total_cap": 4, "ua_name": "Bristol, City of" }, "geometry": { "type": "Point", "coordinates": [ -2.59004, 51.45591 ] } },
{ "type": "Feature", "properties": { "park_id": "300646", "active_status": "Active", "audit_status": "Make changes and implement", "live_op_total_cap": 6, "approved_ua_total_cap": 6, "ua_name": "Bristol, City of" }, "geometry": { "type": "Point", "coordinates": [ -2.57674929999996, 51.441529600000081 ] } },
{ "type": "Feature", "properties": { "park_id": "300647", "active_status": "Deactivated", "audit_status": "Rejected", "live_op_total_cap": 0, "approved_ua_total_cap": 0, "ua_name": "Bristol, City of" }, "geometry": { "type": "Point", "coordinates": [ -2.58984, 51.45597 ] } },
{ "type": "Feature", "properties": { "park_id": "300648", "active_status": "Deactivated", "audit_status": "Rejected", "live_op_total_cap": 0, "approved_ua_total_cap": 0, "ua_name": "Bristol, City of" }, "geometry": { "type": "Point", "coordinates": [ -2.61523, 51.47031 ] } },
{ "type": "Feature", "properties": { "park_id": "300649", "active_status": "Deactivated", "audit_status": "Rejected", "live_op_total_cap": 0, "approved_ua_total_cap": 0, "ua_name": "Bristol, City of" }, "geometry": { "type": "Point", "coordinates": [ -2.60075, 51.48257 ] } },
{ "type": "Feature", "properties": { "park_id": "300650", "active_status": "Active", "audit_status": "Approved and implement", "live_op_total_cap": 10, "approved_ua_total_cap": 10, "ua_name": "Bristol, City of" }, "geometry": { "type": "Point", "coordinates": [ -2.578562199999965, 51.441605200000026 ] } },
{ "type": "Feature", "properties": { "park_id": "300651", "active_status": "Deactivated", "audit_status": "Rejected", "live_op_total_cap": 0, "approved_ua_total_cap": 0, "ua_name": "Bristol, City of" }, "geometry": { "type": "Point", "coordinates": [ -2.59415, 51.45348 ] } },
{ "type": "Feature", "properties": { "park_id": "300652", "active_status": "Deactivated", "audit_status": "Rejected", "live_op_total_cap": 0, "approved_ua_total_cap": 0, "ua_name": "Bristol, City of" }, "geometry": { "type": "Point", "coordinates": [ -2.60563, 51.45101 ] } },
{ "type": "Feature", "properties": { "park_id": "300654", "active_status": "Active", "audit_status": "Make changes and resubmit", "live_op_total_cap": 6, "approved_ua_total_cap": 6, "ua_name": "Bristol, City of" }, "geometry": { "type": "Point", "coordinates": [ -2.609613499999966, 51.457993200000033 ] } },
{ "type": "Feature", "properties": { "park_id": "300655", "active_status": "Active", "audit_status": "Make changes and resubmit", "live_op_total_cap": 10, "approved_ua_total_cap": 10, "ua_name": "Bristol, City of" }, "geometry": { "type": "Point", "coordinates": [ -2.576902099999927, 51.460743200000081 ] } },
{ "type": "Feature", "properties": { "park_id": "300656", "active_status": "Active", "audit_status": "Make changes and resubmit", "live_op_total_cap": 14, "approved_ua_total_cap": 14, "ua_name": "Bristol, City of" }, "geometry": { "type": "Point", "coordinates": [ -2.593827399999952, 51.4463 ] } },
{ "type": "Feature", "properties": { "park_id": "300657", "active_status": "Active", "audit_status": "Approved and implement", "live_op_total_cap": 15, "approved_ua_total_cap": 15, "ua_name": "Bristol, City of" }, "geometry": { "type": "Point", "coordinates": [ -2.592661, 51.457811 ] } },
{ "type": "Feature", "properties": { "park_id": "300658", "active_status": "Active", "audit_status": "Rejected", "live_op_total_cap": 6, "approved_ua_total_cap": 0, "ua_name": "Bristol, City of" }, "geometry": { "type": "Point", "coordinates": [ -2.569384699999944, 51.49683790000006 ] } },
{ "type": "Feature", "properties": { "park_id": "300659", "active_status": "Deactivated", "audit_status": "Rejected", "live_op_total_cap": 0, "approved_ua_total_cap": 0, "ua_name": "Bristol, City of" }, "geometry": { "type": "Point", "coordinates": [ -2.60683, 51.4631 ] } },
{ "type": "Feature", "properties": { "park_id": "300660", "active_status": "Active", "audit_status": "Make changes and resubmit", "live_op_total_cap": 10, "approved_ua_total_cap": 10, "ua_name": "Bristol, City of" }, "geometry": { "type": "Point", "coordinates": [ -2.578955599999972, 51.451634100000035 ] } },
{ "type": "Feature", "properties": { "park_id": "300661", "active_status": "Active", "audit_status": "Make changes and implement", "live_op_total_cap": 8, "approved_ua_total_cap": 8, "ua_name": "Bristol, City of" }, "geometry": { "type": "Point", "coordinates": [ -2.581613299999958, 51.456162100000029 ] } },
{ "type": "Feature", "properties": { "park_id": "300662", "active_status": "Active", "audit_status": "Approved and implement", "live_op_total_cap": 10, "approved_ua_total_cap": 10, "ua_name": "Bristol, City of" }, "geometry": { "type": "Point", "coordinates": [ -2.577307599999926, 51.456215300000054 ] } },
{ "type": "Feature", "properties": { "park_id": "300663", "active_status": "Deactivated", "audit_status": "Rejected", "live_op_total_cap": 0, "approved_ua_total_cap": 0, "ua_name": "Bristol, City of" }, "geometry": { "type": "Point", "coordinates": [ -2.5639, 51.46505 ] } },
{ "type": "Feature", "properties": { "park_id": "300664", "active_status": "Deactivated", "audit_status": "Rejected", "live_op_total_cap": 0, "approved_ua_total_cap": 0, "ua_name": "Bristol, City of" }, "geometry": { "type": "Point", "coordinates": [ -2.57044, 51.46283 ] } },
{ "type": "Feature", "properties": { "park_id": "300665", "active_status": "Active", "audit_status": "Make changes and implement", "live_op_total_cap": 8, "approved_ua_total_cap": 8, "ua_name": "Bristol, City of" }, "geometry": { "type": "Point", "coordinates": [ -2.572573599999942, 51.46199450000006 ] } },
{ "type": "Feature", "properties": { "park_id": "300666", "active_status": "Inactive (rejected)", "audit_status": "Rejected", "live_op_total_cap": null, "approved_ua_total_cap": 0, "ua_name": "Bristol, City of" }, "geometry": { "type": "Point", "coordinates": [ -2.564541100999975, 51.470424650000041 ] } },
{ "type": "Feature", "properties": { "park_id": "300667", "active_status": "Active", "audit_status": "Approved and implement", "live_op_total_cap": 12, "approved_ua_total_cap": 12, "ua_name": "Bristol, City of" }, "geometry": { "type": "Point", "coordinates": [ -2.586448899999937, 51.456705600000078 ] } },
{ "type": "Feature", "properties": { "park_id": "300668", "active_status": "Deactivated", "audit_status": "Rejected", "live_op_total_cap": 0, "approved_ua_total_cap": 4, "ua_name": "Bristol, City of" }, "geometry": { "type": "Point", "coordinates": [ -2.59023, 51.45586 ] } },
{ "type": "Feature", "properties": { "park_id": "300669", "active_status": "Active", "audit_status": "Approved and implement", "live_op_total_cap": 20, "approved_ua_total_cap": 20, "ua_name": "Bristol, City of" }, "geometry": { "type": "Point", "coordinates": [ -2.583493, 51.453979 ] } },
{ "type": "Feature", "properties": { "park_id": "300670", "active_status": "Active", "audit_status": "Approved and implement", "live_op_total_cap": 12, "approved_ua_total_cap": 12, "ua_name": "Bristol, City of" }, "geometry": { "type": "Point", "coordinates": [ -2.59149229999997, 51.449321400000031 ] } },
{ "type": "Feature", "properties": { "park_id": "300671", "active_status": "Active", "audit_status": "Approved and implement", "live_op_total_cap": 6, "approved_ua_total_cap": 12, "ua_name": "Bristol, City of" }, "geometry": { "type": "Point", "coordinates": [ -2.562934, 51.489946 ] } },
{ "type": "Feature", "properties": { "park_id": "300672", "active_status": "Active", "audit_status": "Make changes and resubmit", "live_op_total_cap": 8, "approved_ua_total_cap": 8, "ua_name": "Bristol, City of" }, "geometry": { "type": "Point", "coordinates": [ -2.567929399999969, 51.489395100000081 ] } },
{ "type": "Feature", "properties": { "park_id": "300673", "active_status": "Active", "audit_status": "Approved and implement", "live_op_total_cap": 10, "approved_ua_total_cap": 10, "ua_name": "Bristol, City of" }, "geometry": { "type": "Point", "coordinates": [ -2.580842699999948, 51.47947030000006 ] } },
{ "type": "Feature", "properties": { "park_id": "300674", "active_status": "Active", "audit_status": "Make changes and implement", "live_op_total_cap": 10, "approved_ua_total_cap": 10, "ua_name": "Bristol, City of" }, "geometry": { "type": "Point", "coordinates": [ -2.581631, 51.495681300000058 ] } },
{ "type": "Feature", "properties": { "park_id": "300675", "active_status": "Active", "audit_status": "Make changes and resubmit", "live_op_total_cap": 8, "approved_ua_total_cap": 8, "ua_name": "Bristol, City of" }, "geometry": { "type": "Point", "coordinates": [ -2.584916599999929, 51.48992990000005 ] } },
{ "type": "Feature", "properties": { "park_id": "300676", "active_status": "Active", "audit_status": "Make changes and implement", "live_op_total_cap": 10, "approved_ua_total_cap": 10, "ua_name": "Bristol, City of" }, "geometry": { "type": "Point", "coordinates": [ -2.590824, 51.461448 ] } },
{ "type": "Feature", "properties": { "park_id": "300677", "active_status": "Deactivated", "audit_status": "Approved and implement", "live_op_total_cap": 0, "approved_ua_total_cap": 8, "ua_name": "Bristol, City of" }, "geometry": { "type": "Point", "coordinates": [ -2.5869, 51.46332 ] } },
{ "type": "Feature", "properties": { "park_id": "300678", "active_status": "Active", "audit_status": "Approved and implement", "live_op_total_cap": 8, "approved_ua_total_cap": 8, "ua_name": "Bristol, City of" }, "geometry": { "type": "Point", "coordinates": [ -2.57059739999994, 51.462979700000062 ] } },
{ "type": "Feature", "properties": { "park_id": "300679", "active_status": "Active", "audit_status": "Ready for UA review", "live_op_total_cap": 0, "approved_ua_total_cap": 0, "ua_name": "Bristol, City of" }, "geometry": { "type": "Point", "coordinates": [ -2.52645, 51.4669 ] } },
{ "type": "Feature", "properties": { "park_id": "300680", "active_status": "Active", "audit_status": "Make changes and resubmit", "live_op_total_cap": 6, "approved_ua_total_cap": 6, "ua_name": "Bristol, City of" }, "geometry": { "type": "Point", "coordinates": [ -2.521283199999971, 51.466818900000078 ] } },
{ "type": "Feature", "properties": { "park_id": "300682", "active_status": "Active", "audit_status": "Approved and implement", "live_op_total_cap": 8, "approved_ua_total_cap": 8, "ua_name": "Bristol, City of" }, "geometry": { "type": "Point", "coordinates": [ -2.532979299999965, 51.477607700000078 ] } },
{ "type": "Feature", "properties": { "park_id": "300683", "active_status": "Active", "audit_status": "Make changes and resubmit", "live_op_total_cap": 10, "approved_ua_total_cap": 10, "ua_name": "Bristol, City of" }, "geometry": { "type": "Point", "coordinates": [ -2.534427899999969, 51.478405200000054 ] } },
{ "type": "Feature", "properties": { "park_id": "300684", "active_status": "Active", "audit_status": "Make changes and implement", "live_op_total_cap": 6, "approved_ua_total_cap": 6, "ua_name": "Bristol, City of" }, "geometry": { "type": "Point", "coordinates": [ -2.573130699999979, 51.478446 ] } },
{ "type": "Feature", "properties": { "park_id": "300685", "active_status": "Deactivated", "audit_status": "Approved and implement", "live_op_total_cap": 0, "approved_ua_total_cap": 12, "ua_name": "Bristol, City of" }, "geometry": { "type": "Point", "coordinates": [ -2.56383, 51.4908 ] } },
{ "type": "Feature", "properties": { "park_id": "300686", "active_status": "Active", "audit_status": "Ready for UA review", "live_op_total_cap": 0, "approved_ua_total_cap": 8, "ua_name": "Bristol, City of" }, "geometry": { "type": "Point", "coordinates": [ -2.56775, 51.48927 ] } },
{ "type": "Feature", "properties": { "park_id": "300687", "active_status": "Active", "audit_status": "Approved and implement", "live_op_total_cap": 8, "approved_ua_total_cap": 8, "ua_name": "Bristol, City of" }, "geometry": { "type": "Point", "coordinates": [ -2.594613799999934, 51.485805600000049 ] } },
{ "type": "Feature", "properties": { "park_id": "300688", "active_status": "Deactivated", "audit_status": "Make changes and implement", "live_op_total_cap": 0, "approved_ua_total_cap": 8, "ua_name": "Bristol, City of" }, "geometry": { "type": "Point", "coordinates": [ -2.590169799999956, 51.46268230000004 ] } },
{ "type": "Feature", "properties": { "park_id": "300689", "active_status": "Active", "audit_status": "Approved and implement", "live_op_total_cap": 10, "approved_ua_total_cap": 10, "ua_name": "Bristol, City of" }, "geometry": { "type": "Point", "coordinates": [ -2.579660899999965, 51.477853200000027 ] } },
{ "type": "Feature", "properties": { "park_id": "300690", "active_status": "Active", "audit_status": "Make changes and resubmit", "live_op_total_cap": 10, "approved_ua_total_cap": 10, "ua_name": "Bristol, City of" }, "geometry": { "type": "Point", "coordinates": [ -2.56612089999993, 51.49457730000006 ] } },
{ "type": "Feature", "properties": { "park_id": "300691", "active_status": "Active", "audit_status": "Make changes and resubmit", "live_op_total_cap": 8, "approved_ua_total_cap": 8, "ua_name": "Bristol, City of" }, "geometry": { "type": "Point", "coordinates": [ -2.572044, 51.495116600000074 ] } },
{ "type": "Feature", "properties": { "park_id": "300692", "active_status": "Active", "audit_status": "Approved and implement", "live_op_total_cap": 6, "approved_ua_total_cap": 6, "ua_name": "Bristol, City of" }, "geometry": { "type": "Point", "coordinates": [ -2.606922, 51.492114400000048 ] } },
{ "type": "Feature", "properties": { "park_id": "300693", "active_status": "Active", "audit_status": "Approved and implement", "live_op_total_cap": 0, "approved_ua_total_cap": 0, "ua_name": "Bristol, City of" }, "geometry": { "type": "Point", "coordinates": [ -2.53881, 51.46132 ] } },
{ "type": "Feature", "properties": { "park_id": "300694", "active_status": "Active", "audit_status": "Approved and implement", "live_op_total_cap": 6, "approved_ua_total_cap": 6, "ua_name": "Bristol, City of" }, "geometry": { "type": "Point", "coordinates": [ -2.541478099999949, 51.463902300000029 ] } },
{ "type": "Feature", "properties": { "park_id": "300695", "active_status": "Active", "audit_status": "Make changes and implement", "live_op_total_cap": 12, "approved_ua_total_cap": 12, "ua_name": "Bristol, City of" }, "geometry": { "type": "Point", "coordinates": [ -2.57299949999998, 51.465755200000046 ] } },
{ "type": "Feature", "properties": { "park_id": "300696", "active_status": "Deactivated", "audit_status": "Rejected", "live_op_total_cap": 0, "approved_ua_total_cap": 0, "ua_name": "Bristol, City of" }, "geometry": { "type": "Point", "coordinates": [ -2.585364699999957, 51.463300500000059 ] } },
{ "type": "Feature", "properties": { "park_id": "300697", "active_status": "Active", "audit_status": "Make changes and implement", "live_op_total_cap": 6, "approved_ua_total_cap": 6, "ua_name": "Bristol, City of" }, "geometry": { "type": "Point", "coordinates": [ -2.596032699999967, 51.465229 ] } },
{ "type": "Feature", "properties": { "park_id": "300698", "active_status": "Deactivated", "audit_status": "Rejected", "live_op_total_cap": 0, "approved_ua_total_cap": 0, "ua_name": "Bristol, City of" }, "geometry": { "type": "Point", "coordinates": [ -2.60848, 51.44564 ] } },
{ "type": "Feature", "properties": { "park_id": "300699", "active_status": "Active", "audit_status": "Make changes and resubmit", "live_op_total_cap": 5, "approved_ua_total_cap": 5, "ua_name": "Bristol, City of" }, "geometry": { "type": "Point", "coordinates": [ -2.601083399999936, 51.441739 ] } },
{ "type": "Feature", "properties": { "park_id": "300700", "active_status": "Inactive (rejected)", "audit_status": "Rejected", "live_op_total_cap": null, "approved_ua_total_cap": 0, "ua_name": "Bristol, City of" }, "geometry": { "type": "Point", "coordinates": [ -2.595792054999947, 51.44219589000005 ] } },
{ "type": "Feature", "properties": { "park_id": "300701", "active_status": "Active", "audit_status": "Rejected", "live_op_total_cap": 16, "approved_ua_total_cap": 0, "ua_name": "Bristol, City of" }, "geometry": { "type": "Point", "coordinates": [ -2.59435469999994, 51.444008200000042 ] } },
{ "type": "Feature", "properties": { "park_id": "300702", "active_status": "Deactivated", "audit_status": "Rejected", "live_op_total_cap": 0, "approved_ua_total_cap": 0, "ua_name": "Bristol, City of" }, "geometry": { "type": "Point", "coordinates": [ -2.5612, 51.46689 ] } },
{ "type": "Feature", "properties": { "park_id": "300704", "active_status": "Deactivated", "audit_status": "Rejected", "live_op_total_cap": 0, "approved_ua_total_cap": 0, "ua_name": "Bristol, City of" }, "geometry": { "type": "Point", "coordinates": [ -2.55765, 51.46503 ] } },
{ "type": "Feature", "properties": { "park_id": "300705", "active_status": "Active", "audit_status": "Approved and implement", "live_op_total_cap": 42, "approved_ua_total_cap": 42, "ua_name": "Bristol, City of" }, "geometry": { "type": "Point", "coordinates": [ -2.608731, 51.457325 ] } },
{ "type": "Feature", "properties": { "park_id": "300706", "active_status": "Active", "audit_status": "Approved and implement", "live_op_total_cap": 10, "approved_ua_total_cap": 10, "ua_name": "Bristol, City of" }, "geometry": { "type": "Point", "coordinates": [ -2.58475889999994, 51.452031400000067 ] } },
{ "type": "Feature", "properties": { "park_id": "300707", "active_status": "Active", "audit_status": "Make changes and implement", "live_op_total_cap": 8, "approved_ua_total_cap": 8, "ua_name": "Bristol, City of" }, "geometry": { "type": "Point", "coordinates": [ -2.608165, 51.457667400000048 ] } },
{ "type": "Feature", "properties": { "park_id": "300708", "active_status": "Active", "audit_status": "Ready for UA review", "live_op_total_cap": 0, "approved_ua_total_cap": 0, "ua_name": "Bristol, City of" }, "geometry": { "type": "Point", "coordinates": [ -2.57905, 51.42691 ] } },
{ "type": "Feature", "properties": { "park_id": "300709", "active_status": "Active", "audit_status": "Approved and implement", "live_op_total_cap": 8, "approved_ua_total_cap": 8, "ua_name": "Bristol, City of" }, "geometry": { "type": "Point", "coordinates": [ -2.612548899999979, 51.457907200000079 ] } },
{ "type": "Feature", "properties": { "park_id": "300710", "active_status": "Active", "audit_status": "Approved and implement", "live_op_total_cap": 12, "approved_ua_total_cap": 12, "ua_name": "Bristol, City of" }, "geometry": { "type": "Point", "coordinates": [ -2.585268799999938, 51.452254800000048 ] } },
{ "type": "Feature", "properties": { "park_id": "300711", "active_status": "Active", "audit_status": "Make changes and resubmit", "live_op_total_cap": 6, "approved_ua_total_cap": 6, "ua_name": "Bristol, City of" }, "geometry": { "type": "Point", "coordinates": [ -2.610800899999958, 51.479728 ] } },
{ "type": "Feature", "properties": { "park_id": "300712", "active_status": "Deactivated", "audit_status": "Rejected", "live_op_total_cap": 0, "approved_ua_total_cap": 0, "ua_name": "Bristol, City of" }, "geometry": { "type": "Point", "coordinates": [ -2.59373, 51.47593 ] } },
{ "type": "Feature", "properties": { "park_id": "300713", "active_status": "Deactivated", "audit_status": "Rejected", "live_op_total_cap": 0, "approved_ua_total_cap": 0, "ua_name": "Bristol, City of" }, "geometry": { "type": "Point", "coordinates": [ -2.58605, 51.45274 ] } },
{ "type": "Feature", "properties": { "park_id": "300714", "active_status": "Deactivated", "audit_status": "Rejected", "live_op_total_cap": 0, "approved_ua_total_cap": 0, "ua_name": "Bristol, City of" }, "geometry": { "type": "Point", "coordinates": [ -2.60002, 51.4746 ] } },
{ "type": "Feature", "properties": { "park_id": "300715", "active_status": "Deactivated", "audit_status": "Rejected", "live_op_total_cap": 0, "approved_ua_total_cap": 4, "ua_name": "Bristol, City of" }, "geometry": { "type": "Point", "coordinates": [ -2.59059, 51.45335 ] } },
{ "type": "Feature", "properties": { "park_id": "300716", "active_status": "Active", "audit_status": "Make changes and resubmit", "live_op_total_cap": 4, "approved_ua_total_cap": 4, "ua_name": "Bristol, City of" }, "geometry": { "type": "Point", "coordinates": [ -2.601488299999971, 51.477465900000027 ] } },
{ "type": "Feature", "properties": { "park_id": "300717", "active_status": "Deactivated", "audit_status": "Rejected", "live_op_total_cap": 0, "approved_ua_total_cap": 0, "ua_name": "Bristol, City of" }, "geometry": { "type": "Point", "coordinates": [ -2.58944, 51.46436 ] } },
{ "type": "Feature", "properties": { "park_id": "300718", "active_status": "Deactivated", "audit_status": "Rejected", "live_op_total_cap": 0, "approved_ua_total_cap": 0, "ua_name": "Bristol, City of" }, "geometry": { "type": "Point", "coordinates": [ -2.56857, 51.48616 ] } },
{ "type": "Feature", "properties": { "park_id": "300719", "active_status": "Active", "audit_status": "Make changes and resubmit", "live_op_total_cap": 6, "approved_ua_total_cap": 6, "ua_name": "Bristol, City of" }, "geometry": { "type": "Point", "coordinates": [ -2.591334, 51.47522 ] } },
{ "type": "Feature", "properties": { "park_id": "300720", "active_status": "Active", "audit_status": "Make changes and implement", "live_op_total_cap": 5, "approved_ua_total_cap": 5, "ua_name": "Bristol, City of" }, "geometry": { "type": "Point", "coordinates": [ -2.612810699999955, 51.46335780000004 ] } },
{ "type": "Feature", "properties": { "park_id": "300721", "active_status": "Active", "audit_status": "Approved and implement", "live_op_total_cap": 8, "approved_ua_total_cap": 8, "ua_name": "Bristol, City of" }, "geometry": { "type": "Point", "coordinates": [ -2.596315799999957, 51.46437050000003 ] } },
{ "type": "Feature", "properties": { "park_id": "300722", "active_status": "Deactivated", "audit_status": "Rejected", "live_op_total_cap": 0, "approved_ua_total_cap": 0, "ua_name": "Bristol, City of" }, "geometry": { "type": "Point", "coordinates": [ -2.58477, 51.47449 ] } },
{ "type": "Feature", "properties": { "park_id": "300723", "active_status": "Active", "audit_status": "Make changes and implement", "live_op_total_cap": 120, "approved_ua_total_cap": 120, "ua_name": "Bristol, City of" }, "geometry": { "type": "Point", "coordinates": [ -2.597256, 51.454133 ] } },
{ "type": "Feature", "properties": { "park_id": "300724", "active_status": "Deactivated", "audit_status": "Rejected", "live_op_total_cap": 0, "approved_ua_total_cap": 0, "ua_name": "Bristol, City of" }, "geometry": { "type": "Point", "coordinates": [ -2.59912, 51.47683 ] } },
{ "type": "Feature", "properties": { "park_id": "300725", "active_status": "Active", "audit_status": "Approved and implement", "live_op_total_cap": 14, "approved_ua_total_cap": 14, "ua_name": "Bristol, City of" }, "geometry": { "type": "Point", "coordinates": [ -2.607730599999968, 51.43347140000003 ] } },
{ "type": "Feature", "properties": { "park_id": "300726", "active_status": "Active", "audit_status": "Approved and implement", "live_op_total_cap": 16, "approved_ua_total_cap": 16, "ua_name": "Bristol, City of" }, "geometry": { "type": "Point", "coordinates": [ -2.609553, 51.463588 ] } },
{ "type": "Feature", "properties": { "park_id": "300727", "active_status": "Active", "audit_status": "Make changes and implement", "live_op_total_cap": 10, "approved_ua_total_cap": 10, "ua_name": "Bristol, City of" }, "geometry": { "type": "Point", "coordinates": [ -2.608636099999956, 51.461280800000054 ] } },
{ "type": "Feature", "properties": { "park_id": "300728", "active_status": "Deactivated", "audit_status": "Rejected", "live_op_total_cap": 0, "approved_ua_total_cap": 0, "ua_name": "Bristol, City of" }, "geometry": { "type": "Point", "coordinates": [ -2.60337, 51.45158 ] } },
{ "type": "Feature", "properties": { "park_id": "300729", "active_status": "Active", "audit_status": "Approved and implement", "live_op_total_cap": 8, "approved_ua_total_cap": 8, "ua_name": "Bristol, City of" }, "geometry": { "type": "Point", "coordinates": [ -2.621285799999953, 51.412517300000047 ] } },
{ "type": "Feature", "properties": { "park_id": "300730", "active_status": "Deactivated", "audit_status": "Rejected", "live_op_total_cap": 0, "approved_ua_total_cap": 0, "ua_name": "Bristol, City of" }, "geometry": { "type": "Point", "coordinates": [ -2.61356, 51.41465 ] } },
{ "type": "Feature", "properties": { "park_id": "300731", "active_status": "Active", "audit_status": "Approved and implement", "live_op_total_cap": 6, "approved_ua_total_cap": 6, "ua_name": "Bristol, City of" }, "geometry": { "type": "Point", "coordinates": [ -2.583177399999954, 51.440839800000049 ] } },
{ "type": "Feature", "properties": { "park_id": "300732", "active_status": "Deactivated", "audit_status": "Rejected", "live_op_total_cap": 0, "approved_ua_total_cap": 0, "ua_name": "Bristol, City of" }, "geometry": { "type": "Point", "coordinates": [ -2.611710071999937, 51.432155610000052 ] } },
{ "type": "Feature", "properties": { "park_id": "300733", "active_status": "Deactivated", "audit_status": "Rejected", "live_op_total_cap": 0, "approved_ua_total_cap": 0, "ua_name": "Bristol, City of" }, "geometry": { "type": "Point", "coordinates": [ -2.59063, 51.48805 ] } },
{ "type": "Feature", "properties": { "park_id": "300734", "active_status": "Active", "audit_status": "Make changes and resubmit", "live_op_total_cap": 3, "approved_ua_total_cap": 3, "ua_name": "Bristol, City of" }, "geometry": { "type": "Point", "coordinates": [ -2.606470499999944, 51.483528800000045 ] } },
{ "type": "Feature", "properties": { "park_id": "300735", "active_status": "Active", "audit_status": "Make changes and implement", "live_op_total_cap": 10, "approved_ua_total_cap": 10, "ua_name": "Bristol, City of" }, "geometry": { "type": "Point", "coordinates": [ -2.606619099999932, 51.43242680000003 ] } },
{ "type": "Feature", "properties": { "park_id": "300736", "active_status": "Inactive (surplus)", "audit_status": "Approved and implement", "live_op_total_cap": 0, "approved_ua_total_cap": 8, "ua_name": "Bristol, City of" }, "geometry": { "type": "Point", "coordinates": [ -2.585689699999932, 51.448819700000058 ] } },
{ "type": "Feature", "properties": { "park_id": "300737", "active_status": "Active", "audit_status": "Approved and implement", "live_op_total_cap": 10, "approved_ua_total_cap": 10, "ua_name": "Bristol, City of" }, "geometry": { "type": "Point", "coordinates": [ -2.592029499999967, 51.501306700000043 ] } },
{ "type": "Feature", "properties": { "park_id": "300738", "active_status": "Deactivated", "audit_status": "Rejected", "live_op_total_cap": 0, "approved_ua_total_cap": 0, "ua_name": "Bristol, City of" }, "geometry": { "type": "Point", "coordinates": [ -2.57872, 51.4902 ] } },
{ "type": "Feature", "properties": { "park_id": "300739", "active_status": "Active", "audit_status": "Approved and implement", "live_op_total_cap": 6, "approved_ua_total_cap": 6, "ua_name": "Bristol, City of" }, "geometry": { "type": "Point", "coordinates": [ -2.518950699999948, 51.483596900000066 ] } },
{ "type": "Feature", "properties": { "park_id": "300740", "active_status": "Deactivated", "audit_status": "Rejected", "live_op_total_cap": 0, "approved_ua_total_cap": 0, "ua_name": "Bristol, City of" }, "geometry": { "type": "Point", "coordinates": [ -2.58124, 51.49611 ] } },
{ "type": "Feature", "properties": { "park_id": "300741", "active_status": "Active", "audit_status": "Approved and implement", "live_op_total_cap": 17, "approved_ua_total_cap": 17, "ua_name": "Bristol, City of" }, "geometry": { "type": "Point", "coordinates": [ -2.546027899999956, 51.469257600000049 ] } },
{ "type": "Feature", "properties": { "park_id": "300742", "active_status": "Deactivated", "audit_status": "Rejected", "live_op_total_cap": 0, "approved_ua_total_cap": 0, "ua_name": "Bristol, City of" }, "geometry": { "type": "Point", "coordinates": [ -2.5817, 51.49517 ] } },
{ "type": "Feature", "properties": { "park_id": "300743", "active_status": "Deactivated", "audit_status": "Make changes and resubmit", "live_op_total_cap": 0, "approved_ua_total_cap": 0, "ua_name": "Bristol, City of" }, "geometry": { "type": "Point", "coordinates": [ -2.56305, 51.45794 ] } },
{ "type": "Feature", "properties": { "park_id": "300745", "active_status": "Deactivated", "audit_status": "Rejected", "live_op_total_cap": 0, "approved_ua_total_cap": 0, "ua_name": "Bristol, City of" }, "geometry": { "type": "Point", "coordinates": [ -2.57106, 51.4823 ] } },
{ "type": "Feature", "properties": { "park_id": "300746", "active_status": "Deactivated", "audit_status": "Rejected", "live_op_total_cap": 0, "approved_ua_total_cap": 0, "ua_name": "Bristol, City of" }, "geometry": { "type": "Point", "coordinates": [ -2.56443, 51.46649 ] } },
{ "type": "Feature", "properties": { "park_id": "300748", "active_status": "Inactive (rejected)", "audit_status": "Rejected", "live_op_total_cap": null, "approved_ua_total_cap": 0, "ua_name": "Bristol, City of" }, "geometry": { "type": "Point", "coordinates": [ -2.518227099999933, 51.475940700000081 ] } },
{ "type": "Feature", "properties": { "park_id": "300749", "active_status": "Deactivated", "audit_status": "Rejected", "live_op_total_cap": 0, "approved_ua_total_cap": 0, "ua_name": "Bristol, City of" }, "geometry": { "type": "Point", "coordinates": [ -2.59041, 51.4768 ] } },
{ "type": "Feature", "properties": { "park_id": "300750", "active_status": "Deactivated", "audit_status": "Rejected", "live_op_total_cap": 0, "approved_ua_total_cap": 0, "ua_name": "Bristol, City of" }, "geometry": { "type": "Point", "coordinates": [ -2.56312, 51.48763 ] } },
{ "type": "Feature", "properties": { "park_id": "300751", "active_status": "Active", "audit_status": "Approved and implement", "live_op_total_cap": 6, "approved_ua_total_cap": 6, "ua_name": "Bristol, City of" }, "geometry": { "type": "Point", "coordinates": [ -2.568138, 51.458471 ] } },
{ "type": "Feature", "properties": { "park_id": "300752", "active_status": "Active", "audit_status": "Approved and implement", "live_op_total_cap": 8, "approved_ua_total_cap": 8, "ua_name": "Bristol, City of" }, "geometry": { "type": "Point", "coordinates": [ -2.548719399999925, 51.46421470000007 ] } },
{ "type": "Feature", "properties": { "park_id": "300753", "active_status": "Deactivated", "audit_status": "Make changes and resubmit", "live_op_total_cap": 0, "approved_ua_total_cap": 0, "ua_name": "Bristol, City of" }, "geometry": { "type": "Point", "coordinates": [ -2.54538, 51.46482 ] } },
{ "type": "Feature", "properties": { "park_id": "300754", "active_status": "Active", "audit_status": "Approved and implement", "live_op_total_cap": 4, "approved_ua_total_cap": 4, "ua_name": "Bristol, City of" }, "geometry": { "type": "Point", "coordinates": [ -2.528253, 51.481462 ] } },
{ "type": "Feature", "properties": { "park_id": "300755", "active_status": "Deactivated", "audit_status": "Approved and implement", "live_op_total_cap": 0, "approved_ua_total_cap": 6, "ua_name": "Bristol, City of" }, "geometry": { "type": "Point", "coordinates": [ -2.58992, 51.44347 ] } },
{ "type": "Feature", "properties": { "park_id": "300756", "active_status": "Active", "audit_status": "Approved and implement", "live_op_total_cap": 5, "approved_ua_total_cap": 4, "ua_name": "Bristol, City of" }, "geometry": { "type": "Point", "coordinates": [ -2.589866699999959, 51.443657700000074 ] } },
{ "type": "Feature", "properties": { "park_id": "300757", "active_status": "Active", "audit_status": "Approved and implement", "live_op_total_cap": 20, "approved_ua_total_cap": 20, "ua_name": "Bristol, City of" }, "geometry": { "type": "Point", "coordinates": [ -2.582252099999948, 51.460665800000072 ] } },
{ "type": "Feature", "properties": { "park_id": "300759", "active_status": "Active", "audit_status": "Approved and implement", "live_op_total_cap": 4, "approved_ua_total_cap": 4, "ua_name": "Bristol, City of" }, "geometry": { "type": "Point", "coordinates": [ -2.615673299999969, 51.408143600000074 ] } },
{ "type": "Feature", "properties": { "park_id": "300760", "active_status": "Deactivated", "audit_status": "Make changes and resubmit", "live_op_total_cap": 0, "approved_ua_total_cap": 4, "ua_name": "Bristol, City of" }, "geometry": { "type": "Point", "coordinates": [ -2.61784, 51.40539 ] } },
{ "type": "Feature", "properties": { "park_id": "300761", "active_status": "Inactive (surplus)", "audit_status": "Approved and implement", "live_op_total_cap": 5, "approved_ua_total_cap": 5, "ua_name": "Bristol, City of" }, "geometry": { "type": "Point", "coordinates": [ -2.622335699999951, 51.405066500000032 ] } },
{ "type": "Feature", "properties": { "park_id": "300762", "active_status": "Inactive (surplus)", "audit_status": "Approved and implement", "live_op_total_cap": 0, "approved_ua_total_cap": 0, "ua_name": "Bristol, City of" }, "geometry": { "type": "Point", "coordinates": [ -2.62244, 51.40496 ] } },
{ "type": "Feature", "properties": { "park_id": "300763", "active_status": "Inactive (surplus)", "audit_status": "Approved and implement", "live_op_total_cap": 0, "approved_ua_total_cap": 0, "ua_name": "Bristol, City of" }, "geometry": { "type": "Point", "coordinates": [ -2.62279, 51.40445 ] } },
{ "type": "Feature", "properties": { "park_id": "300764", "active_status": "Active", "audit_status": "Make changes and resubmit", "live_op_total_cap": 4, "approved_ua_total_cap": 4, "ua_name": "Bristol, City of" }, "geometry": { "type": "Point", "coordinates": [ -2.626251799999977, 51.405514200000027 ] } },
{ "type": "Feature", "properties": { "park_id": "300765", "active_status": "Deactivated", "audit_status": "Approved and implement", "live_op_total_cap": 0, "approved_ua_total_cap": 6, "ua_name": "Bristol, City of" }, "geometry": { "type": "Point", "coordinates": [ -2.62867, 51.40639 ] } },
{ "type": "Feature", "properties": { "park_id": "300766", "active_status": "Active", "audit_status": "Approved and implement", "live_op_total_cap": 4, "approved_ua_total_cap": 4, "ua_name": "Bristol, City of" }, "geometry": { "type": "Point", "coordinates": [ -2.628862799999979, 51.409661 ] } },
{ "type": "Feature", "properties": { "park_id": "300767", "active_status": "Active", "audit_status": "Make changes and resubmit", "live_op_total_cap": 4, "approved_ua_total_cap": 4, "ua_name": "Bristol, City of" }, "geometry": { "type": "Point", "coordinates": [ -2.628111, 51.409555 ] } },
{ "type": "Feature", "properties": { "park_id": "300768", "active_status": "Deactivated", "audit_status": "Rejected", "live_op_total_cap": 0, "approved_ua_total_cap": 0, "ua_name": "Bristol, City of" }, "geometry": { "type": "Point", "coordinates": [ -2.62662, 51.4085 ] } },
{ "type": "Feature", "properties": { "park_id": "300769", "active_status": "Deactivated", "audit_status": "Rejected", "live_op_total_cap": 0, "approved_ua_total_cap": 0, "ua_name": "Bristol, City of" }, "geometry": { "type": "Point", "coordinates": [ -2.62206, 51.40872 ] } },
{ "type": "Feature", "properties": { "park_id": "300770", "active_status": "Active", "audit_status": "Approved and implement", "live_op_total_cap": 8, "approved_ua_total_cap": 8, "ua_name": "Bristol, City of" }, "geometry": { "type": "Point", "coordinates": [ -2.622276599999964, 51.408747500000061 ] } },
{ "type": "Feature", "properties": { "park_id": "300771", "active_status": "Active", "audit_status": "Approved and implement", "live_op_total_cap": 6, "approved_ua_total_cap": 6, "ua_name": "Bristol, City of" }, "geometry": { "type": "Point", "coordinates": [ -2.622139199999935, 51.406813900000031 ] } },
{ "type": "Feature", "properties": { "park_id": "300772", "active_status": "Deactivated", "audit_status": "Rejected", "live_op_total_cap": 0, "approved_ua_total_cap": 0, "ua_name": "Bristol, City of" }, "geometry": { "type": "Point", "coordinates": [ -2.582188605999931, 51.403755190000027 ] } },
{ "type": "Feature", "properties": { "park_id": "300773", "active_status": "Active", "audit_status": "Approved and implement", "live_op_total_cap": 6, "approved_ua_total_cap": 6, "ua_name": "Bristol, City of" }, "geometry": { "type": "Point", "coordinates": [ -2.577638899999954, 51.408728 ] } },
{ "type": "Feature", "properties": { "park_id": "300774", "active_status": "Active", "audit_status": "Make changes and resubmit", "live_op_total_cap": 4, "approved_ua_total_cap": 4, "ua_name": "Bristol, City of" }, "geometry": { "type": "Point", "coordinates": [ -2.578267199999971, 51.40537050000006 ] } },
{ "type": "Feature", "properties": { "park_id": "300775", "active_status": "Inactive (rejected)", "audit_status": "Rejected", "live_op_total_cap": null, "approved_ua_total_cap": 0, "ua_name": "Bristol, City of" }, "geometry": { "type": "Point", "coordinates": [ -2.578308581999977, 51.407741550000026 ] } },
{ "type": "Feature", "properties": { "park_id": "300776", "active_status": "Active", "audit_status": "Approved and implement", "live_op_total_cap": 6, "approved_ua_total_cap": 6, "ua_name": "Bristol, City of" }, "geometry": { "type": "Point", "coordinates": [ -2.570521299999939, 51.406878 ] } },
{ "type": "Feature", "properties": { "park_id": "300777", "active_status": "Inactive (rejected)", "audit_status": "Rejected", "live_op_total_cap": null, "approved_ua_total_cap": 0, "ua_name": "Bristol, City of" }, "geometry": { "type": "Point", "coordinates": [ -2.575235604999932, 51.415119170000025 ] } },
{ "type": "Feature", "properties": { "park_id": "300778", "active_status": "Active", "audit_status": "Approved and implement", "live_op_total_cap": 8, "approved_ua_total_cap": 8, "ua_name": "Bristol, City of" }, "geometry": { "type": "Point", "coordinates": [ -2.538822099999948, 51.427301 ] } },
{ "type": "Feature", "properties": { "park_id": "300779", "active_status": "Active", "audit_status": "Approved and implement", "live_op_total_cap": 6, "approved_ua_total_cap": 6, "ua_name": "Bristol, City of" }, "geometry": { "type": "Point", "coordinates": [ -2.546032399999945, 51.427794200000051 ] } },
{ "type": "Feature", "properties": { "park_id": "300780", "active_status": "Active", "audit_status": "Approved and implement", "live_op_total_cap": 4, "approved_ua_total_cap": 4, "ua_name": "Bristol, City of" }, "geometry": { "type": "Point", "coordinates": [ -2.577174499999956, 51.418210600000066 ] } },
{ "type": "Feature", "properties": { "park_id": "300781", "active_status": "Active", "audit_status": "Make changes and resubmit", "live_op_total_cap": 6, "approved_ua_total_cap": 6, "ua_name": "Bristol, City of" }, "geometry": { "type": "Point", "coordinates": [ -2.576167399999974, 51.416488400000048 ] } },
{ "type": "Feature", "properties": { "park_id": "300782", "active_status": "Deactivated", "audit_status": "Make changes and resubmit", "live_op_total_cap": 0, "approved_ua_total_cap": 4, "ua_name": "Bristol, City of" }, "geometry": { "type": "Point", "coordinates": [ -2.5594, 51.42588 ] } },
{ "type": "Feature", "properties": { "park_id": "300783", "active_status": "Deactivated", "audit_status": "Rejected", "live_op_total_cap": 0, "approved_ua_total_cap": 0, "ua_name": "Bristol, City of" }, "geometry": { "type": "Point", "coordinates": [ -2.60971, 51.41398 ] } },
{ "type": "Feature", "properties": { "park_id": "300784", "active_status": "Active", "audit_status": "Approved and implement", "live_op_total_cap": 6, "approved_ua_total_cap": 6, "ua_name": "Bristol, City of" }, "geometry": { "type": "Point", "coordinates": [ -2.559739, 51.414792 ] } },
{ "type": "Feature", "properties": { "park_id": "300785", "active_status": "Deactivated", "audit_status": "Approved and implement", "live_op_total_cap": null, "approved_ua_total_cap": 4, "ua_name": "Bristol, City of" }, "geometry": { "type": "Point", "coordinates": [ -2.560234546999936, 51.412635800000032 ] } },
{ "type": "Feature", "properties": { "park_id": "300786", "active_status": "Active", "audit_status": "Make changes and resubmit", "live_op_total_cap": 3, "approved_ua_total_cap": 3, "ua_name": "Bristol, City of" }, "geometry": { "type": "Point", "coordinates": [ -2.560426299999961, 51.41249890000006 ] } },
{ "type": "Feature", "properties": { "park_id": "300787", "active_status": "Inactive (rejected)", "audit_status": "Rejected", "live_op_total_cap": null, "approved_ua_total_cap": 0, "ua_name": "Bristol, City of" }, "geometry": { "type": "Point", "coordinates": [ -2.554142474999935, 51.414997100000051 ] } },
{ "type": "Feature", "properties": { "park_id": "300788", "active_status": "Deactivated", "audit_status": "Rejected", "live_op_total_cap": 0, "approved_ua_total_cap": 4, "ua_name": "Bristol, City of" }, "geometry": { "type": "Point", "coordinates": [ -2.55439, 51.422 ] } },
{ "type": "Feature", "properties": { "park_id": "300789", "active_status": "Active", "audit_status": "Make changes and implement", "live_op_total_cap": 4, "approved_ua_total_cap": 4, "ua_name": "Bristol, City of" }, "geometry": { "type": "Point", "coordinates": [ -2.561752299999966, 51.42152150000004 ] } },
{ "type": "Feature", "properties": { "park_id": "300790", "active_status": "Active", "audit_status": "Approved and implement", "live_op_total_cap": 4, "approved_ua_total_cap": 4, "ua_name": "Bristol, City of" }, "geometry": { "type": "Point", "coordinates": [ -2.571926, 51.42583280000008 ] } },
{ "type": "Feature", "properties": { "park_id": "300791", "active_status": "Active", "audit_status": "Approved and implement", "live_op_total_cap": 4, "approved_ua_total_cap": 4, "ua_name": "Bristol, City of" }, "geometry": { "type": "Point", "coordinates": [ -2.535710499999936, 51.414014900000041 ] } },
{ "type": "Feature", "properties": { "park_id": "300792", "active_status": "Deactivated", "audit_status": "Approved and implement", "live_op_total_cap": 12, "approved_ua_total_cap": 12, "ua_name": "Bristol, City of" }, "geometry": { "type": "Point", "coordinates": [ -2.545658587999981, 51.411861420000037 ] } },
{ "type": "Feature", "properties": { "park_id": "300793", "active_status": "Active", "audit_status": "Approved and implement", "live_op_total_cap": 8, "approved_ua_total_cap": 8, "ua_name": "Bristol, City of" }, "geometry": { "type": "Point", "coordinates": [ -2.547313, 51.411865700000078 ] } },
{ "type": "Feature", "properties": { "park_id": "300794", "active_status": "Deactivated", "audit_status": "Approved and implement", "live_op_total_cap": 0, "approved_ua_total_cap": 4, "ua_name": "Bristol, City of" }, "geometry": { "type": "Point", "coordinates": [ -2.54366, 51.41573 ] } },
{ "type": "Feature", "properties": { "park_id": "300795", "active_status": "Deactivated", "audit_status": "Approved and implement", "live_op_total_cap": 0, "approved_ua_total_cap": 4, "ua_name": "Bristol, City of" }, "geometry": { "type": "Point", "coordinates": [ -2.54345, 51.41584 ] } },
{ "type": "Feature", "properties": { "park_id": "300796", "active_status": "Deactivated", "audit_status": "Approved and implement", "live_op_total_cap": 0, "approved_ua_total_cap": 6, "ua_name": "Bristol, City of" }, "geometry": { "type": "Point", "coordinates": [ -2.54282, 51.41598 ] } },
{ "type": "Feature", "properties": { "park_id": "300797", "active_status": "Active", "audit_status": "Approved and implement", "live_op_total_cap": 5, "approved_ua_total_cap": 5, "ua_name": "Bristol, City of" }, "geometry": { "type": "Point", "coordinates": [ -2.543985, 51.417934800000069 ] } },
{ "type": "Feature", "properties": { "park_id": "300798", "active_status": "Deactivated", "audit_status": "Approved and implement", "live_op_total_cap": 0, "approved_ua_total_cap": 6, "ua_name": "Bristol, City of" }, "geometry": { "type": "Point", "coordinates": [ -2.54771, 51.41118 ] } },
{ "type": "Feature", "properties": { "park_id": "300799", "active_status": "Deactivated", "audit_status": "Approved and implement", "live_op_total_cap": 0, "approved_ua_total_cap": 4, "ua_name": "Bristol, City of" }, "geometry": { "type": "Point", "coordinates": [ -2.5475, 51.4108 ] } },
{ "type": "Feature", "properties": { "park_id": "300800", "active_status": "Active", "audit_status": "Approved and implement", "live_op_total_cap": 4, "approved_ua_total_cap": 4, "ua_name": "Bristol, City of" }, "geometry": { "type": "Point", "coordinates": [ -2.547744299999977, 51.41038 ] } },
{ "type": "Feature", "properties": { "park_id": "300801", "active_status": "Active", "audit_status": "Approved and implement", "live_op_total_cap": 6, "approved_ua_total_cap": 6, "ua_name": "Bristol, City of" }, "geometry": { "type": "Point", "coordinates": [ -2.556802, 51.426326 ] } },
{ "type": "Feature", "properties": { "park_id": "300802", "active_status": "Active", "audit_status": "Make changes and resubmit", "live_op_total_cap": 4, "approved_ua_total_cap": 4, "ua_name": "Bristol, City of" }, "geometry": { "type": "Point", "coordinates": [ -2.568746499999975, 51.412290800000051 ] } },
{ "type": "Feature", "properties": { "park_id": "300803", "active_status": "Active", "audit_status": "Approved and implement", "live_op_total_cap": 4, "approved_ua_total_cap": 4, "ua_name": "Bristol, City of" }, "geometry": { "type": "Point", "coordinates": [ -2.573481199999947, 51.40915410000008 ] } },
{ "type": "Feature", "properties": { "park_id": "300804", "active_status": "Active", "audit_status": "Approved and implement", "live_op_total_cap": 4, "approved_ua_total_cap": 4, "ua_name": "Bristol, City of" }, "geometry": { "type": "Point", "coordinates": [ -2.573930899999937, 51.413357400000052 ] } },
{ "type": "Feature", "properties": { "park_id": "310422", "active_status": "Active", "audit_status": "Ready for UA review", "live_op_total_cap": null, "approved_ua_total_cap": 0, "ua_name": "Bristol, City of" }, "geometry": { "type": "Point", "coordinates": [ -2.591841699999975, 51.492717 ] } },
{ "type": "Feature", "properties": { "park_id": "310423", "active_status": "Active", "audit_status": "Approved and implement", "live_op_total_cap": 12, "approved_ua_total_cap": 12, "ua_name": "Bristol, City of" }, "geometry": { "type": "Point", "coordinates": [ -2.582842, 51.412093 ] } },
{ "type": "Feature", "properties": { "park_id": "310424", "active_status": "Inactive (surplus)", "audit_status": "Approved and implement", "live_op_total_cap": null, "approved_ua_total_cap": 10, "ua_name": "Bristol, City of" }, "geometry": { "type": "Point", "coordinates": [ -2.539150799999959, 51.42936190000006 ] } },
{ "type": "Feature", "properties": { "park_id": "310425", "active_status": "Active", "audit_status": "Approved and implement", "live_op_total_cap": 6, "approved_ua_total_cap": 6, "ua_name": "Bristol, City of" }, "geometry": { "type": "Point", "coordinates": [ -2.614156, 51.428835 ] } },
{ "type": "Feature", "properties": { "park_id": "310426", "active_status": "Active", "audit_status": "Approved and implement", "live_op_total_cap": 5, "approved_ua_total_cap": 6, "ua_name": "Bristol, City of" }, "geometry": { "type": "Point", "coordinates": [ -2.551016, 51.485297 ] } },
{ "type": "Feature", "properties": { "park_id": "310427", "active_status": "Active", "audit_status": "Ready for UA review", "live_op_total_cap": null, "approved_ua_total_cap": 0, "ua_name": "Bristol, City of" }, "geometry": { "type": "Point", "coordinates": [ -2.623809, 51.421422500000062 ] } },
{ "type": "Feature", "properties": { "park_id": "310428", "active_status": "Active", "audit_status": "Approved and implement", "live_op_total_cap": 12, "approved_ua_total_cap": 12, "ua_name": "Bristol, City of" }, "geometry": { "type": "Point", "coordinates": [ -2.542522, 51.43014 ] } },
{ "type": "Feature", "properties": { "park_id": "310429", "active_status": "Inactive (surplus)", "audit_status": "Approved and implement", "live_op_total_cap": null, "approved_ua_total_cap": null, "ua_name": "Bristol, City of" }, "geometry": { "type": "Point", "coordinates": [ -2.562335599999926, 51.490523900000028 ] } },
{ "type": "Feature", "properties": { "park_id": "310430", "active_status": "Inactive (rejected)", "audit_status": "Rejected", "live_op_total_cap": null, "approved_ua_total_cap": 0, "ua_name": "Bristol, City of" }, "geometry": { "type": "Point", "coordinates": [ -2.582600799999966, 51.464798400000063 ] } },
{ "type": "Feature", "properties": { "park_id": "310431", "active_status": "Inactive (rejected)", "audit_status": "Rejected", "live_op_total_cap": null, "approved_ua_total_cap": 0, "ua_name": "Bristol, City of" }, "geometry": { "type": "Point", "coordinates": [ -2.591528, 51.457162800000049 ] } },
{ "type": "Feature", "properties": { "park_id": "310432", "active_status": "Inactive (rejected)", "audit_status": "Rejected", "live_op_total_cap": null, "approved_ua_total_cap": 0, "ua_name": "Bristol, City of" }, "geometry": { "type": "Point", "coordinates": [ -2.591363099999967, 51.456905500000062 ] } },
{ "type": "Feature", "properties": { "park_id": "310433", "active_status": "Active", "audit_status": "Approved and implement", "live_op_total_cap": 6, "approved_ua_total_cap": 6, "ua_name": "Bristol, City of" }, "geometry": { "type": "Point", "coordinates": [ -2.579363, 51.482612 ] } },
{ "type": "Feature", "properties": { "park_id": "310434", "active_status": "Inactive (rejected)", "audit_status": "Rejected", "live_op_total_cap": null, "approved_ua_total_cap": 0, "ua_name": "Bristol, City of" }, "geometry": { "type": "Point", "coordinates": [ -2.689660799999956, 51.52144670000007 ] } },
{ "type": "Feature", "properties": { "park_id": "310435", "active_status": "Active", "audit_status": "Approved and implement", "live_op_total_cap": 20, "approved_ua_total_cap": 20, "ua_name": "Bristol, City of" }, "geometry": { "type": "Point", "coordinates": [ -2.594173, 51.45671 ] } },
{ "type": "Feature", "properties": { "park_id": "310436", "active_status": "Active", "audit_status": "Approved and implement", "live_op_total_cap": 12, "approved_ua_total_cap": 12, "ua_name": "Bristol, City of" }, "geometry": { "type": "Point", "coordinates": [ -2.596059, 51.453513 ] } },
{ "type": "Feature", "properties": { "park_id": "310437", "active_status": "Active", "audit_status": "Approved and implement", "live_op_total_cap": 5, "approved_ua_total_cap": 5, "ua_name": "Bristol, City of" }, "geometry": { "type": "Point", "coordinates": [ -2.568128, 51.461665 ] } },
{ "type": "Feature", "properties": { "park_id": "310438", "active_status": "Active", "audit_status": "Approved and implement", "live_op_total_cap": 10, "approved_ua_total_cap": 10, "ua_name": "Bristol, City of" }, "geometry": { "type": "Point", "coordinates": [ -2.688251, 51.489616 ] } },
{ "type": "Feature", "properties": { "park_id": "310439", "active_status": "Active", "audit_status": "Approved and implement", "live_op_total_cap": 11, "approved_ua_total_cap": 11, "ua_name": "Bristol, City of" }, "geometry": { "type": "Point", "coordinates": [ -2.688251, 51.489616 ] } },
{ "type": "Feature", "properties": { "park_id": "310440", "active_status": "Inactive (undergoing audit process)", "audit_status": "Approved and implement", "live_op_total_cap": null, "approved_ua_total_cap": null, "ua_name": "Bristol, City of" }, "geometry": { "type": "Point", "coordinates": [ -2.585278199999948, 51.454125800000043 ] } },
{ "type": "Feature", "properties": { "park_id": "310441", "active_status": "Inactive (undergoing audit process)", "audit_status": "Not yet audited (requested)", "live_op_total_cap": null, "approved_ua_total_cap": null, "ua_name": "Bristol, City of" }, "geometry": { "type": "Point", "coordinates": [ -2.563117599999941, 51.460508700000048 ] } },
{ "type": "Feature", "properties": { "park_id": "310442", "active_status": "Active", "audit_status": "Ready for UA review", "live_op_total_cap": null, "approved_ua_total_cap": null, "ua_name": "Bristol, City of" }, "geometry": { "type": "Point", "coordinates": [ -2.563319, 51.460666600000081 ] } },
{ "type": "Feature", "properties": { "park_id": "310443", "active_status": "Inactive (undergoing audit process)", "audit_status": "Not yet audited (requested)", "live_op_total_cap": null, "approved_ua_total_cap": null, "ua_name": "Bristol, City of" }, "geometry": { "type": "Point", "coordinates": [ -2.578380699999968, 51.464726100000064 ] } },
{ "type": "Feature", "properties": { "park_id": "310444", "active_status": "Active", "audit_status": "Approved and implement", "live_op_total_cap": 10, "approved_ua_total_cap": null, "ua_name": "Bristol, City of" }, "geometry": { "type": "Point", "coordinates": [ -2.589358299999958, 51.444280400000082 ] } },
{ "type": "Feature", "properties": { "park_id": "310445", "active_status": "Inactive (undergoing audit process)", "audit_status": "Not yet audited (requested)", "live_op_total_cap": null, "approved_ua_total_cap": null, "ua_name": "Bristol, City of" }, "geometry": { "type": "Point", "coordinates": [ -2.529512599999975, 51.479971700000078 ] } },
{ "type": "Feature", "properties": { "park_id": "310446", "active_status": "Inactive (undergoing audit process)", "audit_status": "Not yet audited (requested)", "live_op_total_cap": null, "approved_ua_total_cap": null, "ua_name": "Bristol, City of" }, "geometry": { "type": "Point", "coordinates": [ -2.606090399999971, 51.438604600000076 ] } },
{ "type": "Feature", "properties": { "park_id": "310447", "active_status": "Inactive (undergoing audit process)", "audit_status": "Not yet audited (requested)", "live_op_total_cap": null, "approved_ua_total_cap": null, "ua_name": "Bristol, City of" }, "geometry": { "type": "Point", "coordinates": [ -2.586516699999947, 51.412667700000043 ] } },
{ "type": "Feature", "properties": { "park_id": "310448", "active_status": "Inactive (undergoing audit process)", "audit_status": "Not yet audited (requested)", "live_op_total_cap": null, "approved_ua_total_cap": null, "ua_name": "Bristol, City of" }, "geometry": { "type": "Point", "coordinates": [ -2.577724099999955, 51.466578600000048 ] } },
{ "type": "Feature", "properties": { "park_id": "310449", "active_status": "Inactive (undergoing audit process)", "audit_status": "Not yet audited (requested)", "live_op_total_cap": null, "approved_ua_total_cap": null, "ua_name": "Bristol, City of" }, "geometry": { "type": "Point", "coordinates": [ -2.573212699999942, 51.44269330000003 ] } },
{ "type": "Feature", "properties": { "park_id": "310450", "active_status": "Inactive (undergoing audit process)", "audit_status": "Not yet audited (requested)", "live_op_total_cap": null, "approved_ua_total_cap": null, "ua_name": "Bristol, City of" }, "geometry": { "type": "Point", "coordinates": [ -2.595665299999951, 51.442291800000078 ] } },
{ "type": "Feature", "properties": { "park_id": "310451", "active_status": "Active", "audit_status": "Ready for UA review", "live_op_total_cap": null, "approved_ua_total_cap": null, "ua_name": "Bristol, City of" }, "geometry": { "type": "Point", "coordinates": [ -2.559824099999958, 51.494140900000048 ] } },
{ "type": "Feature", "properties": { "park_id": "310452", "active_status": "Inactive (undergoing audit process)", "audit_status": "Not yet audited (requested)", "live_op_total_cap": null, "approved_ua_total_cap": null, "ua_name": "Bristol, City of" }, "geometry": { "type": "Point", "coordinates": [ -2.55496729999993, 51.467076800000029 ] } },
{ "type": "Feature", "properties": { "park_id": "310453", "active_status": "Inactive (undergoing audit process)", "audit_status": "Not yet audited (requested)", "live_op_total_cap": null, "approved_ua_total_cap": null, "ua_name": "Bristol, City of" }, "geometry": { "type": "Point", "coordinates": [ -2.589304699999957, 51.428934200000072 ] } },
{ "type": "Feature", "properties": { "park_id": "310454", "active_status": "Active", "audit_status": "Ready for UA review", "live_op_total_cap": null, "approved_ua_total_cap": null, "ua_name": "Bristol, City of" }, "geometry": { "type": "Point", "coordinates": [ -2.536633199999926, 51.44030280000004 ] } },
{ "type": "Feature", "properties": { "park_id": "310455", "active_status": "Inactive (undergoing audit process)", "audit_status": "Not yet audited (requested)", "live_op_total_cap": null, "approved_ua_total_cap": null, "ua_name": "Bristol, City of" }, "geometry": { "type": "Point", "coordinates": [ -2.569278499999939, 51.450011 ] } },
{ "type": "Feature", "properties": { "park_id": "310456", "active_status": "Inactive (undergoing audit process)", "audit_status": "Not yet audited (requested)", "live_op_total_cap": null, "approved_ua_total_cap": null, "ua_name": "Bristol, City of" }, "geometry": { "type": "Point", "coordinates": [ -2.626158, 51.429291800000044 ] } },
{ "type": "Feature", "properties": { "park_id": "310457", "active_status": "Inactive (undergoing audit process)", "audit_status": "Not yet audited (requested)", "live_op_total_cap": null, "approved_ua_total_cap": null, "ua_name": "Bristol, City of" }, "geometry": { "type": "Point", "coordinates": [ -2.587834699999974, 51.481123 ] } },
{ "type": "Feature", "properties": { "park_id": "310458", "active_status": "Inactive (undergoing audit process)", "audit_status": "Not yet audited (requested)", "live_op_total_cap": null, "approved_ua_total_cap": null, "ua_name": "Bristol, City of" }, "geometry": { "type": "Point", "coordinates": [ -2.609308799999951, 51.451233 ] } },
{ "type": "Feature", "properties": { "park_id": "310459", "active_status": "Inactive (undergoing audit process)", "audit_status": "Not yet audited (requested)", "live_op_total_cap": null, "approved_ua_total_cap": null, "ua_name": "Bristol, City of" }, "geometry": { "type": "Point", "coordinates": [ -2.595516799999928, 51.440856300000064 ] } },
{ "type": "Feature", "properties": { "park_id": "310460", "active_status": "Inactive (undergoing audit process)", "audit_status": "Not yet audited (requested)", "live_op_total_cap": null, "approved_ua_total_cap": null, "ua_name": "Bristol, City of" }, "geometry": { "type": "Point", "coordinates": [ -2.634069699999941, 51.481052100000056 ] } },
{ "type": "Feature", "properties": { "park_id": "310461", "active_status": "Inactive (undergoing audit process)", "audit_status": "Not yet audited (requested)", "live_op_total_cap": null, "approved_ua_total_cap": null, "ua_name": "Bristol, City of" }, "geometry": { "type": "Point", "coordinates": [ -2.58877549999994, 51.466729 ] } },
{ "type": "Feature", "properties": { "park_id": "310462", "active_status": "Inactive (undergoing audit process)", "audit_status": "Not yet audited (requested)", "live_op_total_cap": null, "approved_ua_total_cap": null, "ua_name": "Bristol, City of" }, "geometry": { "type": "Point", "coordinates": [ -2.616065099999958, 51.470834100000047 ] } },
{ "type": "Feature", "properties": { "park_id": "310463", "active_status": "Inactive (undergoing audit process)", "audit_status": "Not yet audited (requested)", "live_op_total_cap": null, "approved_ua_total_cap": null, "ua_name": "Bristol, City of" }, "geometry": { "type": "Point", "coordinates": [ -2.56332139999995, 51.443562500000041 ] } },
{ "type": "Feature", "properties": { "park_id": "310464", "active_status": "Inactive (undergoing audit process)", "audit_status": "Not yet audited (requested)", "live_op_total_cap": null, "approved_ua_total_cap": null, "ua_name": "Bristol, City of" }, "geometry": { "type": "Point", "coordinates": [ -2.620049599999959, 51.444225600000038 ] } },
{ "type": "Feature", "properties": { "park_id": "310465", "active_status": "Inactive (undergoing audit process)", "audit_status": "Not yet audited (requested)", "live_op_total_cap": null, "approved_ua_total_cap": null, "ua_name": "Bristol, City of" }, "geometry": { "type": "Point", "coordinates": [ -2.620313299999964, 51.447419800000034 ] } },
{ "type": "Feature", "properties": { "park_id": "310466", "active_status": "Inactive (undergoing audit process)", "audit_status": "Not yet audited (requested)", "live_op_total_cap": null, "approved_ua_total_cap": null, "ua_name": "Bristol, City of" }, "geometry": { "type": "Point", "coordinates": [ -2.596523699999977, 51.444019800000035 ] } },
{ "type": "Feature", "properties": { "park_id": "310467", "active_status": "Inactive (undergoing audit process)", "audit_status": "Not yet audited (requested)", "live_op_total_cap": null, "approved_ua_total_cap": null, "ua_name": "Bristol, City of" }, "geometry": { "type": "Point", "coordinates": [ -2.577408299999945, 51.468276 ] } },
{ "type": "Feature", "properties": { "park_id": "310468", "active_status": "Active", "audit_status": "Ready for UA review", "live_op_total_cap": null, "approved_ua_total_cap": null, "ua_name": "Bristol, City of" }, "geometry": { "type": "Point", "coordinates": [ -2.578785699999969, 51.467370900000049 ] } },
{ "type": "Feature", "properties": { "park_id": "310469", "active_status": "Inactive (undergoing audit process)", "audit_status": "Approved and implement", "live_op_total_cap": null, "approved_ua_total_cap": null, "ua_name": "Bristol, City of" }, "geometry": { "type": "Point", "coordinates": [ -2.536189799999931, 51.454370400000073 ] } },
{ "type": "Feature", "properties": { "park_id": "310470", "active_status": "Inactive (undergoing audit process)", "audit_status": "Approved and implement", "live_op_total_cap": null, "approved_ua_total_cap": null, "ua_name": "Bristol, City of" }, "geometry": { "type": "Point", "coordinates": [ -2.531845099999941, 51.45631220000007 ] } },
{ "type": "Feature", "properties": { "park_id": "310471", "active_status": "Inactive (undergoing audit process)", "audit_status": "Approved and implement", "live_op_total_cap": null, "approved_ua_total_cap": null, "ua_name": "Bristol, City of" }, "geometry": { "type": "Point", "coordinates": [ -2.535815899999932, 51.452515600000027 ] } },
{ "type": "Feature", "properties": { "park_id": "310472", "active_status": "Inactive (undergoing audit process)", "audit_status": "Not yet audited (requested)", "live_op_total_cap": null, "approved_ua_total_cap": null, "ua_name": "Bristol, City of" }, "geometry": { "type": "Point", "coordinates": [ -2.584043099999974, 51.451626 ] } },
{ "type": "Feature", "properties": { "park_id": "310473", "active_status": "Inactive (undergoing audit process)", "audit_status": "Not yet audited (requested)", "live_op_total_cap": null, "approved_ua_total_cap": null, "ua_name": "Bristol, City of" }, "geometry": { "type": "Point", "coordinates": [ -2.633239799999956, 51.488573100000053 ] } },
{ "type": "Feature", "properties": { "park_id": "310474", "active_status": "Inactive (undergoing audit process)", "audit_status": "Not yet audited (requested)", "live_op_total_cap": null, "approved_ua_total_cap": null, "ua_name": "Bristol, City of" }, "geometry": { "type": "Point", "coordinates": [ -2.591562899999929, 51.456124800000055 ] } },
{ "type": "Feature", "properties": { "park_id": "310475", "active_status": "Inactive (undergoing audit process)", "audit_status": "Not yet audited (requested)", "live_op_total_cap": null, "approved_ua_total_cap": null, "ua_name": "Bristol, City of" }, "geometry": { "type": "Point", "coordinates": [ -2.620438, 51.436205400000063 ] } },
{ "type": "Feature", "properties": { "park_id": "310476", "active_status": "Inactive (undergoing audit process)", "audit_status": "Not yet audited (requested)", "live_op_total_cap": null, "approved_ua_total_cap": null, "ua_name": "Bristol, City of" }, "geometry": { "type": "Point", "coordinates": [ -2.568264799999952, 51.459349 ] } },
{ "type": "Feature", "properties": { "park_id": "310477", "active_status": "Inactive (undergoing audit process)", "audit_status": "Not yet audited (requested)", "live_op_total_cap": null, "approved_ua_total_cap": null, "ua_name": "Bristol, City of" }, "geometry": { "type": "Point", "coordinates": [ -2.562797799999942, 51.459009500000036 ] } },
{ "type": "Feature", "properties": { "park_id": "310478", "active_status": "Active", "audit_status": "Ready for UA review", "live_op_total_cap": null, "approved_ua_total_cap": null, "ua_name": "Bristol, City of" }, "geometry": { "type": "Point", "coordinates": [ -2.594798, 51.505906700000025 ] } },
{ "type": "Feature", "properties": { "park_id": "310479", "active_status": "Active", "audit_status": "Ready for UA review", "live_op_total_cap": null, "approved_ua_total_cap": null, "ua_name": "Bristol, City of" }, "geometry": { "type": "Point", "coordinates": [ -2.688848699999937, 51.521604800000034 ] } },
{ "type": "Feature", "properties": { "park_id": "310480", "active_status": "Inactive (undergoing audit process)", "audit_status": "Not yet audited (requested)", "live_op_total_cap": null, "approved_ua_total_cap": null, "ua_name": "Bristol, City of" }, "geometry": { "type": "Point", "coordinates": [ -2.598750099999961, 51.441370300000074 ] } },
{ "type": "Feature", "properties": { "park_id": "310481", "active_status": "Inactive (undergoing audit process)", "audit_status": "Not yet audited (requested)", "live_op_total_cap": null, "approved_ua_total_cap": null, "ua_name": "Bristol, City of" }, "geometry": { "type": "Point", "coordinates": [ -2.598049099999969, 51.441452900000058 ] } },
{ "type": "Feature", "properties": { "park_id": "310482", "active_status": "Inactive (undergoing audit process)", "audit_status": "Not yet audited (requested)", "live_op_total_cap": null, "approved_ua_total_cap": null, "ua_name": "Bristol, City of" }, "geometry": { "type": "Point", "coordinates": [ -2.597184599999935, 51.441869800000063 ] } },
{ "type": "Feature", "properties": { "park_id": "310483", "active_status": "Inactive (undergoing audit process)", "audit_status": "Not yet audited (requested)", "live_op_total_cap": null, "approved_ua_total_cap": null, "ua_name": "Bristol, City of" }, "geometry": { "type": "Point", "coordinates": [ -2.596996799999943, 51.442090500000063 ] } },
{ "type": "Feature", "properties": { "park_id": "310484", "active_status": "Inactive (undergoing audit process)", "audit_status": "Not yet audited (requested)", "live_op_total_cap": null, "approved_ua_total_cap": null, "ua_name": "Bristol, City of" }, "geometry": { "type": "Point", "coordinates": [ -2.596454, 51.455675500000041 ] } },
{ "type": "Feature", "properties": { "park_id": "310485", "active_status": "Active", "audit_status": "Ready for UA review", "live_op_total_cap": null, "approved_ua_total_cap": null, "ua_name": "Bristol, City of" }, "geometry": { "type": "Point", "coordinates": [ -2.564553099999955, 51.471121800000049 ] } },
{ "type": "Feature", "properties": { "park_id": "310486", "active_status": "Inactive (undergoing audit process)", "audit_status": "Not yet audited (requested)", "live_op_total_cap": null, "approved_ua_total_cap": null, "ua_name": "Bristol, City of" }, "geometry": { "type": "Point", "coordinates": [ -2.565802899999937, 51.471282200000076 ] } },
{ "type": "Feature", "properties": { "park_id": "310487", "active_status": "Inactive (undergoing audit process)", "audit_status": "Not yet audited (requested)", "live_op_total_cap": null, "approved_ua_total_cap": null, "ua_name": "Bristol, City of" }, "geometry": { "type": "Point", "coordinates": [ -2.579734799999926, 51.464921700000048 ] } },
{ "type": "Feature", "properties": { "park_id": "310488", "active_status": "Inactive (undergoing audit process)", "audit_status": "Not yet audited (requested)", "live_op_total_cap": null, "approved_ua_total_cap": null, "ua_name": "Bristol, City of" }, "geometry": { "type": "Point", "coordinates": [ -2.543027199999926, 51.431314100000066 ] } },
{ "type": "Feature", "properties": { "park_id": "310489", "active_status": "Active", "audit_status": "Ready for UA review", "live_op_total_cap": null, "approved_ua_total_cap": null, "ua_name": "Bristol, City of" }, "geometry": { "type": "Point", "coordinates": [ -2.532055, 51.435779 ] } },
{ "type": "Feature", "properties": { "park_id": "310490", "active_status": "Inactive (undergoing audit process)", "audit_status": "Not yet audited (requested)", "live_op_total_cap": null, "approved_ua_total_cap": null, "ua_name": "Bristol, City of" }, "geometry": { "type": "Point", "coordinates": [ -2.596614799999941, 51.439996500000063 ] } },
{ "type": "Feature", "properties": { "park_id": "310491", "active_status": "Active", "audit_status": "Approved and implement", "live_op_total_cap": 20, "approved_ua_total_cap": 20, "ua_name": "Bristol, City of" }, "geometry": { "type": "Point", "coordinates": [ -2.586676, 51.454998 ] } },
{ "type": "Feature", "properties": { "park_id": "310492", "active_status": "Active", "audit_status": "Approved and implement", "live_op_total_cap": 19, "approved_ua_total_cap": 19, "ua_name": "Bristol, City of" }, "geometry": { "type": "Point", "coordinates": [ -2.57725, 51.47896 ] } },
{ "type": "Feature", "properties": { "park_id": "310493", "active_status": "Active", "audit_status": "Approved and implement", "live_op_total_cap": 14, "approved_ua_total_cap": 14, "ua_name": "Bristol, City of" }, "geometry": { "type": "Point", "coordinates": [ -2.582066, 51.471913 ] } },
{ "type": "Feature", "properties": { "park_id": "310494", "active_status": "Active", "audit_status": "Approved and implement", "live_op_total_cap": 23, "approved_ua_total_cap": 23, "ua_name": "Bristol, City of" }, "geometry": { "type": "Point", "coordinates": [ -2.588367, 51.473037 ] } },
{ "type": "Feature", "properties": { "park_id": "310495", "active_status": "Active", "audit_status": "Approved and implement", "live_op_total_cap": 23, "approved_ua_total_cap": 23, "ua_name": "Bristol, City of" }, "geometry": { "type": "Point", "coordinates": [ -2.587705, 51.48097 ] } },
{ "type": "Feature", "properties": { "park_id": "310496", "active_status": "Active", "audit_status": "Approved and implement", "live_op_total_cap": 12, "approved_ua_total_cap": 12, "ua_name": "Bristol, City of" }, "geometry": { "type": "Point", "coordinates": [ -2.582394, 51.481264 ] } },
{ "type": "Feature", "properties": { "park_id": "310497", "active_status": "Active", "audit_status": "Approved and implement", "live_op_total_cap": 10, "approved_ua_total_cap": 10, "ua_name": "Bristol, City of" }, "geometry": { "type": "Point", "coordinates": [ -2.605662, 51.454787 ] } },
{ "type": "Feature", "properties": { "park_id": "310498", "active_status": "Active", "audit_status": "Approved and implement", "live_op_total_cap": 17, "approved_ua_total_cap": 17, "ua_name": "Bristol, City of" }, "geometry": { "type": "Point", "coordinates": [ -2.606264, 51.455516 ] } },
{ "type": "Feature", "properties": { "park_id": "310499", "active_status": "Active", "audit_status": "Approved and implement", "live_op_total_cap": 12, "approved_ua_total_cap": 12, "ua_name": "Bristol, City of" }, "geometry": { "type": "Point", "coordinates": [ -2.583528, 51.481786 ] } },
{ "type": "Feature", "properties": { "park_id": "310500", "active_status": "Active", "audit_status": "Approved and implement", "live_op_total_cap": 30, "approved_ua_total_cap": 30, "ua_name": "Bristol, City of" }, "geometry": { "type": "Point", "coordinates": [ -2.596105, 51.440559 ] } },
{ "type": "Feature", "properties": { "park_id": "310501", "active_status": "Active", "audit_status": "Approved and implement", "live_op_total_cap": 23, "approved_ua_total_cap": 23, "ua_name": "Bristol, City of" }, "geometry": { "type": "Point", "coordinates": [ -2.586124, 51.472354 ] } },
{ "type": "Feature", "properties": { "park_id": "310502", "active_status": "Active", "audit_status": "Approved and implement", "live_op_total_cap": 21, "approved_ua_total_cap": 21, "ua_name": "Bristol, City of" }, "geometry": { "type": "Point", "coordinates": [ -2.582065, 51.470938 ] } },
{ "type": "Feature", "properties": { "park_id": "310503", "active_status": "Active", "audit_status": "Approved and implement", "live_op_total_cap": 23, "approved_ua_total_cap": 23, "ua_name": "Bristol, City of" }, "geometry": { "type": "Point", "coordinates": [ -2.577521, 51.473784 ] } },
{ "type": "Feature", "properties": { "park_id": "310504", "active_status": "Active", "audit_status": "Approved and implement", "live_op_total_cap": 10, "approved_ua_total_cap": 10, "ua_name": "Bristol, City of" }, "geometry": { "type": "Point", "coordinates": [ -2.596739, 51.439834 ] } },
{ "type": "Feature", "properties": { "park_id": "320001", "active_status": "Active", "audit_status": "Audited - private land", "live_op_total_cap": 10, "approved_ua_total_cap": null, "ua_name": "Bristol, City of" }, "geometry": { "type": "Point", "coordinates": [ -2.622971199999938, 51.46422670000004 ] } },
{ "type": "Feature", "properties": { "park_id": "320002", "active_status": "Active", "audit_status": "Audited - private land", "live_op_total_cap": 10, "approved_ua_total_cap": 10, "ua_name": "Bristol, City of" }, "geometry": { "type": "Point", "coordinates": [ -2.603046, 51.455646 ] } },
{ "type": "Feature", "properties": { "park_id": "320003", "active_status": "Active", "audit_status": "Audited - private land", "live_op_total_cap": 10, "approved_ua_total_cap": null, "ua_name": "Bristol, City of" }, "geometry": { "type": "Point", "coordinates": [ -2.632199599999979, 51.444254500000056 ] } },
{ "type": "Feature", "properties": { "park_id": "320004", "active_status": "Deactivated", "audit_status": "Rejected", "live_op_total_cap": 0, "approved_ua_total_cap": null, "ua_name": "Bristol, City of" }, "geometry": { "type": "Point", "coordinates": [ -2.58948, 51.45858 ] } },
{ "type": "Feature", "properties": { "park_id": "320005", "active_status": "Active", "audit_status": "Audited - private land", "live_op_total_cap": 15, "approved_ua_total_cap": null, "ua_name": "Bristol, City of" }, "geometry": { "type": "Point", "coordinates": [ -2.578925599999934, 51.463335900000061 ] } },
{ "type": "Feature", "properties": { "park_id": "320006", "active_status": "Deactivated", "audit_status": "Audited - private land", "live_op_total_cap": 0, "approved_ua_total_cap": null, "ua_name": "Bristol, City of" }, "geometry": { "type": "Point", "coordinates": [ -2.60155, 51.45692 ] } },
{ "type": "Feature", "properties": { "park_id": "320007", "active_status": "Active", "audit_status": "Audited - private land", "live_op_total_cap": 5, "approved_ua_total_cap": 5, "ua_name": "Bristol, City of" }, "geometry": { "type": "Point", "coordinates": [ -2.517102499999964, 51.484236300000077 ] } },
{ "type": "Feature", "properties": { "park_id": "320008", "active_status": "Deactivated", "audit_status": "Audited - private land", "live_op_total_cap": 0, "approved_ua_total_cap": null, "ua_name": "Bristol, City of" }, "geometry": { "type": "Point", "coordinates": [ -2.614, 51.44248 ] } },
{ "type": "Feature", "properties": { "park_id": "320009", "active_status": "Active", "audit_status": "Audited - private land", "live_op_total_cap": 16, "approved_ua_total_cap": null, "ua_name": "Bristol, City of" }, "geometry": { "type": "Point", "coordinates": [ -2.596043, 51.44530160000005 ] } },
{ "type": "Feature", "properties": { "park_id": "320011", "active_status": "Deactivated", "audit_status": "Approved and implement", "live_op_total_cap": 0, "approved_ua_total_cap": null, "ua_name": "Bristol, City of" }, "geometry": { "type": "Point", "coordinates": [ -2.60479, 51.50846 ] } },
{ "type": "Feature", "properties": { "park_id": "320012", "active_status": "Deactivated", "audit_status": "Rejected", "live_op_total_cap": 0, "approved_ua_total_cap": null, "ua_name": "Bristol, City of" }, "geometry": { "type": "Point", "coordinates": [ -2.6473, 51.48769 ] } },
{ "type": "Feature", "properties": { "park_id": "320013", "active_status": "Active", "audit_status": "Audited - private land", "live_op_total_cap": 15, "approved_ua_total_cap": null, "ua_name": "Bristol, City of" }, "geometry": { "type": "Point", "coordinates": [ -2.694449199999951, 51.512776400000064 ] } },
{ "type": "Feature", "properties": { "park_id": "320014", "active_status": "Active", "audit_status": "Audited - private land", "live_op_total_cap": 40, "approved_ua_total_cap": null, "ua_name": "Bristol, City of" }, "geometry": { "type": "Point", "coordinates": [ -2.575798, 51.469674400000031 ] } },
{ "type": "Feature", "properties": { "park_id": "320015", "active_status": "Deactivated", "audit_status": "Audited - private land", "live_op_total_cap": 0, "approved_ua_total_cap": null, "ua_name": "Bristol, City of" }, "geometry": { "type": "Point", "coordinates": [ -2.56708, 51.43509 ] } },
{ "type": "Feature", "properties": { "park_id": "320016", "active_status": "Deactivated", "audit_status": "Rejected", "live_op_total_cap": 0, "approved_ua_total_cap": null, "ua_name": "Bristol, City of" }, "geometry": { "type": "Point", "coordinates": [ -2.59758, 51.49701 ] } },
{ "type": "Feature", "properties": { "park_id": "320017", "active_status": "Active", "audit_status": "Audited - private land", "live_op_total_cap": 16, "approved_ua_total_cap": null, "ua_name": "Bristol, City of" }, "geometry": { "type": "Point", "coordinates": [ -2.612707899999975, 51.446710200000041 ] } },
{ "type": "Feature", "properties": { "park_id": "320018", "active_status": "Active", "audit_status": "Audited - private land", "live_op_total_cap": 15, "approved_ua_total_cap": null, "ua_name": "Bristol, City of" }, "geometry": { "type": "Point", "coordinates": [ -2.569944499999963, 51.466435800000056 ] } },
{ "type": "Feature", "properties": { "park_id": "320019", "active_status": "Active", "audit_status": "Make changes and resubmit", "live_op_total_cap": 8, "approved_ua_total_cap": null, "ua_name": "Bristol, City of" }, "geometry": { "type": "Point", "coordinates": [ -2.589054099999942, 51.480406400000049 ] } },
{ "type": "Feature", "properties": { "park_id": "320020", "active_status": "Deactivated", "audit_status": "Audited - private land", "live_op_total_cap": 0, "approved_ua_total_cap": null, "ua_name": "Bristol, City of" }, "geometry": { "type": "Point", "coordinates": [ -2.61562, 51.47068 ] } },
{ "type": "Feature", "properties": { "park_id": "320021", "active_status": "Active", "audit_status": "Audited - private land", "live_op_total_cap": 45, "approved_ua_total_cap": 45, "ua_name": "Bristol, City of" }, "geometry": { "type": "Point", "coordinates": [ -2.602650499999925, 51.45554560000005 ] } },
{ "type": "Feature", "properties": { "park_id": "320022", "active_status": "Active", "audit_status": "Audited - private land", "live_op_total_cap": 10, "approved_ua_total_cap": null, "ua_name": "Bristol, City of" }, "geometry": { "type": "Point", "coordinates": [ -2.582159499999932, 51.494071900000051 ] } },
{ "type": "Feature", "properties": { "park_id": "320023", "active_status": "Deactivated", "audit_status": "Audited - private land", "live_op_total_cap": 0, "approved_ua_total_cap": null, "ua_name": "Bristol, City of" }, "geometry": { "type": "Point", "coordinates": [ -2.6029, 51.45629 ] } },
{ "type": "Feature", "properties": { "park_id": "320024", "active_status": "Deactivated", "audit_status": "Make changes and resubmit", "live_op_total_cap": 0, "approved_ua_total_cap": null, "ua_name": "Bristol, City of" }, "geometry": { "type": "Point", "coordinates": [ -2.54714, 51.48757 ] } },
{ "type": "Feature", "properties": { "park_id": "320025", "active_status": "Active", "audit_status": "Audited - private land", "live_op_total_cap": 25, "approved_ua_total_cap": null, "ua_name": "Bristol, City of" }, "geometry": { "type": "Point", "coordinates": [ -2.593542499999955, 51.497215900000072 ] } },
{ "type": "Feature", "properties": { "park_id": "320026", "active_status": "Active", "audit_status": "Audited - private land", "live_op_total_cap": 8, "approved_ua_total_cap": null, "ua_name": "Bristol, City of" }, "geometry": { "type": "Point", "coordinates": [ -2.589670599999977, 51.494869100000074 ] } },
{ "type": "Feature", "properties": { "park_id": "320027", "active_status": "Active", "audit_status": "Audited - private land", "live_op_total_cap": 16, "approved_ua_total_cap": null, "ua_name": "Bristol, City of" }, "geometry": { "type": "Point", "coordinates": [ -2.603589599999964, 51.458531500000049 ] } },
{ "type": "Feature", "properties": { "park_id": "320028", "active_status": "Active", "audit_status": "Audited - private land", "live_op_total_cap": 8, "approved_ua_total_cap": null, "ua_name": "Bristol, City of" }, "geometry": { "type": "Point", "coordinates": [ -2.575352699999939, 51.447096500000043 ] } },
{ "type": "Feature", "properties": { "park_id": "320029", "active_status": "Active", "audit_status": "Audited - private land", "live_op_total_cap": 10, "approved_ua_total_cap": null, "ua_name": "Bristol, City of" }, "geometry": { "type": "Point", "coordinates": [ -2.523652899999945, 51.471777900000063 ] } },
{ "type": "Feature", "properties": { "park_id": "320030", "active_status": "Active", "audit_status": "Audited - private land", "live_op_total_cap": 20, "approved_ua_total_cap": null, "ua_name": "Bristol, City of" }, "geometry": { "type": "Point", "coordinates": [ -2.604584799999941, 51.450373100000036 ] } },
{ "type": "Feature", "properties": { "park_id": "320031", "active_status": "Active", "audit_status": "Audited - private land", "live_op_total_cap": 15, "approved_ua_total_cap": null, "ua_name": "Bristol, City of" }, "geometry": { "type": "Point", "coordinates": [ -2.617776799999945, 51.433110700000043 ] } },
{ "type": "Feature", "properties": { "park_id": "320032", "active_status": "Active", "audit_status": "Audited - private land", "live_op_total_cap": 20, "approved_ua_total_cap": null, "ua_name": "Bristol, City of" }, "geometry": { "type": "Point", "coordinates": [ -2.543732, 51.483576200000073 ] } },
{ "type": "Feature", "properties": { "park_id": "320033", "active_status": "Active", "audit_status": "Audited - private land", "live_op_total_cap": 20, "approved_ua_total_cap": null, "ua_name": "Bristol, City of" }, "geometry": { "type": "Point", "coordinates": [ -2.566221299999938, 51.445554 ] } },
{ "type": "Feature", "properties": { "park_id": "320034", "active_status": "Active", "audit_status": "Audited - private land", "live_op_total_cap": 40, "approved_ua_total_cap": null, "ua_name": "Bristol, City of" }, "geometry": { "type": "Point", "coordinates": [ -2.59764, 51.447634 ] } },
{ "type": "Feature", "properties": { "park_id": "320035", "active_status": "Active", "audit_status": "Audited - private land", "live_op_total_cap": 25, "approved_ua_total_cap": null, "ua_name": "Bristol, City of" }, "geometry": { "type": "Point", "coordinates": [ -2.559404099999938, 51.44671 ] } },
{ "type": "Feature", "properties": { "park_id": "320036", "active_status": "Inactive (rejected)", "audit_status": "Audited - private land", "live_op_total_cap": 0, "approved_ua_total_cap": null, "ua_name": "Bristol, City of" }, "geometry": { "type": "Point", "coordinates": [ -2.568909, 51.435127700000066 ] } },
{ "type": "Feature", "properties": { "park_id": "320037", "active_status": "Inactive (contact landowner)", "audit_status": "Audited - private land", "live_op_total_cap": 0, "approved_ua_total_cap": null, "ua_name": "Bristol, City of" }, "geometry": { "type": "Point", "coordinates": [ -2.590581199999974, 51.452175700000055 ] } },
{ "type": "Feature", "properties": { "park_id": "320038", "active_status": "Inactive (contact landowner)", "audit_status": "Audited - private land", "live_op_total_cap": 0, "approved_ua_total_cap": null, "ua_name": "Bristol, City of" }, "geometry": { "type": "Point", "coordinates": [ -2.587470599999961, 51.453844700000047 ] } },
{ "type": "Feature", "properties": { "park_id": "320039", "active_status": "Active", "audit_status": "Audited - private land", "live_op_total_cap": 15, "approved_ua_total_cap": null, "ua_name": "Bristol, City of" }, "geometry": { "type": "Point", "coordinates": [ -2.596884299999942, 51.446571100000028 ] } },
{ "type": "Feature", "properties": { "park_id": "320040", "active_status": "Inactive (contact landowner)", "audit_status": "Audited - private land", "live_op_total_cap": 0, "approved_ua_total_cap": null, "ua_name": "Bristol, City of" }, "geometry": { "type": "Point", "coordinates": [ -2.597117299999979, 51.446428 ] } },
{ "type": "Feature", "properties": { "park_id": "320041", "active_status": "Active", "audit_status": "Audited - private land", "live_op_total_cap": 8, "approved_ua_total_cap": null, "ua_name": "Bristol, City of" }, "geometry": { "type": "Point", "coordinates": [ -2.604688, 51.451241 ] } },
{ "type": "Feature", "properties": { "park_id": "320042", "active_status": "Inactive (surplus)", "audit_status": "Audited - private land", "live_op_total_cap": 0, "approved_ua_total_cap": null, "ua_name": "Bristol, City of" }, "geometry": { "type": "Point", "coordinates": [ -2.583707599999968, 51.456420200000082 ] } },
{ "type": "Feature", "properties": { "park_id": "320043", "active_status": "Inactive (contact landowner)", "audit_status": "Audited - private land", "live_op_total_cap": 0, "approved_ua_total_cap": null, "ua_name": "Bristol, City of" }, "geometry": { "type": "Point", "coordinates": [ -2.594798699999956, 51.498748100000057 ] } },
{ "type": "Feature", "properties": { "park_id": "320044", "active_status": "Inactive (rejected)", "audit_status": "Audited - private land", "live_op_total_cap": 0, "approved_ua_total_cap": null, "ua_name": "Bristol, City of" }, "geometry": { "type": "Point", "coordinates": [ -2.584013099999936, 51.456869600000061 ] } },
{ "type": "Feature", "properties": { "park_id": "320045", "active_status": "Inactive (rejected)", "audit_status": "Rejected", "live_op_total_cap": 0, "approved_ua_total_cap": null, "ua_name": "Bristol, City of" }, "geometry": { "type": "Point", "coordinates": [ -2.616236599999979, 51.46887780000003 ] } },
{ "type": "Feature", "properties": { "park_id": "320046", "active_status": "Inactive (contact landowner)", "audit_status": "Audited - private land", "live_op_total_cap": 0, "approved_ua_total_cap": null, "ua_name": "Bristol, City of" }, "geometry": { "type": "Point", "coordinates": [ -2.625219699999946, 51.488754300000039 ] } },
{ "type": "Feature", "properties": { "park_id": "320047", "active_status": "Inactive (rejected)", "audit_status": "Audited - private land", "live_op_total_cap": 0, "approved_ua_total_cap": null, "ua_name": "Bristol, City of" }, "geometry": { "type": "Point", "coordinates": [ -2.595090199999959, 51.456886300000065 ] } },
{ "type": "Feature", "properties": { "park_id": "320048", "active_status": "Active", "audit_status": "Audited - private land", "live_op_total_cap": 8, "approved_ua_total_cap": null, "ua_name": "Bristol, City of" }, "geometry": { "type": "Point", "coordinates": [ -2.581869, 51.478042 ] } },
{ "type": "Feature", "properties": { "park_id": "320049", "active_status": "Active", "audit_status": "Audited - private land", "live_op_total_cap": 22, "approved_ua_total_cap": null, "ua_name": "Bristol, City of" }, "geometry": { "type": "Point", "coordinates": [ -2.580807599999957, 51.477565200000072 ] } },
{ "type": "Feature", "properties": { "park_id": "320050", "active_status": "Inactive (contact landowner)", "audit_status": "Audited - private land", "live_op_total_cap": 0, "approved_ua_total_cap": null, "ua_name": "Bristol, City of" }, "geometry": { "type": "Point", "coordinates": [ -2.515521799999931, 51.489513 ] } },
{ "type": "Feature", "properties": { "park_id": "320051", "active_status": "Inactive (contact landowner)", "audit_status": "Audited - private land", "live_op_total_cap": 0, "approved_ua_total_cap": null, "ua_name": "Bristol, City of" }, "geometry": { "type": "Point", "coordinates": [ -2.613436499999978, 51.456756600000062 ] } },
{ "type": "Feature", "properties": { "park_id": "320052", "active_status": "Inactive (contact landowner)", "audit_status": "Audited - private land", "live_op_total_cap": 0, "approved_ua_total_cap": null, "ua_name": "Bristol, City of" }, "geometry": { "type": "Point", "coordinates": [ -2.579938599999934, 51.462383 ] } },
{ "type": "Feature", "properties": { "park_id": "320053", "active_status": "Inactive (contact landowner)", "audit_status": "Audited - private land", "live_op_total_cap": 0, "approved_ua_total_cap": null, "ua_name": "Bristol, City of" }, "geometry": { "type": "Point", "coordinates": [ -2.596674899999925, 51.450761900000032 ] } },
{ "type": "Feature", "properties": { "park_id": "320054", "active_status": "Active", "audit_status": "Audited - private land", "live_op_total_cap": 6, "approved_ua_total_cap": null, "ua_name": "Bristol, City of" }, "geometry": { "type": "Point", "coordinates": [ -2.61247, 51.484948 ] } },
{ "type": "Feature", "properties": { "park_id": "320055", "active_status": "Inactive (contact landowner)", "audit_status": "Audited - private land", "live_op_total_cap": 0, "approved_ua_total_cap": null, "ua_name": "Bristol, City of" }, "geometry": { "type": "Point", "coordinates": [ -2.568798899999933, 51.454965200000061 ] } },
{ "type": "Feature", "properties": { "park_id": "320056", "active_status": "Active", "audit_status": "Audited - private land", "live_op_total_cap": 9, "approved_ua_total_cap": null, "ua_name": "Bristol, City of" }, "geometry": { "type": "Point", "coordinates": [ -2.569233099999963, 51.455043700000033 ] } },
{ "type": "Feature", "properties": { "park_id": "320057", "active_status": "Active", "audit_status": "Audited - private land", "live_op_total_cap": 5, "approved_ua_total_cap": null, "ua_name": "Bristol, City of" }, "geometry": { "type": "Point", "coordinates": [ -2.570645, 51.453699 ] } },
{ "type": "Feature", "properties": { "park_id": "320058", "active_status": "Deactivated", "audit_status": "Audited - private land", "live_op_total_cap": 0, "approved_ua_total_cap": null, "ua_name": "Bristol, City of" }, "geometry": { "type": "Point", "coordinates": [ -2.574433099999965, 51.45267460000008 ] } },
{ "type": "Feature", "properties": { "park_id": "320059", "active_status": "Inactive (contact landowner)", "audit_status": "Audited - private land", "live_op_total_cap": 0, "approved_ua_total_cap": null, "ua_name": "Bristol, City of" }, "geometry": { "type": "Point", "coordinates": [ -2.599208799999928, 51.41490390000007 ] } },
{ "type": "Feature", "properties": { "park_id": "320060", "active_status": "Inactive (contact landowner)", "audit_status": "Audited - private land", "live_op_total_cap": 0, "approved_ua_total_cap": null, "ua_name": "Bristol, City of" }, "geometry": { "type": "Point", "coordinates": [ -2.596706899999958, 51.444141 ] } },
{ "type": "Feature", "properties": { "park_id": "320061", "active_status": "Active", "audit_status": "Audited - private land", "live_op_total_cap": 7, "approved_ua_total_cap": null, "ua_name": "Bristol, City of" }, "geometry": { "type": "Point", "coordinates": [ -2.594502, 51.44422 ] } },
{ "type": "Feature", "properties": { "park_id": "320062", "active_status": "Inactive (rejected)", "audit_status": "Audited - private land", "live_op_total_cap": 0, "approved_ua_total_cap": null, "ua_name": "Bristol, City of" }, "geometry": { "type": "Point", "coordinates": [ -2.554036499999938, 51.482668500000045 ] } },
{ "type": "Feature", "properties": { "park_id": "320063", "active_status": "Inactive (contact landowner)", "audit_status": "Audited - private land", "live_op_total_cap": 0, "approved_ua_total_cap": null, "ua_name": "Bristol, City of" }, "geometry": { "type": "Point", "coordinates": [ -2.537290299999938, 51.487739500000032 ] } },
{ "type": "Feature", "properties": { "park_id": "320064", "active_status": "Active", "audit_status": "Audited - private land", "live_op_total_cap": 6, "approved_ua_total_cap": null, "ua_name": "Bristol, City of" }, "geometry": { "type": "Point", "coordinates": [ -2.559703, 51.461393 ] } },
{ "type": "Feature", "properties": { "park_id": "320065", "active_status": "Inactive (contact landowner)", "audit_status": "Audited - private land", "live_op_total_cap": 0, "approved_ua_total_cap": null, "ua_name": "Bristol, City of" }, "geometry": { "type": "Point", "coordinates": [ -2.583438799999954, 51.448697500000037 ] } },
{ "type": "Feature", "properties": { "park_id": "320066", "active_status": "Active", "audit_status": "Audited - private land", "live_op_total_cap": 10, "approved_ua_total_cap": null, "ua_name": "Bristol, City of" }, "geometry": { "type": "Point", "coordinates": [ -2.59503, 51.459484 ] } },
{ "type": "Feature", "properties": { "park_id": "320067", "active_status": "Active", "audit_status": "Audited - private land", "live_op_total_cap": 20, "approved_ua_total_cap": null, "ua_name": "Bristol, City of" }, "geometry": { "type": "Point", "coordinates": [ -2.594085, 51.460399 ] } },
{ "type": "Feature", "properties": { "park_id": "320068", "active_status": "Deactivated", "audit_status": "Audited - private land", "live_op_total_cap": 0, "approved_ua_total_cap": null, "ua_name": "Bristol, City of" }, "geometry": { "type": "Point", "coordinates": [ -2.598033499999929, 51.458260600000074 ] } },
{ "type": "Feature", "properties": { "park_id": "320069", "active_status": "Inactive (contact landowner)", "audit_status": "Audited - private land", "live_op_total_cap": 0, "approved_ua_total_cap": null, "ua_name": "Bristol, City of" }, "geometry": { "type": "Point", "coordinates": [ -2.582480299999929, 51.463402900000062 ] } },
{ "type": "Feature", "properties": { "park_id": "320070", "active_status": "Active", "audit_status": "Audited - private land", "live_op_total_cap": 8, "approved_ua_total_cap": null, "ua_name": "Bristol, City of" }, "geometry": { "type": "Point", "coordinates": [ -2.561514, 51.466802 ] } },
{ "type": "Feature", "properties": { "park_id": "320071", "active_status": "Deactivated", "audit_status": "Audited - private land", "live_op_total_cap": 0, "approved_ua_total_cap": null, "ua_name": "Bristol, City of" }, "geometry": { "type": "Point", "coordinates": [ -2.630348799999979, 51.48285 ] } },
{ "type": "Feature", "properties": { "park_id": "320072", "active_status": "Inactive (contact landowner)", "audit_status": "Audited - private land", "live_op_total_cap": 0, "approved_ua_total_cap": null, "ua_name": "Bristol, City of" }, "geometry": { "type": "Point", "coordinates": [ -2.676249599999949, 51.491107 ] } },
{ "type": "Feature", "properties": { "park_id": "320073", "active_status": "Inactive (rejected)", "audit_status": "Audited - private land", "live_op_total_cap": 0, "approved_ua_total_cap": null, "ua_name": "Bristol, City of" }, "geometry": { "type": "Point", "coordinates": [ -2.582884299999932, 51.457620600000041 ] } },
{ "type": "Feature", "properties": { "park_id": "320074", "active_status": "Active", "audit_status": "Audited - private land", "live_op_total_cap": 8, "approved_ua_total_cap": null, "ua_name": "Bristol, City of" }, "geometry": { "type": "Point", "coordinates": [ -2.56216, 51.453891 ] } },
{ "type": "Feature", "properties": { "park_id": "320075", "active_status": "Inactive (contact landowner)", "audit_status": "Audited - private land", "live_op_total_cap": 0, "approved_ua_total_cap": null, "ua_name": "Bristol, City of" }, "geometry": { "type": "Point", "coordinates": [ -2.575621199999944, 51.462516700000037 ] } },
{ "type": "Feature", "properties": { "park_id": "320076", "active_status": "Inactive (contact landowner)", "audit_status": "Audited - private land", "live_op_total_cap": 0, "approved_ua_total_cap": null, "ua_name": "Bristol, City of" }, "geometry": { "type": "Point", "coordinates": [ -2.583119799999963, 51.463662700000043 ] } },
{ "type": "Feature", "properties": { "park_id": "320077", "active_status": "Active", "audit_status": "Audited - private land", "live_op_total_cap": 6, "approved_ua_total_cap": null, "ua_name": "Bristol, City of" }, "geometry": { "type": "Point", "coordinates": [ -2.564963, 51.461635 ] } },
{ "type": "Feature", "properties": { "park_id": "320078", "active_status": "Inactive (contact landowner)", "audit_status": "Audited - private land", "live_op_total_cap": 0, "approved_ua_total_cap": null, "ua_name": "Bristol, City of" }, "geometry": { "type": "Point", "coordinates": [ -2.58956349999994, 51.460616100000038 ] } },
{ "type": "Feature", "properties": { "park_id": "320079", "active_status": "Inactive (contact landowner)", "audit_status": "Audited - private land", "live_op_total_cap": 0, "approved_ua_total_cap": null, "ua_name": "Bristol, City of" }, "geometry": { "type": "Point", "coordinates": [ -2.576741699999957, 51.457829900000036 ] } },
{ "type": "Feature", "properties": { "park_id": "320080", "active_status": "Active", "audit_status": "Audited - private land", "live_op_total_cap": 0, "approved_ua_total_cap": null, "ua_name": "Bristol, City of" }, "geometry": { "type": "Point", "coordinates": [ -2.562024, 51.455969 ] } },
{ "type": "Feature", "properties": { "park_id": "320081", "active_status": "Inactive (rejected)", "audit_status": "Audited - private land", "live_op_total_cap": 0, "approved_ua_total_cap": null, "ua_name": "Bristol, City of" }, "geometry": { "type": "Point", "coordinates": [ -2.53243, 51.43418 ] } },
{ "type": "Feature", "properties": { "park_id": "320082", "active_status": "Active", "audit_status": "Audited - private land", "live_op_total_cap": 6, "approved_ua_total_cap": null, "ua_name": "Bristol, City of" }, "geometry": { "type": "Point", "coordinates": [ -2.550464, 51.433931 ] } },
{ "type": "Feature", "properties": { "park_id": "320083", "active_status": "Active", "audit_status": "Audited - private land", "live_op_total_cap": 8, "approved_ua_total_cap": null, "ua_name": "Bristol, City of" }, "geometry": { "type": "Point", "coordinates": [ -2.622045899999932, 51.440815200000031 ] } },
{ "type": "Feature", "properties": { "park_id": "320084", "active_status": "Inactive (rejected)", "audit_status": "Rejected", "live_op_total_cap": 0, "approved_ua_total_cap": null, "ua_name": "Bristol, City of" }, "geometry": { "type": "Point", "coordinates": [ -2.6241, 51.44044 ] } },
{ "type": "Feature", "properties": { "park_id": "320085", "active_status": "Deactivated", "audit_status": "Audited - private land", "live_op_total_cap": 0, "approved_ua_total_cap": null, "ua_name": "Bristol, City of" }, "geometry": { "type": "Point", "coordinates": [ -2.62239, 51.43892 ] } },
{ "type": "Feature", "properties": { "park_id": "320086", "active_status": "Inactive (contact landowner)", "audit_status": "Audited - private land", "live_op_total_cap": 0, "approved_ua_total_cap": null, "ua_name": "Bristol, City of" }, "geometry": { "type": "Point", "coordinates": [ -2.61361, 51.4564 ] } },
{ "type": "Feature", "properties": { "park_id": "320087", "active_status": "Inactive (contact landowner)", "audit_status": "Audited - private land", "live_op_total_cap": 0, "approved_ua_total_cap": null, "ua_name": "Bristol, City of" }, "geometry": { "type": "Point", "coordinates": [ -2.59095, 51.45877 ] } },
{ "type": "Feature", "properties": { "park_id": "320088", "active_status": "Active", "audit_status": "Audited - private land", "live_op_total_cap": 6, "approved_ua_total_cap": null, "ua_name": "Bristol, City of" }, "geometry": { "type": "Point", "coordinates": [ -2.586316, 51.460108 ] } },
{ "type": "Feature", "properties": { "park_id": "320089", "active_status": "Active", "audit_status": "Audited - private land", "live_op_total_cap": 26, "approved_ua_total_cap": null, "ua_name": "Bristol, City of" }, "geometry": { "type": "Point", "coordinates": [ -2.58525549999996, 51.411366400000077 ] } },
{ "type": "Feature", "properties": { "park_id": "320090", "active_status": "Active", "audit_status": "Audited - private land", "live_op_total_cap": 4, "approved_ua_total_cap": null, "ua_name": "Bristol, City of" }, "geometry": { "type": "Point", "coordinates": [ -2.54495309999993, 51.484192500000063 ] } },
{ "type": "Feature", "properties": { "park_id": "320091", "active_status": "Active", "audit_status": "Audited - private land", "live_op_total_cap": 10, "approved_ua_total_cap": null, "ua_name": "Bristol, City of" }, "geometry": { "type": "Point", "coordinates": [ -2.607210899999927, 51.44859480000008 ] } },
{ "type": "Feature", "properties": { "park_id": "320092", "active_status": "Active", "audit_status": "Audited - private land", "live_op_total_cap": 30, "approved_ua_total_cap": null, "ua_name": "Bristol, City of" }, "geometry": { "type": "Point", "coordinates": [ -2.631938, 51.443041 ] } },
{ "type": "Feature", "properties": { "park_id": "320093", "active_status": "Active", "audit_status": "Audited - private land", "live_op_total_cap": 18, "approved_ua_total_cap": null, "ua_name": "Bristol, City of" }, "geometry": { "type": "Point", "coordinates": [ -2.536213, 51.436512 ] } },
{ "type": "Feature", "properties": { "park_id": "320094", "active_status": "Active", "audit_status": "Audited - private land", "live_op_total_cap": 12, "approved_ua_total_cap": null, "ua_name": "Bristol, City of" }, "geometry": { "type": "Point", "coordinates": [ -2.689675699999952, 51.505141 ] } },
{ "type": "Feature", "properties": { "park_id": "320095", "active_status": "Active", "audit_status": "Audited - private land", "live_op_total_cap": 40, "approved_ua_total_cap": null, "ua_name": "Bristol, City of" }, "geometry": { "type": "Point", "coordinates": [ -2.59864, 51.451234 ] } },
{ "type": "Feature", "properties": { "park_id": "320096", "active_status": "Active", "audit_status": "Audited - private land", "live_op_total_cap": 15, "approved_ua_total_cap": null, "ua_name": "Bristol, City of" }, "geometry": { "type": "Point", "coordinates": [ -2.600316, 51.415023 ] } },
{ "type": "Feature", "properties": { "park_id": "320097", "active_status": "Active", "audit_status": "Audited - private land", "live_op_total_cap": 10, "approved_ua_total_cap": null, "ua_name": "Bristol, City of" }, "geometry": { "type": "Point", "coordinates": [ -2.599079, 51.415022 ] } },
{ "type": "Feature", "properties": { "park_id": "320098", "active_status": "Active", "audit_status": "Audited - private land", "live_op_total_cap": 10, "approved_ua_total_cap": null, "ua_name": "Bristol, City of" }, "geometry": { "type": "Point", "coordinates": [ -2.547551, 51.453001 ] } },
{ "type": "Feature", "properties": { "park_id": "320099", "active_status": "Active", "audit_status": "Audited - private land", "live_op_total_cap": 20, "approved_ua_total_cap": null, "ua_name": "Bristol, City of" }, "geometry": { "type": "Point", "coordinates": [ -2.583086, 51.4874 ] } },
{ "type": "Feature", "properties": { "park_id": "320100", "active_status": "Active", "audit_status": "Audited - private land", "live_op_total_cap": 10, "approved_ua_total_cap": null, "ua_name": "Bristol, City of" }, "geometry": { "type": "Point", "coordinates": [ -2.68671, 51.50273 ] } },
{ "type": "Feature", "properties": { "park_id": "320101", "active_status": "Active", "audit_status": "Audited - private land", "live_op_total_cap": 50, "approved_ua_total_cap": null, "ua_name": "Bristol, City of" }, "geometry": { "type": "Point", "coordinates": [ -2.614369, 51.442817 ] } },
{ "type": "Feature", "properties": { "park_id": "320102", "active_status": "Active", "audit_status": "Audited - private land", "live_op_total_cap": 6, "approved_ua_total_cap": null, "ua_name": "Bristol, City of" }, "geometry": { "type": "Point", "coordinates": [ -2.587583, 51.467635 ] } },
{ "type": "Feature", "properties": { "park_id": "320103", "active_status": "Active", "audit_status": "Audited - private land", "live_op_total_cap": 10, "approved_ua_total_cap": null, "ua_name": "Bristol, City of" }, "geometry": { "type": "Point", "coordinates": [ -2.535101, 51.453318 ] } },
{ "type": "Feature", "properties": { "park_id": "320104", "active_status": "Active", "audit_status": "Audited - private land", "live_op_total_cap": 20, "approved_ua_total_cap": null, "ua_name": "Bristol, City of" }, "geometry": { "type": "Point", "coordinates": [ -2.675927, 51.482603 ] } },
{ "type": "Feature", "properties": { "park_id": "320105", "active_status": "Inactive (undergoing audit process)", "audit_status": "Approved and implement", "live_op_total_cap": null, "approved_ua_total_cap": null, "ua_name": "Bristol, City of" }, "geometry": { "type": "Point", "coordinates": [ -2.535279, 51.451645400000075 ] } },
{ "type": "Feature", "properties": { "park_id": "310505", "active_status": "Active", "audit_status": "Approved and implement", "live_op_total_cap": 23, "approved_ua_total_cap": 23, "ua_name": "Bristol, City of" }, "geometry": { "type": "Point", "coordinates": [ -2.590732, 51.476674 ] } },
{ "type": "Feature", "properties": { "park_id": "210412", "active_status": "Active", "audit_status": "Approved and implement", "live_op_total_cap": null, "approved_ua_total_cap": 8, "ua_name": "South Gloucestershire" }, "geometry": { "type": "Point", "coordinates": [ -2.589204867251932, 51.527158433058979 ] } },
{ "type": "Feature", "properties": { "park_id": "110174", "active_status": "Inactive (undergoing audit process)", "audit_status": "Not yet audited (requested)", "live_op_total_cap": null, "approved_ua_total_cap": null, "ua_name": "Bath and North East Somerset" }, "geometry": { "type": "Point", "coordinates": [ -2.378444444271769, 51.356919841531202 ] } },
{ "type": "Feature", "properties": { "park_id": "220289", "active_status": "Active", "audit_status": "Approved and implement", "live_op_total_cap": 20, "approved_ua_total_cap": null, "ua_name": "South Gloucestershire" }, "geometry": { "type": "Point", "coordinates": [ -2.574127852355541, 51.50662077772197 ] } },
{ "type": "Feature", "properties": { "park_id": "320106", "active_status": "Inactive (undergoing audit process)", "audit_status": "Not yet audited (requested)", "live_op_total_cap": 8, "approved_ua_total_cap": null, "ua_name": "Bristol, City of" }, "geometry": { "type": "Point", "coordinates": [ -2.61503616330472, 51.434343907728788 ] } },
{ "type": "Feature", "properties": { "park_id": "320107", "active_status": "Inactive (undergoing audit process)", "audit_status": "Not yet audited (requested)", "live_op_total_cap": null, "approved_ua_total_cap": null, "ua_name": "Bristol, City of" }, "geometry": { "type": "Point", "coordinates": [ -2.625477234529449, 51.440648375973495 ] } },
{ "type": "Feature", "properties": { "park_id": "110175", "active_status": "Inactive (undergoing audit process)", "audit_status": "Not yet audited (requested)", "live_op_total_cap": null, "approved_ua_total_cap": null, "ua_name": "Bath and North East Somerset" }, "geometry": { "type": "Point", "coordinates": [ -2.361946208398281, 51.389037620801318 ] } },
{ "type": "Feature", "properties": { "park_id": "110176", "active_status": "Inactive (undergoing audit process)", "audit_status": "Not yet audited (requested)", "live_op_total_cap": null, "approved_ua_total_cap": null, "ua_name": "Bath and North East Somerset" }, "geometry": { "type": "Point", "coordinates": [ -2.398513914295907, 51.393715446393863 ] } },
{ "type": "Feature", "properties": { "park_id": "110177", "active_status": "Inactive (undergoing audit process)", "audit_status": "Not yet audited (requested)", "live_op_total_cap": null, "approved_ua_total_cap": null, "ua_name": "Bath and North East Somerset" }, "geometry": { "type": "Point", "coordinates": [ -2.400160920572098, 51.393093198145138 ] } },
{ "type": "Feature", "properties": { "park_id": "110178", "active_status": "Inactive (undergoing audit process)", "audit_status": "Not yet audited (requested)", "live_op_total_cap": null, "approved_ua_total_cap": null, "ua_name": "Bath and North East Somerset" }, "geometry": { "type": "Point", "coordinates": [ -2.358501449558044, 51.392364601505854 ] } },
{ "type": "Feature", "properties": { "park_id": "300544", "active_status": "Active", "audit_status": "Approved and implement", "live_op_total_cap": 40, "approved_ua_total_cap": 40, "ua_name": "Bristol, City of" }, "geometry": { "type": "Point", "coordinates": [ -2.604171466965516, 51.457819202764213 ] } },
{ "type": "Feature", "properties": { "park_id": "310506", "active_status": "Active", "audit_status": "Approved and implement", "live_op_total_cap": 13, "approved_ua_total_cap": 13, "ua_name": "Bristol, City of" }, "geometry": { "type": "Point", "coordinates": [ -2.605063586412002, 51.455252070640555 ] } },
{ "type": "Feature", "properties": { "park_id": "310507", "active_status": "Active", "audit_status": "Approved and implement", "live_op_total_cap": 12, "approved_ua_total_cap": 12, "ua_name": "Bristol, City of" }, "geometry": { "type": "Point", "coordinates": [ -2.606584378874146, 51.455079785990421 ] } },
{ "type": "Feature", "properties": { "park_id": "310508", "active_status": "Active", "audit_status": "Approved and implement", "live_op_total_cap": 23, "approved_ua_total_cap": 23, "ua_name": "Bristol, City of" }, "geometry": { "type": "Point", "coordinates": [ -2.564120126017252, 51.456026974994387 ] } },
{ "type": "Feature", "properties": { "park_id": "310509", "active_status": "Active", "audit_status": "Approved and implement", "live_op_total_cap": 16, "approved_ua_total_cap": 16, "ua_name": "Bristol, City of" }, "geometry": { "type": "Point", "coordinates": [ -2.595821113821542, 51.442227475542886 ] } },
{ "type": "Feature", "properties": { "park_id": "310510", "active_status": "Active", "audit_status": "Approved and implement", "live_op_total_cap": 12, "approved_ua_total_cap": 12, "ua_name": "Bristol, City of" }, "geometry": { "type": "Point", "coordinates": [ -2.59562648406943, 51.44113999446035 ] } },
{ "type": "Feature", "properties": { "park_id": "310511", "active_status": "Active", "audit_status": "Approved and implement", "live_op_total_cap": 40, "approved_ua_total_cap": 40, "ua_name": "Bristol, City of" }, "geometry": { "type": "Point", "coordinates": [ -2.589714200960572, 51.455666629048736 ] } },
{ "type": "Feature", "properties": { "park_id": "310512", "active_status": "Active", "audit_status": "Approved and implement", "live_op_total_cap": 23, "approved_ua_total_cap": 23, "ua_name": "Bristol, City of" }, "geometry": { "type": "Point", "coordinates": [ -2.587400664490394, 51.460504669210771 ] } },
{ "type": "Feature", "properties": { "park_id": "310513", "active_status": "Active", "audit_status": "Approved and implement", "live_op_total_cap": 23, "approved_ua_total_cap": 23, "ua_name": "Bristol, City of" }, "geometry": { "type": "Point", "coordinates": [ -2.58547434075737, 51.464145742641826 ] } },
{ "type": "Feature", "properties": { "park_id": "310514", "active_status": "Active", "audit_status": "Approved and implement", "live_op_total_cap": 23, "approved_ua_total_cap": 23, "ua_name": "Bristol, City of" }, "geometry": { "type": "Point", "coordinates": [ -2.605529308476659, 51.462276176348347 ] } },
{ "type": "Feature", "properties": { "park_id": "310515", "active_status": "Active", "audit_status": "Approved and implement", "live_op_total_cap": 23, "approved_ua_total_cap": 23, "ua_name": "Bristol, City of" }, "geometry": { "type": "Point", "coordinates": [ -2.592629613249622, 51.460054796940874 ] } },
{ "type": "Feature", "properties": { "park_id": "310516", "active_status": "Active", "audit_status": "Approved and implement", "live_op_total_cap": 23, "approved_ua_total_cap": 23, "ua_name": "Bristol, City of" }, "geometry": { "type": "Point", "coordinates": [ -2.588832685931519, 51.461153962329931 ] } },
{ "type": "Feature", "properties": { "park_id": "310517", "active_status": "Active", "audit_status": "Approved and implement", "live_op_total_cap": 8, "approved_ua_total_cap": 8, "ua_name": "Bristol, City of" }, "geometry": { "type": "Point", "coordinates": [ -2.688632670377427, 51.490072251035571 ] } },
{ "type": "Feature", "properties": { "park_id": "310518", "active_status": "Active", "audit_status": "Approved and implement", "live_op_total_cap": 23, "approved_ua_total_cap": 23, "ua_name": "Bristol, City of" }, "geometry": { "type": "Point", "coordinates": [ -2.590487283068755, 51.462531803703349 ] } },
{ "type": "Feature", "properties": { "park_id": "310519", "active_status": "Active", "audit_status": "Approved and implement", "live_op_total_cap": 12, "approved_ua_total_cap": 12, "ua_name": "Bristol, City of" }, "geometry": { "type": "Point", "coordinates": [ -2.595526636883553, 51.440150498797273 ] } },
{ "type": "Feature", "properties": { "park_id": "300154", "active_status": "Active", "audit_status": "Approved and implement", "live_op_total_cap": null, "approved_ua_total_cap": 22, "ua_name": "Bristol, City of" }, "geometry": { "type": "Point", "coordinates": [ -2.586695787236008, 51.455444740570719 ] } },
{ "type": "Feature", "properties": { "park_id": "310520", "active_status": "Active", "audit_status": "Approved and implement", "live_op_total_cap": 12, "approved_ua_total_cap": 12, "ua_name": "Bristol, City of" }, "geometry": { "type": "Point", "coordinates": [ -2.597912359736126, 51.461613592355619 ] } },
{ "type": "Feature", "properties": { "park_id": "310521", "active_status": "Active", "audit_status": "Approved and implement", "live_op_total_cap": 35, "approved_ua_total_cap": 35, "ua_name": "Bristol, City of" }, "geometry": { "type": "Point", "coordinates": [ -2.600516929610972, 51.45344214406024 ] } },
{ "type": "Feature", "properties": { "park_id": "310522", "active_status": "Active", "audit_status": "Approved and implement", "live_op_total_cap": 25, "approved_ua_total_cap": 25, "ua_name": "Bristol, City of" }, "geometry": { "type": "Point", "coordinates": [ -2.620815155538867, 51.450386433746559 ] } },
{ "type": "Feature", "properties": { "park_id": "310523", "active_status": "Active", "audit_status": "Approved and implement", "live_op_total_cap": 12, "approved_ua_total_cap": 12, "ua_name": "Bristol, City of" }, "geometry": { "type": "Point", "coordinates": [ -2.618568269734467, 51.449434772462268 ] } },
{ "type": "Feature", "properties": { "park_id": "300127", "active_status": "Active", "audit_status": "Approved and implement", "live_op_total_cap": null, "approved_ua_total_cap": 22, "ua_name": "Bristol, City of" }, "geometry": { "type": "Point", "coordinates": [ -2.588486497255364, 51.466531862901626 ] } },
{ "type": "Feature", "properties": { "park_id": "310524", "active_status": "Active", "audit_status": "Approved and implement", "live_op_total_cap": 12, "approved_ua_total_cap": 12, "ua_name": "Bristol, City of" }, "geometry": { "type": "Point", "coordinates": [ -2.595074506724498, 51.441436976740903 ] } },
{ "type": "Feature", "properties": { "park_id": "310525", "active_status": "Active", "audit_status": "Approved and implement", "live_op_total_cap": 21, "approved_ua_total_cap": 21, "ua_name": "Bristol, City of" }, "geometry": { "type": "Point", "coordinates": [ -2.606925478299412, 51.457887740334044 ] } },
{ "type": "Feature", "properties": { "park_id": "310526", "active_status": "Active", "audit_status": "Approved and implement", "live_op_total_cap": 24, "approved_ua_total_cap": 24, "ua_name": "Bristol, City of" }, "geometry": { "type": "Point", "coordinates": [ -2.609688305911327, 51.456757602378936 ] } },
{ "type": "Feature", "properties": { "park_id": "310527", "active_status": "Active", "audit_status": "Approved and implement", "live_op_total_cap": 23, "approved_ua_total_cap": 23, "ua_name": "Bristol, City of" }, "geometry": { "type": "Point", "coordinates": [ -2.601614966981661, 51.45931248422707 ] } },
{ "type": "Feature", "properties": { "park_id": "310528", "active_status": "Active", "audit_status": "Approved and implement", "live_op_total_cap": 12, "approved_ua_total_cap": 12, "ua_name": "Bristol, City of" }, "geometry": { "type": "Point", "coordinates": [ -2.618151988711477, 51.452165853237261 ] } },
{ "type": "Feature", "properties": { "park_id": "310529", "active_status": "Active", "audit_status": "Approved and implement", "live_op_total_cap": 12, "approved_ua_total_cap": 12, "ua_name": "Bristol, City of" }, "geometry": { "type": "Point", "coordinates": [ -2.619275266572225, 51.459565293832618 ] } },
{ "type": "Feature", "properties": { "park_id": "310530", "active_status": "Active", "audit_status": "Approved and implement", "live_op_total_cap": 12, "approved_ua_total_cap": 12, "ua_name": "Bristol, City of" }, "geometry": { "type": "Point", "coordinates": [ -2.617528549346262, 51.468565803447291 ] } },
{ "type": "Feature", "properties": { "park_id": "300604", "active_status": "Active", "audit_status": "Approved and implement", "live_op_total_cap": null, "approved_ua_total_cap": 12, "ua_name": "Bristol, City of" }, "geometry": { "type": "Point", "coordinates": [ -2.600227618385058, 51.462646272727824 ] } },
{ "type": "Feature", "properties": { "park_id": "310531", "active_status": "Active", "audit_status": "Approved and implement", "live_op_total_cap": 12, "approved_ua_total_cap": 12, "ua_name": "Bristol, City of" }, "geometry": { "type": "Point", "coordinates": [ -2.59693163754518, 51.461934535348064 ] } },
{ "type": "Feature", "properties": { "park_id": "310532", "active_status": "Active", "audit_status": "Approved and implement", "live_op_total_cap": 20, "approved_ua_total_cap": 20, "ua_name": "Bristol, City of" }, "geometry": { "type": "Point", "coordinates": [ -2.623409292480033, 51.462728692520614 ] } },
{ "type": "Feature", "properties": { "park_id": "310533", "active_status": "Active", "audit_status": "Approved and implement", "live_op_total_cap": 15, "approved_ua_total_cap": 15, "ua_name": "Bristol, City of" }, "geometry": { "type": "Point", "coordinates": [ -2.595005452706928, 51.453714400846593 ] } },
{ "type": "Feature", "properties": { "park_id": "110179", "active_status": "Inactive (undergoing audit process)", "audit_status": "Not yet audited (requested)", "live_op_total_cap": null, "approved_ua_total_cap": 8, "ua_name": "Bath and North East Somerset" }, "geometry": { "type": "Point", "coordinates": [ -2.30091612900783, 51.400189993148231 ] } },
{ "type": "Feature", "properties": { "park_id": "110180", "active_status": "Inactive (undergoing audit process)", "audit_status": "Approved pending infrastructure", "live_op_total_cap": null, "approved_ua_total_cap": null, "ua_name": "Bath and North East Somerset" }, "geometry": { "type": "Point", "coordinates": [ -2.346010000036575, 51.401649999979377 ] } },
{ "type": "Feature", "properties": { "park_id": "300805", "active_status": "Active", "audit_status": "Approved and implement", "live_op_total_cap": 3, "approved_ua_total_cap": 3, "ua_name": "Bristol, City of" }, "geometry": { "type": "Point", "coordinates": [ -2.571441799999945, 51.422160200000064 ] } },
{ "type": "Feature", "properties": { "park_id": "300806", "active_status": "Active", "audit_status": "Approved and implement", "live_op_total_cap": 4, "approved_ua_total_cap": 4, "ua_name": "Bristol, City of" }, "geometry": { "type": "Point", "coordinates": [ -2.59870959999995, 51.40696 ] } },
{ "type": "Feature", "properties": { "park_id": "300807", "active_status": "Inactive (rejected)", "audit_status": "Rejected", "live_op_total_cap": 0, "approved_ua_total_cap": 0, "ua_name": "Bristol, City of" }, "geometry": { "type": "Point", "coordinates": [ -2.60066, 51.40412 ] } },
{ "type": "Feature", "properties": { "park_id": "300808", "active_status": "Active", "audit_status": "Approved and implement", "live_op_total_cap": 10, "approved_ua_total_cap": 10, "ua_name": "Bristol, City of" }, "geometry": { "type": "Point", "coordinates": [ -2.600108899999952, 51.406973100000073 ] } },
{ "type": "Feature", "properties": { "park_id": "300809", "active_status": "Deactivated", "audit_status": "Rejected", "live_op_total_cap": 0, "approved_ua_total_cap": 6, "ua_name": "Bristol, City of" }, "geometry": { "type": "Point", "coordinates": [ -2.62208, 51.40694 ] } },
{ "type": "Feature", "properties": { "park_id": "300810", "active_status": "Inactive (surplus)", "audit_status": "Approved and implement", "live_op_total_cap": 0, "approved_ua_total_cap": 0, "ua_name": "Bristol, City of" }, "geometry": { "type": "Point", "coordinates": [ -2.61352, 51.40752 ] } },
{ "type": "Feature", "properties": { "park_id": "300811", "active_status": "Active", "audit_status": "Make changes and resubmit", "live_op_total_cap": 4, "approved_ua_total_cap": 4, "ua_name": "Bristol, City of" }, "geometry": { "type": "Point", "coordinates": [ -2.58279, 51.405264300000056 ] } },
{ "type": "Feature", "properties": { "park_id": "300812", "active_status": "Active", "audit_status": "Approved and implement", "live_op_total_cap": 4, "approved_ua_total_cap": 4, "ua_name": "Bristol, City of" }, "geometry": { "type": "Point", "coordinates": [ -2.582012499999962, 51.406086300000027 ] } },
{ "type": "Feature", "properties": { "park_id": "300813", "active_status": "Active", "audit_status": "Approved and implement", "live_op_total_cap": 8, "approved_ua_total_cap": 8, "ua_name": "Bristol, City of" }, "geometry": { "type": "Point", "coordinates": [ -2.563041, 51.425978600000064 ] } },
{ "type": "Feature", "properties": { "park_id": "300814", "active_status": "Deactivated", "audit_status": "Rejected", "live_op_total_cap": 0, "approved_ua_total_cap": 0, "ua_name": "Bristol, City of" }, "geometry": { "type": "Point", "coordinates": [ -2.588289498999927, 51.411415100000056 ] } },
{ "type": "Feature", "properties": { "park_id": "300815", "active_status": "Deactivated", "audit_status": "Rejected", "live_op_total_cap": 0, "approved_ua_total_cap": 0, "ua_name": "Bristol, City of" }, "geometry": { "type": "Point", "coordinates": [ -2.60805, 51.4337 ] } },
{ "type": "Feature", "properties": { "park_id": "300816", "active_status": "Inactive (rejected)", "audit_status": "Rejected", "live_op_total_cap": null, "approved_ua_total_cap": 0, "ua_name": "Bristol, City of" }, "geometry": { "type": "Point", "coordinates": [ -2.599256276999938, 51.446269990000076 ] } },
{ "type": "Feature", "properties": { "park_id": "300818", "active_status": "Inactive (rejected)", "audit_status": "Rejected", "live_op_total_cap": null, "approved_ua_total_cap": 0, "ua_name": "Bristol, City of" }, "geometry": { "type": "Point", "coordinates": [ -2.607340335999936, 51.448490140000047 ] } },
{ "type": "Feature", "properties": { "park_id": "300819", "active_status": "Inactive (rejected)", "audit_status": "Rejected", "live_op_total_cap": null, "approved_ua_total_cap": 0, "ua_name": "Bristol, City of" }, "geometry": { "type": "Point", "coordinates": [ -2.581619262999936, 51.440757750000046 ] } },
{ "type": "Feature", "properties": { "park_id": "300820", "active_status": "Active", "audit_status": "Make changes and resubmit", "live_op_total_cap": 4, "approved_ua_total_cap": 4, "ua_name": "Bristol, City of" }, "geometry": { "type": "Point", "coordinates": [ -2.63760549999995, 51.510291100000074 ] } },
{ "type": "Feature", "properties": { "park_id": "300821", "active_status": "Active", "audit_status": "Approved and implement", "live_op_total_cap": 6, "approved_ua_total_cap": 6, "ua_name": "Bristol, City of" }, "geometry": { "type": "Point", "coordinates": [ -2.622092399999929, 51.493099200000074 ] } },
{ "type": "Feature", "properties": { "park_id": "300822", "active_status": "Active", "audit_status": "Approved and implement", "live_op_total_cap": 6, "approved_ua_total_cap": 6, "ua_name": "Bristol, City of" }, "geometry": { "type": "Point", "coordinates": [ -2.619845699999928, 51.496711 ] } },
{ "type": "Feature", "properties": { "park_id": "300823", "active_status": "Active", "audit_status": "Approved and implement", "live_op_total_cap": 10, "approved_ua_total_cap": 10, "ua_name": "Bristol, City of" }, "geometry": { "type": "Point", "coordinates": [ -2.623846599999979, 51.463788200000067 ] } },
{ "type": "Feature", "properties": { "park_id": "300824", "active_status": "Deactivated", "audit_status": "Rejected", "live_op_total_cap": 0, "approved_ua_total_cap": 0, "ua_name": "Bristol, City of" }, "geometry": { "type": "Point", "coordinates": [ -2.5573, 51.42637 ] } },
{ "type": "Feature", "properties": { "park_id": "300825", "active_status": "Active", "audit_status": "Make changes and resubmit", "live_op_total_cap": 6, "approved_ua_total_cap": 0, "ua_name": "Bristol, City of" }, "geometry": { "type": "Point", "coordinates": [ -2.543535799999972, 51.426242400000035 ] } },
{ "type": "Feature", "properties": { "park_id": "300826", "active_status": "Active", "audit_status": "Approved and implement", "live_op_total_cap": 4, "approved_ua_total_cap": 4, "ua_name": "Bristol, City of" }, "geometry": { "type": "Point", "coordinates": [ -2.554204299999981, 51.436110700000029 ] } },
{ "type": "Feature", "properties": { "park_id": "300828", "active_status": "Active", "audit_status": "Make changes and resubmit", "live_op_total_cap": 6, "approved_ua_total_cap": 6, "ua_name": "Bristol, City of" }, "geometry": { "type": "Point", "coordinates": [ -2.55265309999993, 51.454372600000056 ] } },
{ "type": "Feature", "properties": { "park_id": "300829", "active_status": "Active", "audit_status": "Make changes and resubmit", "live_op_total_cap": 6, "approved_ua_total_cap": 6, "ua_name": "Bristol, City of" }, "geometry": { "type": "Point", "coordinates": [ -2.552831, 51.453765 ] } },
{ "type": "Feature", "properties": { "park_id": "300830", "active_status": "Active", "audit_status": "Make changes and resubmit", "live_op_total_cap": 4, "approved_ua_total_cap": 4, "ua_name": "Bristol, City of" }, "geometry": { "type": "Point", "coordinates": [ -2.570192, 51.461224 ] } },
{ "type": "Feature", "properties": { "park_id": "300831", "active_status": "Active", "audit_status": "Approved and implement", "live_op_total_cap": 8, "approved_ua_total_cap": 8, "ua_name": "Bristol, City of" }, "geometry": { "type": "Point", "coordinates": [ -2.575516199999925, 51.447938900000054 ] } },
{ "type": "Feature", "properties": { "park_id": "300832", "active_status": "Active", "audit_status": "Approved and implement", "live_op_total_cap": 8, "approved_ua_total_cap": 8, "ua_name": "Bristol, City of" }, "geometry": { "type": "Point", "coordinates": [ -2.529483099999936, 51.478760100000045 ] } },
{ "type": "Feature", "properties": { "park_id": "300833", "active_status": "Active", "audit_status": "Make changes and implement", "live_op_total_cap": 6, "approved_ua_total_cap": 6, "ua_name": "Bristol, City of" }, "geometry": { "type": "Point", "coordinates": [ -2.546408, 51.470896800000048 ] } },
{ "type": "Feature", "properties": { "park_id": "300834", "active_status": "Deactivated", "audit_status": "Rejected", "live_op_total_cap": 0, "approved_ua_total_cap": 0, "ua_name": "Bristol, City of" }, "geometry": { "type": "Point", "coordinates": [ -2.56443, 51.4675 ] } },
{ "type": "Feature", "properties": { "park_id": "300835", "active_status": "Deactivated", "audit_status": "Rejected", "live_op_total_cap": 0, "approved_ua_total_cap": 0, "ua_name": "Bristol, City of" }, "geometry": { "type": "Point", "coordinates": [ -2.57789, 51.4693 ] } },
{ "type": "Feature", "properties": { "park_id": "300836", "active_status": "Active", "audit_status": "Approved and implement", "live_op_total_cap": 10, "approved_ua_total_cap": 10, "ua_name": "Bristol, City of" }, "geometry": { "type": "Point", "coordinates": [ -2.57981019999994, 51.469697600000075 ] } },
{ "type": "Feature", "properties": { "park_id": "300837", "active_status": "Active", "audit_status": "Make changes and resubmit", "live_op_total_cap": 8, "approved_ua_total_cap": 8, "ua_name": "Bristol, City of" }, "geometry": { "type": "Point", "coordinates": [ -2.583393299999955, 51.492148300000053 ] } },
{ "type": "Feature", "properties": { "park_id": "300838", "active_status": "Active", "audit_status": "Approved and implement", "live_op_total_cap": 8, "approved_ua_total_cap": 8, "ua_name": "Bristol, City of" }, "geometry": { "type": "Point", "coordinates": [ -2.584942, 51.493102 ] } },
{ "type": "Feature", "properties": { "park_id": "300839", "active_status": "Active", "audit_status": "Make changes and resubmit", "live_op_total_cap": 8, "approved_ua_total_cap": 8, "ua_name": "Bristol, City of" }, "geometry": { "type": "Point", "coordinates": [ -2.574966099999926, 51.497993600000029 ] } },
{ "type": "Feature", "properties": { "park_id": "300840", "active_status": "Deactivated", "audit_status": "Rejected", "live_op_total_cap": 0, "approved_ua_total_cap": 0, "ua_name": "Bristol, City of" }, "geometry": { "type": "Point", "coordinates": [ -2.587208099999941, 51.498160800000051 ] } },
{ "type": "Feature", "properties": { "park_id": "310001", "active_status": "Active", "audit_status": "Approved and implement", "live_op_total_cap": 6, "approved_ua_total_cap": 6, "ua_name": "Bristol, City of" }, "geometry": { "type": "Point", "coordinates": [ -2.543798, 51.450814900000069 ] } },
{ "type": "Feature", "properties": { "park_id": "310002", "active_status": "Active", "audit_status": "Approved and implement", "live_op_total_cap": 6, "approved_ua_total_cap": 6, "ua_name": "Bristol, City of" }, "geometry": { "type": "Point", "coordinates": [ -2.538447499999961, 51.451180400000055 ] } },
{ "type": "Feature", "properties": { "park_id": "310003", "active_status": "Inactive (rejected)", "audit_status": "Rejected", "live_op_total_cap": 0, "approved_ua_total_cap": 0, "ua_name": "Bristol, City of" }, "geometry": { "type": "Point", "coordinates": [ -2.54744, 51.44663 ] } },
{ "type": "Feature", "properties": { "park_id": "310004", "active_status": "Inactive (surplus)", "audit_status": "Approved and implement", "live_op_total_cap": 0, "approved_ua_total_cap": 6, "ua_name": "Bristol, City of" }, "geometry": { "type": "Point", "coordinates": [ -2.54526, 51.4478 ] } },
{ "type": "Feature", "properties": { "park_id": "310005", "active_status": "Active", "audit_status": "Approved and implement", "live_op_total_cap": 6, "approved_ua_total_cap": 6, "ua_name": "Bristol, City of" }, "geometry": { "type": "Point", "coordinates": [ -2.548968599999967, 51.444979800000056 ] } },
{ "type": "Feature", "properties": { "park_id": "310006", "active_status": "Active", "audit_status": "Approved and implement", "live_op_total_cap": 4, "approved_ua_total_cap": 4, "ua_name": "Bristol, City of" }, "geometry": { "type": "Point", "coordinates": [ -2.552041599999939, 51.444834800000081 ] } },
{ "type": "Feature", "properties": { "park_id": "310007", "active_status": "Active", "audit_status": "Approved and implement", "live_op_total_cap": 4, "approved_ua_total_cap": 4, "ua_name": "Bristol, City of" }, "geometry": { "type": "Point", "coordinates": [ -2.540329199999974, 51.454273600000079 ] } },
{ "type": "Feature", "properties": { "park_id": "310008", "active_status": "Active", "audit_status": "Approved and implement", "live_op_total_cap": 12, "approved_ua_total_cap": 12, "ua_name": "Bristol, City of" }, "geometry": { "type": "Point", "coordinates": [ -2.60257729999995, 51.412130500000046 ] } },
{ "type": "Feature", "properties": { "park_id": "310009", "active_status": "Inactive (surplus)", "audit_status": "Approved and implement", "live_op_total_cap": 0, "approved_ua_total_cap": 12, "ua_name": "Bristol, City of" }, "geometry": { "type": "Point", "coordinates": [ -2.602787199999966, 51.411507200000074 ] } },
{ "type": "Feature", "properties": { "park_id": "310010", "active_status": "Active", "audit_status": "Make changes and resubmit", "live_op_total_cap": 10, "approved_ua_total_cap": 10, "ua_name": "Bristol, City of" }, "geometry": { "type": "Point", "coordinates": [ -2.597828, 51.406605 ] } },
{ "type": "Feature", "properties": { "park_id": "310011", "active_status": "Inactive (rejected)", "audit_status": "Rejected", "live_op_total_cap": 0, "approved_ua_total_cap": 0, "ua_name": "Bristol, City of" }, "geometry": { "type": "Point", "coordinates": [ -2.592009599999926, 51.406572400000073 ] } },
{ "type": "Feature", "properties": { "park_id": "310012", "active_status": "Active", "audit_status": "Make changes and resubmit", "live_op_total_cap": 6, "approved_ua_total_cap": 6, "ua_name": "Bristol, City of" }, "geometry": { "type": "Point", "coordinates": [ -2.613314099999968, 51.407505900000046 ] } },
{ "type": "Feature", "properties": { "park_id": "310013", "active_status": "Deactivated", "audit_status": "Approved and implement", "live_op_total_cap": 0, "approved_ua_total_cap": 9, "ua_name": "Bristol, City of" }, "geometry": { "type": "Point", "coordinates": [ -2.591947499999947, 51.406802 ] } },
{ "type": "Feature", "properties": { "park_id": "310014", "active_status": "Active", "audit_status": "Approved and implement", "live_op_total_cap": 12, "approved_ua_total_cap": 12, "ua_name": "Bristol, City of" }, "geometry": { "type": "Point", "coordinates": [ -2.601578899999936, 51.404159400000026 ] } },
{ "type": "Feature", "properties": { "park_id": "310015", "active_status": "Inactive (rejected)", "audit_status": "Rejected", "live_op_total_cap": 0, "approved_ua_total_cap": 0, "ua_name": "Bristol, City of" }, "geometry": { "type": "Point", "coordinates": [ -2.602453299999979, 51.41238020000003 ] } },
{ "type": "Feature", "properties": { "park_id": "310016", "active_status": "Active", "audit_status": "Make changes and resubmit", "live_op_total_cap": 9, "approved_ua_total_cap": 9, "ua_name": "Bristol, City of" }, "geometry": { "type": "Point", "coordinates": [ -2.602803699999924, 51.411205100000075 ] } },
{ "type": "Feature", "properties": { "park_id": "310017", "active_status": "Deactivated", "audit_status": "Rejected", "live_op_total_cap": 0, "approved_ua_total_cap": 7, "ua_name": "Bristol, City of" }, "geometry": { "type": "Point", "coordinates": [ -2.611693099999968, 51.405557100000067 ] } },
{ "type": "Feature", "properties": { "park_id": "310018", "active_status": "Deactivated", "audit_status": "Rejected", "live_op_total_cap": 0, "approved_ua_total_cap": 4, "ua_name": "Bristol, City of" }, "geometry": { "type": "Point", "coordinates": [ -2.612426699999958, 51.406668100000047 ] } },
{ "type": "Feature", "properties": { "park_id": "310019", "active_status": "Active", "audit_status": "Approved and implement", "live_op_total_cap": 8, "approved_ua_total_cap": 8, "ua_name": "Bristol, City of" }, "geometry": { "type": "Point", "coordinates": [ -2.612085299999933, 51.40648850000008 ] } },
{ "type": "Feature", "properties": { "park_id": "310020", "active_status": "Inactive (rejected)", "audit_status": "Rejected", "live_op_total_cap": 0, "approved_ua_total_cap": 0, "ua_name": "Bristol, City of" }, "geometry": { "type": "Point", "coordinates": [ -2.62267769999994, 51.40457 ] } },
{ "type": "Feature", "properties": { "park_id": "310021", "active_status": "Active", "audit_status": "Make changes and resubmit", "live_op_total_cap": 4, "approved_ua_total_cap": 4, "ua_name": "Bristol, City of" }, "geometry": { "type": "Point", "coordinates": [ -2.622774399999969, 51.404581500000063 ] } },
{ "type": "Feature", "properties": { "park_id": "310022", "active_status": "Active", "audit_status": "Make changes and implement", "live_op_total_cap": 4, "approved_ua_total_cap": 4, "ua_name": "Bristol, City of" }, "geometry": { "type": "Point", "coordinates": [ -2.606033399999944, 51.406961900000056 ] } },
{ "type": "Feature", "properties": { "park_id": "310023", "active_status": "Active", "audit_status": "Ready for UA review", "live_op_total_cap": 0, "approved_ua_total_cap": 0, "ua_name": "Bristol, City of" }, "geometry": { "type": "Point", "coordinates": [ -2.585627, 51.437928400000033 ] } },
{ "type": "Feature", "properties": { "park_id": "310024", "active_status": "Deactivated", "audit_status": "Approved and implement", "live_op_total_cap": 0, "approved_ua_total_cap": 8, "ua_name": "Bristol, City of" }, "geometry": { "type": "Point", "coordinates": [ -2.611260099999924, 51.411999900000069 ] } },
{ "type": "Feature", "properties": { "park_id": "310025", "active_status": "Inactive (rejected)", "audit_status": "Rejected", "live_op_total_cap": 0, "approved_ua_total_cap": 0, "ua_name": "Bristol, City of" }, "geometry": { "type": "Point", "coordinates": [ -2.600105199999973, 51.41483960000005 ] } },
{ "type": "Feature", "properties": { "park_id": "310026", "active_status": "Deactivated", "audit_status": "Approved and implement", "live_op_total_cap": 0, "approved_ua_total_cap": 5, "ua_name": "Bristol, City of" }, "geometry": { "type": "Point", "coordinates": [ -2.606902299999945, 51.417139300000031 ] } },
{ "type": "Feature", "properties": { "park_id": "310028", "active_status": "Active", "audit_status": "Make changes and resubmit", "live_op_total_cap": 4, "approved_ua_total_cap": 4, "ua_name": "Bristol, City of" }, "geometry": { "type": "Point", "coordinates": [ -2.61683759999994, 51.413309 ] } },
{ "type": "Feature", "properties": { "park_id": "310029", "active_status": "Inactive (rejected)", "audit_status": "Rejected", "live_op_total_cap": 0, "approved_ua_total_cap": 0, "ua_name": "Bristol, City of" }, "geometry": { "type": "Point", "coordinates": [ -2.598702799999955, 51.415119400000037 ] } },
{ "type": "Feature", "properties": { "park_id": "310030", "active_status": "Active", "audit_status": "Approved and implement", "live_op_total_cap": 4, "approved_ua_total_cap": 4, "ua_name": "Bristol, City of" }, "geometry": { "type": "Point", "coordinates": [ -2.616029, 51.41364 ] } },
{ "type": "Feature", "properties": { "park_id": "310031", "active_status": "Inactive (rejected)", "audit_status": "Rejected", "live_op_total_cap": 0, "approved_ua_total_cap": 0, "ua_name": "Bristol, City of" }, "geometry": { "type": "Point", "coordinates": [ -2.597035699999935, 51.415697200000068 ] } },
{ "type": "Feature", "properties": { "park_id": "310032", "active_status": "Deactivated", "audit_status": "Approved and implement", "live_op_total_cap": 0, "approved_ua_total_cap": 4, "ua_name": "Bristol, City of" }, "geometry": { "type": "Point", "coordinates": [ -2.60552, 51.41787 ] } },
{ "type": "Feature", "properties": { "park_id": "310033", "active_status": "Inactive (rejected)", "audit_status": "Rejected", "live_op_total_cap": 0, "approved_ua_total_cap": 0, "ua_name": "Bristol, City of" }, "geometry": { "type": "Point", "coordinates": [ -2.573629199999971, 51.424956800000075 ] } },
{ "type": "Feature", "properties": { "park_id": "310034", "active_status": "Active", "audit_status": "Approved and implement", "live_op_total_cap": 10, "approved_ua_total_cap": 10, "ua_name": "Bristol, City of" }, "geometry": { "type": "Point", "coordinates": [ -2.573820499999954, 51.424757200000045 ] } },
{ "type": "Feature", "properties": { "park_id": "310035", "active_status": "Inactive (rejected)", "audit_status": "Rejected", "live_op_total_cap": 0, "approved_ua_total_cap": 0, "ua_name": "Bristol, City of" }, "geometry": { "type": "Point", "coordinates": [ -2.5974, 51.415820600000075 ] } },
{ "type": "Feature", "properties": { "park_id": "310036", "active_status": "Active", "audit_status": "Approved and implement", "live_op_total_cap": 10, "approved_ua_total_cap": 10, "ua_name": "Bristol, City of" }, "geometry": { "type": "Point", "coordinates": [ -2.612822299999948, 51.413934600000061 ] } },
{ "type": "Feature", "properties": { "park_id": "310037", "active_status": "Inactive (rejected)", "audit_status": "Rejected", "live_op_total_cap": 0, "approved_ua_total_cap": 0, "ua_name": "Bristol, City of" }, "geometry": { "type": "Point", "coordinates": [ -2.579676499999948, 51.444938900000068 ] } },
{ "type": "Feature", "properties": { "park_id": "310038", "active_status": "Active", "audit_status": "Approved and implement", "live_op_total_cap": 10, "approved_ua_total_cap": 10, "ua_name": "Bristol, City of" }, "geometry": { "type": "Point", "coordinates": [ -2.577952899999957, 51.441614800000082 ] } },
{ "type": "Feature", "properties": { "park_id": "310039", "active_status": "Active", "audit_status": "Approved and implement", "live_op_total_cap": 8, "approved_ua_total_cap": 8, "ua_name": "Bristol, City of" }, "geometry": { "type": "Point", "coordinates": [ -2.581689199999971, 51.440916 ] } },
{ "type": "Feature", "properties": { "park_id": "310040", "active_status": "Deactivated", "audit_status": "Rejected", "live_op_total_cap": 0, "approved_ua_total_cap": 4, "ua_name": "Bristol, City of" }, "geometry": { "type": "Point", "coordinates": [ -2.581928199999936, 51.440590600000064 ] } },
{ "type": "Feature", "properties": { "park_id": "310041", "active_status": "Inactive (rejected)", "audit_status": "Rejected", "live_op_total_cap": 0, "approved_ua_total_cap": 0, "ua_name": "Bristol, City of" }, "geometry": { "type": "Point", "coordinates": [ -2.573378499999933, 51.439864200000045 ] } },
{ "type": "Feature", "properties": { "park_id": "310042", "active_status": "Active", "audit_status": "Make changes and implement", "live_op_total_cap": 5, "approved_ua_total_cap": 5, "ua_name": "Bristol, City of" }, "geometry": { "type": "Point", "coordinates": [ -2.57866439999998, 51.436755700000049 ] } },
{ "type": "Feature", "properties": { "park_id": "310043", "active_status": "Inactive (rejected)", "audit_status": "Rejected", "live_op_total_cap": 0, "approved_ua_total_cap": 0, "ua_name": "Bristol, City of" }, "geometry": { "type": "Point", "coordinates": [ -2.584539699999937, 51.437431 ] } },
{ "type": "Feature", "properties": { "park_id": "310044", "active_status": "Inactive (rejected)", "audit_status": "Rejected", "live_op_total_cap": 0, "approved_ua_total_cap": 0, "ua_name": "Bristol, City of" }, "geometry": { "type": "Point", "coordinates": [ -2.586824199999967, 51.437231600000075 ] } },
{ "type": "Feature", "properties": { "park_id": "310045", "active_status": "Active", "audit_status": "Make changes and resubmit", "live_op_total_cap": 4, "approved_ua_total_cap": 4, "ua_name": "Bristol, City of" }, "geometry": { "type": "Point", "coordinates": [ -2.588146, 51.437201 ] } },
{ "type": "Feature", "properties": { "park_id": "310046", "active_status": "Active", "audit_status": "Ready for UA review", "live_op_total_cap": 0, "approved_ua_total_cap": 0, "ua_name": "Bristol, City of" }, "geometry": { "type": "Point", "coordinates": [ -2.59166689999995, 51.431693700000039 ] } },
{ "type": "Feature", "properties": { "park_id": "310047", "active_status": "Inactive (rejected)", "audit_status": "Rejected", "live_op_total_cap": 0, "approved_ua_total_cap": 0, "ua_name": "Bristol, City of" }, "geometry": { "type": "Point", "coordinates": [ -2.594073599999945, 51.430186100000071 ] } },
{ "type": "Feature", "properties": { "park_id": "310048", "active_status": "Active", "audit_status": "Ready for UA review", "live_op_total_cap": 0, "approved_ua_total_cap": 0, "ua_name": "Bristol, City of" }, "geometry": { "type": "Point", "coordinates": [ -2.586941399999944, 51.428003800000056 ] } },
{ "type": "Feature", "properties": { "park_id": "310049", "active_status": "Inactive (rejected)", "audit_status": "Rejected", "live_op_total_cap": 0, "approved_ua_total_cap": 0, "ua_name": "Bristol, City of" }, "geometry": { "type": "Point", "coordinates": [ -2.585678599999937, 51.428098100000057 ] } },
{ "type": "Feature", "properties": { "park_id": "310050", "active_status": "Active", "audit_status": "Ready for UA review", "live_op_total_cap": 0, "approved_ua_total_cap": 0, "ua_name": "Bristol, City of" }, "geometry": { "type": "Point", "coordinates": [ -2.584848299999976, 51.428863100000058 ] } },
{ "type": "Feature", "properties": { "park_id": "310051", "active_status": "Inactive (rejected)", "audit_status": "Rejected", "live_op_total_cap": 0, "approved_ua_total_cap": 0, "ua_name": "Bristol, City of" }, "geometry": { "type": "Point", "coordinates": [ -2.574586699999941, 51.43082 ] } },
{ "type": "Feature", "properties": { "park_id": "310052", "active_status": "Active", "audit_status": "Approved and implement", "live_op_total_cap": 5, "approved_ua_total_cap": 5, "ua_name": "Bristol, City of" }, "geometry": { "type": "Point", "coordinates": [ -2.572106499999961, 51.430016600000044 ] } },
{ "type": "Feature", "properties": { "park_id": "310053", "active_status": "Inactive (rejected)", "audit_status": "Rejected", "live_op_total_cap": 0, "approved_ua_total_cap": 0, "ua_name": "Bristol, City of" }, "geometry": { "type": "Point", "coordinates": [ -2.572722099999964, 51.435465200000067 ] } },
{ "type": "Feature", "properties": { "park_id": "310055", "active_status": "Active", "audit_status": "Ready for UA review", "live_op_total_cap": 0, "approved_ua_total_cap": 0, "ua_name": "Bristol, City of" }, "geometry": { "type": "Point", "coordinates": [ -2.569517299999973, 51.433374700000059 ] } },
{ "type": "Feature", "properties": { "park_id": "310056", "active_status": "Active", "audit_status": "Ready for UA review", "live_op_total_cap": 0, "approved_ua_total_cap": 0, "ua_name": "Bristol, City of" }, "geometry": { "type": "Point", "coordinates": [ -2.568020599999954, 51.433623100000034 ] } },
{ "type": "Feature", "properties": { "park_id": "310057", "active_status": "Inactive (rejected)", "audit_status": "Rejected", "live_op_total_cap": 0, "approved_ua_total_cap": 0, "ua_name": "Bristol, City of" }, "geometry": { "type": "Point", "coordinates": [ -2.574585599999978, 51.425176800000031 ] } },
{ "type": "Feature", "properties": { "park_id": "310058", "active_status": "Active", "audit_status": "Make changes and resubmit", "live_op_total_cap": 10, "approved_ua_total_cap": 10, "ua_name": "Bristol, City of" }, "geometry": { "type": "Point", "coordinates": [ -2.586722, 51.449138 ] } },
{ "type": "Feature", "properties": { "park_id": "310059", "active_status": "Inactive (rejected)", "audit_status": "Rejected", "live_op_total_cap": 0, "approved_ua_total_cap": 0, "ua_name": "Bristol, City of" }, "geometry": { "type": "Point", "coordinates": [ -2.610124299999939, 51.453012400000034 ] } },
{ "type": "Feature", "properties": { "park_id": "310060", "active_status": "Inactive (rejected)", "audit_status": "Rejected", "live_op_total_cap": 0, "approved_ua_total_cap": 0, "ua_name": "Bristol, City of" }, "geometry": { "type": "Point", "coordinates": [ -2.609933, 51.45487490000005 ] } },
{ "type": "Feature", "properties": { "park_id": "310061", "active_status": "Active", "audit_status": "Make changes and implement", "live_op_total_cap": 8, "approved_ua_total_cap": 8, "ua_name": "Bristol, City of" }, "geometry": { "type": "Point", "coordinates": [ -2.609225599999945, 51.455647200000044 ] } },
{ "type": "Feature", "properties": { "park_id": "310062", "active_status": "Inactive (rejected)", "audit_status": "Rejected", "live_op_total_cap": 0, "approved_ua_total_cap": 0, "ua_name": "Bristol, City of" }, "geometry": { "type": "Point", "coordinates": [ -2.608062, 51.455916700000046 ] } },
{ "type": "Feature", "properties": { "park_id": "310063", "active_status": "Active", "audit_status": "Make changes and resubmit", "live_op_total_cap": 5, "approved_ua_total_cap": 5, "ua_name": "Bristol, City of" }, "geometry": { "type": "Point", "coordinates": [ -2.590370399999927, 51.451035300000058 ] } },
{ "type": "Feature", "properties": { "park_id": "310065", "active_status": "Active", "audit_status": "Make changes and implement", "live_op_total_cap": 8, "approved_ua_total_cap": 8, "ua_name": "Bristol, City of" }, "geometry": { "type": "Point", "coordinates": [ -2.588444, 51.453225 ] } },
{ "type": "Feature", "properties": { "park_id": "310066", "active_status": "Active", "audit_status": "Make changes and implement", "live_op_total_cap": 8, "approved_ua_total_cap": 8, "ua_name": "Bristol, City of" }, "geometry": { "type": "Point", "coordinates": [ -2.588115, 51.453085 ] } },
{ "type": "Feature", "properties": { "park_id": "310070", "active_status": "Deactivated", "audit_status": "Approved and implement", "live_op_total_cap": 0, "approved_ua_total_cap": 8, "ua_name": "Bristol, City of" }, "geometry": { "type": "Point", "coordinates": [ -2.620426299999963, 51.450441900000044 ] } },
{ "type": "Feature", "properties": { "park_id": "310071", "active_status": "Inactive (rejected)", "audit_status": "Rejected", "live_op_total_cap": 0, "approved_ua_total_cap": 0, "ua_name": "Bristol, City of" }, "geometry": { "type": "Point", "coordinates": [ -2.604492299999947, 51.451405600000044 ] } },
{ "type": "Feature", "properties": { "park_id": "310072", "active_status": "Inactive (rejected)", "audit_status": "Rejected", "live_op_total_cap": 0, "approved_ua_total_cap": 0, "ua_name": "Bristol, City of" }, "geometry": { "type": "Point", "coordinates": [ -2.579469699999947, 51.498929900000064 ] } },
{ "type": "Feature", "properties": { "park_id": "310073", "active_status": "Active", "audit_status": "Ready for UA review", "live_op_total_cap": 0, "approved_ua_total_cap": 0, "ua_name": "Bristol, City of" }, "geometry": { "type": "Point", "coordinates": [ -2.579324799999938, 51.498622300000079 ] } },
{ "type": "Feature", "properties": { "park_id": "310074", "active_status": "Inactive (rejected)", "audit_status": "Rejected", "live_op_total_cap": null, "approved_ua_total_cap": 0, "ua_name": "Bristol, City of" }, "geometry": { "type": "Point", "coordinates": [ -2.57743, 51.49821 ] } },
{ "type": "Feature", "properties": { "park_id": "310075", "active_status": "Active", "audit_status": "Make changes and implement", "live_op_total_cap": 8, "approved_ua_total_cap": 8, "ua_name": "Bristol, City of" }, "geometry": { "type": "Point", "coordinates": [ -2.576076599999965, 51.498038700000052 ] } },
{ "type": "Feature", "properties": { "park_id": "310077", "active_status": "Active", "audit_status": "Approved and implement", "live_op_total_cap": 12, "approved_ua_total_cap": 12, "ua_name": "Bristol, City of" }, "geometry": { "type": "Point", "coordinates": [ -2.583333799999934, 51.45599320000008 ] } },
{ "type": "Feature", "properties": { "park_id": "310078", "active_status": "Inactive (rejected)", "audit_status": "Rejected", "live_op_total_cap": 0, "approved_ua_total_cap": 0, "ua_name": "Bristol, City of" }, "geometry": { "type": "Point", "coordinates": [ -2.583387899999934, 51.456107800000041 ] } },
{ "type": "Feature", "properties": { "park_id": "310079", "active_status": "Active", "audit_status": "Make changes and resubmit", "live_op_total_cap": 5, "approved_ua_total_cap": 5, "ua_name": "Bristol, City of" }, "geometry": { "type": "Point", "coordinates": [ -2.629595799999947, 51.511160600000039 ] } },
{ "type": "Feature", "properties": { "park_id": "310080", "active_status": "Inactive (surplus)", "audit_status": "Approved and implement", "live_op_total_cap": 0, "approved_ua_total_cap": 8, "ua_name": "Bristol, City of" }, "geometry": { "type": "Point", "coordinates": [ -2.627035, 51.511861400000043 ] } },
{ "type": "Feature", "properties": { "park_id": "310081", "active_status": "Active", "audit_status": "Approved and implement", "live_op_total_cap": 6, "approved_ua_total_cap": 6, "ua_name": "Bristol, City of" }, "geometry": { "type": "Point", "coordinates": [ -2.622036299999934, 51.511254700000052 ] } },
{ "type": "Feature", "properties": { "park_id": "310082", "active_status": "Active", "audit_status": "Rejected", "live_op_total_cap": 0, "approved_ua_total_cap": 0, "ua_name": "Bristol, City of" }, "geometry": { "type": "Point", "coordinates": [ -2.619698399999947, 51.511157 ] } },
{ "type": "Feature", "properties": { "park_id": "310083", "active_status": "Deactivated", "audit_status": "Make changes and implement", "live_op_total_cap": 0, "approved_ua_total_cap": 8, "ua_name": "Bristol, City of" }, "geometry": { "type": "Point", "coordinates": [ -2.61965239999995, 51.493092300000058 ] } },
{ "type": "Feature", "properties": { "park_id": "310087", "active_status": "Inactive (undergoing audit process)", "audit_status": "Make changes and resubmit", "live_op_total_cap": 0, "approved_ua_total_cap": 0, "ua_name": "Bristol, City of" }, "geometry": { "type": "Point", "coordinates": [ -2.584156899999925, 51.45765490000008 ] } },
{ "type": "Feature", "properties": { "park_id": "310088", "active_status": "Active", "audit_status": "Ready for UA review", "live_op_total_cap": 0, "approved_ua_total_cap": 0, "ua_name": "Bristol, City of" }, "geometry": { "type": "Point", "coordinates": [ -2.58344459999995, 51.45879160000004 ] } },
{ "type": "Feature", "properties": { "park_id": "310089", "active_status": "Inactive (rejected)", "audit_status": "Rejected", "live_op_total_cap": 0, "approved_ua_total_cap": 0, "ua_name": "Bristol, City of" }, "geometry": { "type": "Point", "coordinates": [ -2.618862099999944, 51.448312300000055 ] } },
{ "type": "Feature", "properties": { "park_id": "310090", "active_status": "Deactivated", "audit_status": "Approved and implement", "live_op_total_cap": 0, "approved_ua_total_cap": 5, "ua_name": "Bristol, City of" }, "geometry": { "type": "Point", "coordinates": [ -2.619805099999951, 51.453893100000073 ] } },
{ "type": "Feature", "properties": { "park_id": "310091", "active_status": "Inactive (rejected)", "audit_status": "Rejected", "live_op_total_cap": 0, "approved_ua_total_cap": 0, "ua_name": "Bristol, City of" }, "geometry": { "type": "Point", "coordinates": [ -2.613688299999978, 51.453897700000027 ] } },
{ "type": "Feature", "properties": { "park_id": "310092", "active_status": "Inactive (rejected)", "audit_status": "Rejected", "live_op_total_cap": 0, "approved_ua_total_cap": 0, "ua_name": "Bristol, City of" }, "geometry": { "type": "Point", "coordinates": [ -2.614989199999968, 51.455585800000051 ] } },
{ "type": "Feature", "properties": { "park_id": "310093", "active_status": "Inactive (rejected)", "audit_status": "Rejected", "live_op_total_cap": 0, "approved_ua_total_cap": 0, "ua_name": "Bristol, City of" }, "geometry": { "type": "Point", "coordinates": [ -2.618467499999952, 51.454504600000064 ] } },
{ "type": "Feature", "properties": { "park_id": "310094", "active_status": "Inactive (rejected)", "audit_status": "Rejected", "live_op_total_cap": 0, "approved_ua_total_cap": 0, "ua_name": "Bristol, City of" }, "geometry": { "type": "Point", "coordinates": [ -2.62556879999994, 51.454304600000057 ] } },
{ "type": "Feature", "properties": { "park_id": "310095", "active_status": "Inactive (rejected)", "audit_status": "Rejected", "live_op_total_cap": 0, "approved_ua_total_cap": 0, "ua_name": "Bristol, City of" }, "geometry": { "type": "Point", "coordinates": [ -2.623458599999935, 51.455969100000061 ] } },
{ "type": "Feature", "properties": { "park_id": "310096", "active_status": "Deactivated", "audit_status": "Approved and implement", "live_op_total_cap": 0, "approved_ua_total_cap": 4, "ua_name": "Bristol, City of" }, "geometry": { "type": "Point", "coordinates": [ -2.625834, 51.462828 ] } },
{ "type": "Feature", "properties": { "park_id": "310098", "active_status": "Inactive (rejected)", "audit_status": "Rejected", "live_op_total_cap": 0, "approved_ua_total_cap": 0, "ua_name": "Bristol, City of" }, "geometry": { "type": "Point", "coordinates": [ -2.616691199999934, 51.470837 ] } },
{ "type": "Feature", "properties": { "park_id": "310099", "active_status": "Active", "audit_status": "Ready for UA review", "live_op_total_cap": 0, "approved_ua_total_cap": 0, "ua_name": "Bristol, City of" }, "geometry": { "type": "Point", "coordinates": [ -2.618107399999928, 51.471696100000031 ] } },
{ "type": "Feature", "properties": { "park_id": "310100", "active_status": "Inactive (rejected)", "audit_status": "Rejected", "live_op_total_cap": 0, "approved_ua_total_cap": 0, "ua_name": "Bristol, City of" }, "geometry": { "type": "Point", "coordinates": [ -2.620084899999938, 51.472411700000066 ] } },
{ "type": "Feature", "properties": { "park_id": "310101", "active_status": "Deactivated", "audit_status": "Rejected", "live_op_total_cap": 0, "approved_ua_total_cap": 9, "ua_name": "Bristol, City of" }, "geometry": { "type": "Point", "coordinates": [ -2.62656579999998, 51.472614200000066 ] } },
{ "type": "Feature", "properties": { "park_id": "310102", "active_status": "Inactive (rejected)", "audit_status": "Rejected", "live_op_total_cap": 0, "approved_ua_total_cap": 0, "ua_name": "Bristol, City of" }, "geometry": { "type": "Point", "coordinates": [ -2.634054699999979, 51.469352400000048 ] } },
{ "type": "Feature", "properties": { "park_id": "310103", "active_status": "Inactive (rejected)", "audit_status": "Rejected", "live_op_total_cap": 0, "approved_ua_total_cap": 0, "ua_name": "Bristol, City of" }, "geometry": { "type": "Point", "coordinates": [ -2.627273899999977, 51.464432600000066 ] } },
{ "type": "Feature", "properties": { "park_id": "310104", "active_status": "Inactive (rejected)", "audit_status": "Rejected", "live_op_total_cap": 0, "approved_ua_total_cap": 0, "ua_name": "Bristol, City of" }, "geometry": { "type": "Point", "coordinates": [ -2.611260799999968, 51.466389700000036 ] } },
{ "type": "Feature", "properties": { "park_id": "310105", "active_status": "Inactive (rejected)", "audit_status": "Rejected", "live_op_total_cap": 0, "approved_ua_total_cap": 0, "ua_name": "Bristol, City of" }, "geometry": { "type": "Point", "coordinates": [ -2.590661699999941, 51.46566260000003 ] } },
{ "type": "Feature", "properties": { "park_id": "310106", "active_status": "Inactive (rejected)", "audit_status": "Rejected", "live_op_total_cap": 0, "approved_ua_total_cap": 0, "ua_name": "Bristol, City of" }, "geometry": { "type": "Point", "coordinates": [ -2.590372, 51.465718 ] } },
{ "type": "Feature", "properties": { "park_id": "310107", "active_status": "Inactive (rejected)", "audit_status": "Rejected", "live_op_total_cap": 0, "approved_ua_total_cap": 0, "ua_name": "Bristol, City of" }, "geometry": { "type": "Point", "coordinates": [ -2.595131899999956, 51.476147300000036 ] } },
{ "type": "Feature", "properties": { "park_id": "310108", "active_status": "Inactive (rejected)", "audit_status": "Rejected", "live_op_total_cap": 0, "approved_ua_total_cap": 0, "ua_name": "Bristol, City of" }, "geometry": { "type": "Point", "coordinates": [ -2.610756599999945, 51.472686600000031 ] } },
{ "type": "Feature", "properties": { "park_id": "310109", "active_status": "Active", "audit_status": "Rejected", "live_op_total_cap": 15, "approved_ua_total_cap": 15, "ua_name": "Bristol, City of" }, "geometry": { "type": "Point", "coordinates": [ -2.591363199999932, 51.463925400000051 ] } },
{ "type": "Feature", "properties": { "park_id": "310110", "active_status": "Inactive (rejected)", "audit_status": "Rejected", "live_op_total_cap": 0, "approved_ua_total_cap": 0, "ua_name": "Bristol, City of" }, "geometry": { "type": "Point", "coordinates": [ -2.597859099999937, 51.460793500000079 ] } },
{ "type": "Feature", "properties": { "park_id": "310111", "active_status": "Inactive (rejected)", "audit_status": "Rejected", "live_op_total_cap": 0, "approved_ua_total_cap": 0, "ua_name": "Bristol, City of" }, "geometry": { "type": "Point", "coordinates": [ -2.616726299999925, 51.468762100000049 ] } },
{ "type": "Feature", "properties": { "park_id": "310112", "active_status": "Active", "audit_status": " ", "live_op_total_cap": 9, "approved_ua_total_cap": 9, "ua_name": "Bristol, City of" }, "geometry": { "type": "Point", "coordinates": [ -2.606538499999942, 51.479339200000027 ] } },
{ "type": "Feature", "properties": { "park_id": "310114", "active_status": "Active", "audit_status": "Ready for UA review", "live_op_total_cap": 0, "approved_ua_total_cap": 0, "ua_name": "Bristol, City of" }, "geometry": { "type": "Point", "coordinates": [ -2.617245899999944, 51.48826280000003 ] } },
{ "type": "Feature", "properties": { "park_id": "310115", "active_status": "Inactive (rejected)", "audit_status": "Rejected", "live_op_total_cap": null, "approved_ua_total_cap": 0, "ua_name": "Bristol, City of" }, "geometry": { "type": "Point", "coordinates": [ -2.59816, 51.51271 ] } },
{ "type": "Feature", "properties": { "park_id": "310116", "active_status": "Active", "audit_status": " ", "live_op_total_cap": 7, "approved_ua_total_cap": 7, "ua_name": "Bristol, City of" }, "geometry": { "type": "Point", "coordinates": [ -2.626855899999953, 51.511791100000039 ] } },
{ "type": "Feature", "properties": { "park_id": "310117", "active_status": "Inactive (rejected)", "audit_status": "Rejected", "live_op_total_cap": 0, "approved_ua_total_cap": 0, "ua_name": "Bristol, City of" }, "geometry": { "type": "Point", "coordinates": [ -2.588805099999945, 51.446917700000029 ] } },
{ "type": "Feature", "properties": { "park_id": "310118", "active_status": "Inactive (rejected)", "audit_status": "Rejected", "live_op_total_cap": 0, "approved_ua_total_cap": 0, "ua_name": "Bristol, City of" }, "geometry": { "type": "Point", "coordinates": [ -2.584197399999937, 51.459315 ] } },
{ "type": "Feature", "properties": { "park_id": "310119", "active_status": "Inactive (rejected)", "audit_status": "Rejected", "live_op_total_cap": 0, "approved_ua_total_cap": 0, "ua_name": "Bristol, City of" }, "geometry": { "type": "Point", "coordinates": [ -2.602084299999945, 51.451712900000075 ] } },
{ "type": "Feature", "properties": { "park_id": "310121", "active_status": "Inactive (rejected)", "audit_status": "Rejected", "live_op_total_cap": 0, "approved_ua_total_cap": 0, "ua_name": "Bristol, City of" }, "geometry": { "type": "Point", "coordinates": [ -2.592136799999935, 51.457828 ] } },
{ "type": "Feature", "properties": { "park_id": "310122", "active_status": "Inactive (rejected)", "audit_status": "Rejected", "live_op_total_cap": 0, "approved_ua_total_cap": 0, "ua_name": "Bristol, City of" }, "geometry": { "type": "Point", "coordinates": [ -2.598056199999974, 51.454364500000054 ] } },
{ "type": "Feature", "properties": { "park_id": "310123", "active_status": "Inactive (rejected)", "audit_status": "Rejected", "live_op_total_cap": 0, "approved_ua_total_cap": 0, "ua_name": "Bristol, City of" }, "geometry": { "type": "Point", "coordinates": [ -2.599162599999943, 51.454458500000044 ] } },
{ "type": "Feature", "properties": { "park_id": "310124", "active_status": "Active", "audit_status": " ", "live_op_total_cap": 9, "approved_ua_total_cap": 9, "ua_name": "Bristol, City of" }, "geometry": { "type": "Point", "coordinates": [ -2.599703899999952, 51.454278100000067 ] } },
{ "type": "Feature", "properties": { "park_id": "310125", "active_status": "Active", "audit_status": " ", "live_op_total_cap": 10, "approved_ua_total_cap": 10, "ua_name": "Bristol, City of" }, "geometry": { "type": "Point", "coordinates": [ -2.602192, 51.452861 ] } },
{ "type": "Feature", "properties": { "park_id": "310126", "active_status": "Inactive (rejected)", "audit_status": "Rejected", "live_op_total_cap": 0, "approved_ua_total_cap": 0, "ua_name": "Bristol, City of" }, "geometry": { "type": "Point", "coordinates": [ -2.602627499999926, 51.452510200000063 ] } },
{ "type": "Feature", "properties": { "park_id": "310127", "active_status": "Active", "audit_status": "Ready for UA review", "live_op_total_cap": 0, "approved_ua_total_cap": 0, "ua_name": "Bristol, City of" }, "geometry": { "type": "Point", "coordinates": [ -2.595142299999964, 51.506516800000043 ] } },
{ "type": "Feature", "properties": { "park_id": "310128", "active_status": "Inactive (rejected)", "audit_status": "Rejected", "live_op_total_cap": 0, "approved_ua_total_cap": 0, "ua_name": "Bristol, City of" }, "geometry": { "type": "Point", "coordinates": [ -2.584074, 51.458999600000027 ] } },
{ "type": "Feature", "properties": { "park_id": "310129", "active_status": "Inactive (rejected)", "audit_status": "Rejected", "live_op_total_cap": 0, "approved_ua_total_cap": 0, "ua_name": "Bristol, City of" }, "geometry": { "type": "Point", "coordinates": [ -2.581098499999939, 51.479705200000069 ] } },
{ "type": "Feature", "properties": { "park_id": "310132", "active_status": "Inactive (rejected)", "audit_status": "Rejected", "live_op_total_cap": 0, "approved_ua_total_cap": 0, "ua_name": "Bristol, City of" }, "geometry": { "type": "Point", "coordinates": [ -2.580855699999972, 51.475235600000076 ] } },
{ "type": "Feature", "properties": { "park_id": "310133", "active_status": "Active", "audit_status": " ", "live_op_total_cap": 6, "approved_ua_total_cap": 6, "ua_name": "Bristol, City of" }, "geometry": { "type": "Point", "coordinates": [ -2.576252, 51.462613 ] } },
{ "type": "Feature", "properties": { "park_id": "310134", "active_status": "Inactive (rejected)", "audit_status": "Rejected", "live_op_total_cap": 0, "approved_ua_total_cap": 0, "ua_name": "Bristol, City of" }, "geometry": { "type": "Point", "coordinates": [ -2.570213599999931, 51.489179500000034 ] } },
{ "type": "Feature", "properties": { "park_id": "310136", "active_status": "Active", "audit_status": " ", "live_op_total_cap": 4, "approved_ua_total_cap": 4, "ua_name": "Bristol, City of" }, "geometry": { "type": "Point", "coordinates": [ -2.51835269999998, 51.491474 ] } },
{ "type": "Feature", "properties": { "park_id": "310137", "active_status": "Active", "audit_status": " ", "live_op_total_cap": 6, "approved_ua_total_cap": 6, "ua_name": "Bristol, City of" }, "geometry": { "type": "Point", "coordinates": [ -2.51862269999998, 51.491736300000071 ] } },
{ "type": "Feature", "properties": { "park_id": "310138", "active_status": "Active", "audit_status": " ", "live_op_total_cap": 6, "approved_ua_total_cap": 6, "ua_name": "Bristol, City of" }, "geometry": { "type": "Point", "coordinates": [ -2.519830899999931, 51.487698600000044 ] } },
{ "type": "Feature", "properties": { "park_id": "310140", "active_status": "Inactive (rejected)", "audit_status": "Rejected", "live_op_total_cap": 0, "approved_ua_total_cap": 0, "ua_name": "Bristol, City of" }, "geometry": { "type": "Point", "coordinates": [ -2.617487799999935, 51.455279300000029 ] } },
{ "type": "Feature", "properties": { "park_id": "310141", "active_status": "Inactive (rejected)", "audit_status": "Rejected", "live_op_total_cap": 0, "approved_ua_total_cap": 0, "ua_name": "Bristol, City of" }, "geometry": { "type": "Point", "coordinates": [ -2.581308799999931, 51.461863900000026 ] } },
{ "type": "Feature", "properties": { "park_id": "310142", "active_status": "Active", "audit_status": " ", "live_op_total_cap": 12, "approved_ua_total_cap": 12, "ua_name": "Bristol, City of" }, "geometry": { "type": "Point", "coordinates": [ -2.580399899999975, 51.461895700000071 ] } },
{ "type": "Feature", "properties": { "park_id": "310145", "active_status": "Active", "audit_status": " ", "live_op_total_cap": 4, "approved_ua_total_cap": 4, "ua_name": "Bristol, City of" }, "geometry": { "type": "Point", "coordinates": [ -2.592507, 51.444713 ] } },
{ "type": "Feature", "properties": { "park_id": "310146", "active_status": "Inactive (rejected)", "audit_status": "Rejected", "live_op_total_cap": 0, "approved_ua_total_cap": 8, "ua_name": "Bristol, City of" }, "geometry": { "type": "Point", "coordinates": [ -2.594006399999955, 51.443989300000055 ] } },
{ "type": "Feature", "properties": { "park_id": "310148", "active_status": "Active", "audit_status": " ", "live_op_total_cap": 10, "approved_ua_total_cap": 10, "ua_name": "Bristol, City of" }, "geometry": { "type": "Point", "coordinates": [ -2.6101, 51.463452 ] } },
{ "type": "Feature", "properties": { "park_id": "310149", "active_status": "Active", "audit_status": " ", "live_op_total_cap": 5, "approved_ua_total_cap": 5, "ua_name": "Bristol, City of" }, "geometry": { "type": "Point", "coordinates": [ -2.623395899999934, 51.432983600000057 ] } },
{ "type": "Feature", "properties": { "park_id": "310150", "active_status": "Inactive (rejected)", "audit_status": "Rejected", "live_op_total_cap": 0, "approved_ua_total_cap": 0, "ua_name": "Bristol, City of" }, "geometry": { "type": "Point", "coordinates": [ -2.574597499999925, 51.468458800000064 ] } },
{ "type": "Feature", "properties": { "park_id": "310151", "active_status": "Inactive (rejected)", "audit_status": "Rejected", "live_op_total_cap": 0, "approved_ua_total_cap": 0, "ua_name": "Bristol, City of" }, "geometry": { "type": "Point", "coordinates": [ -2.568841099999929, 51.455752700000062 ] } },
{ "type": "Feature", "properties": { "park_id": "310155", "active_status": "Active", "audit_status": " ", "live_op_total_cap": 10, "approved_ua_total_cap": 10, "ua_name": "Bristol, City of" }, "geometry": { "type": "Point", "coordinates": [ -2.571631799999977, 51.453477200000066 ] } },
{ "type": "Feature", "properties": { "park_id": "310159", "active_status": "Active", "audit_status": "Ready for UA review", "live_op_total_cap": 0, "approved_ua_total_cap": 0, "ua_name": "Bristol, City of" }, "geometry": { "type": "Point", "coordinates": [ -2.623605099999963, 51.440033500000027 ] } },
{ "type": "Feature", "properties": { "park_id": "310160", "active_status": "Active", "audit_status": "Ready for UA review", "live_op_total_cap": 0, "approved_ua_total_cap": 0, "ua_name": "Bristol, City of" }, "geometry": { "type": "Point", "coordinates": [ -2.619598399999973, 51.44164950000004 ] } },
{ "type": "Feature", "properties": { "park_id": "310161", "active_status": "Inactive (rejected)", "audit_status": "Rejected", "live_op_total_cap": 0, "approved_ua_total_cap": 0, "ua_name": "Bristol, City of" }, "geometry": { "type": "Point", "coordinates": [ -2.610658099999966, 51.443680800000038 ] } },
{ "type": "Feature", "properties": { "park_id": "310162", "active_status": "Active", "audit_status": " ", "live_op_total_cap": 8, "approved_ua_total_cap": 8, "ua_name": "Bristol, City of" }, "geometry": { "type": "Point", "coordinates": [ -2.602020899999957, 51.492515600000047 ] } },
{ "type": "Feature", "properties": { "park_id": "310163", "active_status": "Inactive (rejected)", "audit_status": "Rejected", "live_op_total_cap": 0, "approved_ua_total_cap": 0, "ua_name": "Bristol, City of" }, "geometry": { "type": "Point", "coordinates": [ -2.620337399999926, 51.436781500000052 ] } },
{ "type": "Feature", "properties": { "park_id": "310164", "active_status": "Inactive (rejected)", "audit_status": "Rejected", "live_op_total_cap": 0, "approved_ua_total_cap": 0, "ua_name": "Bristol, City of" }, "geometry": { "type": "Point", "coordinates": [ -2.615826199999958, 51.434728 ] } },
{ "type": "Feature", "properties": { "park_id": "310165", "active_status": "Inactive (rejected)", "audit_status": "Rejected", "live_op_total_cap": 0, "approved_ua_total_cap": 0, "ua_name": "Bristol, City of" }, "geometry": { "type": "Point", "coordinates": [ -2.614549499999953, 51.43455060000008 ] } },
{ "type": "Feature", "properties": { "park_id": "310166", "active_status": "Inactive (rejected)", "audit_status": "Rejected", "live_op_total_cap": 0, "approved_ua_total_cap": 0, "ua_name": "Bristol, City of" }, "geometry": { "type": "Point", "coordinates": [ -2.628687499999955, 51.443129800000065 ] } },
{ "type": "Feature", "properties": { "park_id": "310168", "active_status": "Inactive (rejected)", "audit_status": "Rejected", "live_op_total_cap": 0, "approved_ua_total_cap": 0, "ua_name": "Bristol, City of" }, "geometry": { "type": "Point", "coordinates": [ -2.600616499999944, 51.440730700000074 ] } },
{ "type": "Feature", "properties": { "park_id": "310169", "active_status": "Active", "audit_status": " ", "live_op_total_cap": 6, "approved_ua_total_cap": 6, "ua_name": "Bristol, City of" }, "geometry": { "type": "Point", "coordinates": [ -2.611761099999967, 51.431789600000059 ] } },
{ "type": "Feature", "properties": { "park_id": "310170", "active_status": "Inactive (rejected)", "audit_status": "Rejected", "live_op_total_cap": 0, "approved_ua_total_cap": 0, "ua_name": "Bristol, City of" }, "geometry": { "type": "Point", "coordinates": [ -2.570977199999959, 51.465192700000046 ] } },
{ "type": "Feature", "properties": { "park_id": "310171", "active_status": "Active", "audit_status": " ", "live_op_total_cap": 12, "approved_ua_total_cap": 12, "ua_name": "Bristol, City of" }, "geometry": { "type": "Point", "coordinates": [ -2.559183799999971, 51.480635100000029 ] } },
{ "type": "Feature", "properties": { "park_id": "310173", "active_status": "Active", "audit_status": " ", "live_op_total_cap": 8, "approved_ua_total_cap": 8, "ua_name": "Bristol, City of" }, "geometry": { "type": "Point", "coordinates": [ -2.546438199999955, 51.483809 ] } },
{ "type": "Feature", "properties": { "park_id": "310174", "active_status": "Active", "audit_status": " ", "live_op_total_cap": 6, "approved_ua_total_cap": 6, "ua_name": "Bristol, City of" }, "geometry": { "type": "Point", "coordinates": [ -2.522621699999945, 51.485693200000071 ] } },
{ "type": "Feature", "properties": { "park_id": "310175", "active_status": "Inactive (rejected)", "audit_status": "Rejected", "live_op_total_cap": 0, "approved_ua_total_cap": 0, "ua_name": "Bristol, City of" }, "geometry": { "type": "Point", "coordinates": [ -2.54219269999993, 51.487648900000067 ] } },
{ "type": "Feature", "properties": { "park_id": "310177", "active_status": "Inactive (rejected)", "audit_status": "Rejected", "live_op_total_cap": 0, "approved_ua_total_cap": 0, "ua_name": "Bristol, City of" }, "geometry": { "type": "Point", "coordinates": [ -2.569648199999961, 51.465065 ] } },
{ "type": "Feature", "properties": { "park_id": "310178", "active_status": "Inactive (rejected)", "audit_status": "Rejected", "live_op_total_cap": 0, "approved_ua_total_cap": 8, "ua_name": "Bristol, City of" }, "geometry": { "type": "Point", "coordinates": [ -2.601635899999962, 51.49251350000003 ] } },
{ "type": "Feature", "properties": { "park_id": "310179", "active_status": "Inactive (rejected)", "audit_status": "Rejected", "live_op_total_cap": 0, "approved_ua_total_cap": 0, "ua_name": "Bristol, City of" }, "geometry": { "type": "Point", "coordinates": [ -2.586320299999954, 51.48455030000008 ] } },
{ "type": "Feature", "properties": { "park_id": "310182", "active_status": "Inactive (rejected)", "audit_status": "Rejected", "live_op_total_cap": 0, "approved_ua_total_cap": 0, "ua_name": "Bristol, City of" }, "geometry": { "type": "Point", "coordinates": [ -2.588049, 51.481421100000034 ] } },
{ "type": "Feature", "properties": { "park_id": "310183", "active_status": "Inactive (rejected)", "audit_status": "Rejected", "live_op_total_cap": 0, "approved_ua_total_cap": 0, "ua_name": "Bristol, City of" }, "geometry": { "type": "Point", "coordinates": [ -2.59032179999997, 51.461838200000045 ] } },
{ "type": "Feature", "properties": { "park_id": "310184", "active_status": "Inactive (rejected)", "audit_status": "Rejected", "live_op_total_cap": 0, "approved_ua_total_cap": 0, "ua_name": "Bristol, City of" }, "geometry": { "type": "Point", "coordinates": [ -2.60140389999998, 51.453235800000073 ] } },
{ "type": "Feature", "properties": { "park_id": "310185", "active_status": "Active", "audit_status": " ", "live_op_total_cap": 6, "approved_ua_total_cap": 6, "ua_name": "Bristol, City of" }, "geometry": { "type": "Point", "coordinates": [ -2.56109749999996, 51.452246900000034 ] } },
{ "type": "Feature", "properties": { "park_id": "310186", "active_status": "Active", "audit_status": " ", "live_op_total_cap": 10, "approved_ua_total_cap": 10, "ua_name": "Bristol, City of" }, "geometry": { "type": "Point", "coordinates": [ -2.569892799999934, 51.448021 ] } },
{ "type": "Feature", "properties": { "park_id": "310187", "active_status": "Active", "audit_status": " ", "live_op_total_cap": 9, "approved_ua_total_cap": 0, "ua_name": "Bristol, City of" }, "geometry": { "type": "Point", "coordinates": [ -2.570266599999968, 51.44823370000006 ] } },
{ "type": "Feature", "properties": { "park_id": "310189", "active_status": "Active", "audit_status": " ", "live_op_total_cap": 12, "approved_ua_total_cap": 12, "ua_name": "Bristol, City of" }, "geometry": { "type": "Point", "coordinates": [ -2.565127799999971, 51.450837300000046 ] } },
{ "type": "Feature", "properties": { "park_id": "310192", "active_status": "Active", "audit_status": " ", "live_op_total_cap": 4, "approved_ua_total_cap": 4, "ua_name": "Bristol, City of" }, "geometry": { "type": "Point", "coordinates": [ -2.546883899999955, 51.482637100000034 ] } },
{ "type": "Feature", "properties": { "park_id": "310193", "active_status": "Active", "audit_status": " ", "live_op_total_cap": 9, "approved_ua_total_cap": 9, "ua_name": "Bristol, City of" }, "geometry": { "type": "Point", "coordinates": [ -2.583931499999949, 51.459916100000044 ] } },
{ "type": "Feature", "properties": { "park_id": "310196", "active_status": "Inactive (rejected)", "audit_status": "Rejected", "live_op_total_cap": 0, "approved_ua_total_cap": 0, "ua_name": "Bristol, City of" }, "geometry": { "type": "Point", "coordinates": [ -2.618049599999949, 51.49492680000003 ] } },
{ "type": "Feature", "properties": { "park_id": "310197", "active_status": "Inactive (rejected)", "audit_status": "Rejected", "live_op_total_cap": 0, "approved_ua_total_cap": 0, "ua_name": "Bristol, City of" }, "geometry": { "type": "Point", "coordinates": [ -2.526398299999926, 51.479889200000059 ] } },
{ "type": "Feature", "properties": { "park_id": "310199", "active_status": "Active", "audit_status": " ", "live_op_total_cap": 8, "approved_ua_total_cap": 8, "ua_name": "Bristol, City of" }, "geometry": { "type": "Point", "coordinates": [ -2.568786899999964, 51.474115400000073 ] } },
{ "type": "Feature", "properties": { "park_id": "310200", "active_status": "Inactive (rejected)", "audit_status": "Rejected", "live_op_total_cap": 0, "approved_ua_total_cap": 0, "ua_name": "Bristol, City of" }, "geometry": { "type": "Point", "coordinates": [ -2.595194, 51.490317800000071 ] } },
{ "type": "Feature", "properties": { "park_id": "310203", "active_status": "Active", "audit_status": " ", "live_op_total_cap": 6, "approved_ua_total_cap": 6, "ua_name": "Bristol, City of" }, "geometry": { "type": "Point", "coordinates": [ -2.576393099999962, 51.457765800000061 ] } },
{ "type": "Feature", "properties": { "park_id": "310204", "active_status": "Active", "audit_status": " ", "live_op_total_cap": 6, "approved_ua_total_cap": 6, "ua_name": "Bristol, City of" }, "geometry": { "type": "Point", "coordinates": [ -2.587737, 51.44378 ] } },
{ "type": "Feature", "properties": { "park_id": "310206", "active_status": "Inactive (rejected)", "audit_status": "Rejected", "live_op_total_cap": 0, "approved_ua_total_cap": 0, "ua_name": "Bristol, City of" }, "geometry": { "type": "Point", "coordinates": [ -2.590500599999928, 51.460178900000074 ] } }
]
}
